ID,LOCAL_DATE,CLIMATE_IDENTIFIER,COOLING_DEGREE_DAYS,COOLING_DEGREE_DAYS_FLAG,DIRECTION_MAX_GUST,DIRECTION_MAX_GUST_FLAG,HEATING_DEGREE_DAYS,HEATING_DEGREE_DAYS_FLAG,LOCAL_DAY,LOCAL_MONTH,LOCAL_YEAR,MAX_TEMPERATURE,MAX_TEMPERATURE_FLAG,MEAN_TEMPERATURE,MEAN_TEMPERATURE_FLAG,MIN_REL_HUMIDITY,MIN_REL_HUMIDITY_FLAG,MIN_TEMPERATURE,MIN_TEMPERATURE_FLAG,PROVINCE_CODE,SNOW_ON_GROUND,SNOW_ON_GROUND_FLAG,SPEED_MAX_GUST,SPEED_MAX_GUST_FLAG,STATION_NAME,STN_ID,TOTAL_PRECIPITATION,TOTAL_PRECIPITATION_FLAG,TOTAL_RAIN,TOTAL_RAIN_FLAG,TOTAL_SNOW,TOTAL_SNOW_FLAG,_GEOMETRY
3012209.2023.1.1,2023-01-01 00:00:00,3012209,0,,,,25.6,,1,1,2023,-2.4,,-7.6,,72,,-12.9,,AB,,,,,EDMONTON BLATCHFORD,27214,,M,,,,,"{""type"": ""Point"", ""coordinates"": [-113.51666944444445, 53.57305777777778]}"
3012209.2023.1.2,2023-01-02 00:00:00,3012209,0,,,,24.5,,2,1,2023,-1.2,,-6.5,,55,,-11.8,,AB,,,,,EDMONTON BLATCHFORD,27214,,M,,,,,"{""type"": ""Point"", ""coordinates"": [-113.51666944444445, 53.57305777777778]}"
3012209.2023.1.3,2023-01-03 00:00:00,3012209,0,,,,28.5,,3,1,2023,-6.5,,-10.5,,73,,-14.6,,AB,,,,,EDMONTON BLATCHFORD,27214,,M,,,,,"{""type"": ""Point"", ""coordinates"": [-113.51666944444445, 53.57305777777778]}"
3012209.2023.1.4,2023-01-04 00:00:00,3012209,0,,,,27.1,,4,1,2023,-2.3,,-9.1,,60,,-15.8,,AB,,,,,EDMONTON BLATCHFORD,27214,,M,,,,,"{""type"": ""Point"", ""coordinates"": [-113.51666944444445, 53.57305777777778]}"
3012209.2023.1.5,2023-01-05 00:00:00,3012209,0,,15,,27.2,,5,1,2023,-2.6,,-9.2,,55,,-15.9,,AB,,,35,,EDMONTON BLATCHFORD,27214,,M,,,,,"{""type"": ""Point"", ""coordinates"": [-113.51666944444445, 53.57305777777778]}"
3012209.2023.1.6,2023-01-06 00:00:00,3012209,0,,,,23.8,,6,1,2023,-1.2,,-5.8,,55,,-10.3,,AB,,,,,EDMONTON BLATCHFORD,27214,,M,,,,,"{""type"": ""Point"", ""coordinates"": [-113.51666944444445, 53.57305777777778]}"
3012209.2023.1.7,2023-01-07 00:00:00,3012209,0,,,,24.6,,7,1,2023,-1.9,,-6.6,,57,,-11.2,,AB,,,,,EDMONTON BLATCHFORD,27214,,M,,,,,"{""type"": ""Point"", ""coordinates"": [-113.51666944444445, 53.57305777777778]}"
3012209.2023.1.8,2023-01-08 00:00:00,3012209,0,,,,25.4,,8,1,2023,-2.7,,-7.4,,64,,-12,,AB,,,,,EDMONTON BLATCHFORD,27214,,M,,,,,"{""type"": ""Point"", ""coordinates"": [-113.51666944444445, 53.57305777777778]}"
3012209.2023.1.9,2023-01-09 00:00:00,3012209,0,,,,24.6,,9,1,2023,-1.3,,-6.6,,70,,-11.9,,AB,,,,,EDMONTON BLATCHFORD,27214,,M,,,,,"{""type"": ""Point"", ""coordinates"": [-113.51666944444445, 53.57305777777778]}"
3012209.2023.1.10,2023-01-10 00:00:00,3012209,0,,,,25.3,,10,1,2023,-4.8,,-7.3,,85,,-9.9,,AB,,,,,EDMONTON BLATCHFORD,27214,,M,,,,,"{""type"": ""Point"", ""coordinates"": [-113.51666944444445, 53.57305777777778]}"
3012209.2023.1.11,2023-01-11 00:00:00,3012209,0,,,,24.2,,11,1,2023,-4.2,,-6.2,,87,,-8.1,,AB,,,,,EDMONTON BLATCHFORD,27214,,M,,,,,"{""type"": ""Point"", ""coordinates"": [-113.51666944444445, 53.57305777777778]}"
3012209.2023.1.12,2023-01-12 00:00:00,3012209,0,,,,28.8,,12,1,2023,-8.1,,-10.8,,77,,-13.4,,AB,,,,,EDMONTON BLATCHFORD,27214,,M,,,,,"{""type"": ""Point"", ""coordinates"": [-113.51666944444445, 53.57305777777778]}"
3012209.2023.1.13,2023-01-13 00:00:00,3012209,0,,,,30.6,,13,1,2023,-10.2,,-12.6,,77,,-14.9,,AB,,,,,EDMONTON BLATCHFORD,27214,,M,,,,,"{""type"": ""Point"", ""coordinates"": [-113.51666944444445, 53.57305777777778]}"
3012209.2023.1.14,2023-01-14 00:00:00,3012209,0,,,,27.7,,14,1,2023,-6.9,,-9.7,,69,,-12.5,,AB,,,,,EDMONTON BLATCHFORD,27214,,M,,,,,"{""type"": ""Point"", ""coordinates"": [-113.51666944444445, 53.57305777777778]}"
3012209.2023.1.15,2023-01-15 00:00:00,3012209,0,,,,26.4,,15,1,2023,-4.3,,-8.4,,81,,-12.4,,AB,,,,,EDMONTON BLATCHFORD,27214,,M,,,,,"{""type"": ""Point"", ""coordinates"": [-113.51666944444445, 53.57305777777778]}"
3012209.2023.1.16,2023-01-16 00:00:00,3012209,0,,,,23.4,,16,1,2023,-4.2,,-5.4,,84,,-6.5,,AB,,,,,EDMONTON BLATCHFORD,27214,,M,,,,,"{""type"": ""Point"", ""coordinates"": [-113.51666944444445, 53.57305777777778]}"
3012209.2023.1.17,2023-01-17 00:00:00,3012209,0,,,,26.4,,17,1,2023,-5.8,,-8.4,,88,,-11,,AB,,,,,EDMONTON BLATCHFORD,27214,,M,,,,,"{""type"": ""Point"", ""coordinates"": [-113.51666944444445, 53.57305777777778]}"
3012209.2023.1.18,2023-01-18 00:00:00,3012209,0,,,,28.7,,18,1,2023,-6.9,,-10.7,,72,,-14.5,,AB,,,,,EDMONTON BLATCHFORD,27214,,M,,,,,"{""type"": ""Point"", ""coordinates"": [-113.51666944444445, 53.57305777777778]}"
3012209.2023.1.19,2023-01-19 00:00:00,3012209,0,,,,24.7,,19,1,2023,0.5,,-6.7,,51,,-13.9,,AB,,,,,EDMONTON BLATCHFORD,27214,,M,,,,,"{""type"": ""Point"", ""coordinates"": [-113.51666944444445, 53.57305777777778]}"
3012209.2023.1.20,2023-01-20 00:00:00,3012209,0,,,,21.1,,20,1,2023,2.7,,-3.1,,50,,-8.8,,AB,,,,,EDMONTON BLATCHFORD,27214,,M,,,,,"{""type"": ""Point"", ""coordinates"": [-113.51666944444445, 53.57305777777778]}"
3012209.2023.1.21,2023-01-21 00:00:00,3012209,0,,,,15.1,,21,1,2023,8.1,,2.9,,47,,-2.3,,AB,,,,,EDMONTON BLATCHFORD,27214,,M,,,,,"{""type"": ""Point"", ""coordinates"": [-113.51666944444445, 53.57305777777778]}"
3012209.2023.1.22,2023-01-22 00:00:00,3012209,0,,30,,18.6,,22,1,2023,3.4,,-0.6,,57,,-4.6,,AB,,,43,,EDMONTON BLATCHFORD,27214,,M,,,,,"{""type"": ""Point"", ""coordinates"": [-113.51666944444445, 53.57305777777778]}"
3012209.2023.1.23,2023-01-23 00:00:00,3012209,0,,31,,20,,23,1,2023,3.2,,-2,,58,,-7.3,,AB,,,57,,EDMONTON BLATCHFORD,27214,,M,,,,,"{""type"": ""Point"", ""coordinates"": [-113.51666944444445, 53.57305777777778]}"
3012209.2023.1.24,2023-01-24 00:00:00,3012209,0,,31,,18.5,,24,1,2023,3.3,,-0.5,,64,,-4.3,,AB,,,41,,EDMONTON BLATCHFORD,27214,,M,,,,,"{""type"": ""Point"", ""coordinates"": [-113.51666944444445, 53.57305777777778]}"
3012209.2023.1.25,2023-01-25 00:00:00,3012209,0,,,,17.4,,25,1,2023,5.8,,0.6,,59,,-4.5,,AB,,,,,EDMONTON BLATCHFORD,27214,,M,,,,,"{""type"": ""Point"", ""coordinates"": [-113.51666944444445, 53.57305777777778]}"
3012209.2023.1.26,2023-01-26 00:00:00,3012209,0,,33,,13.4,,26,1,2023,6.9,,4.6,,53,,2.3,,AB,,,56,,EDMONTON BLATCHFORD,27214,,M,,,,,"{""type"": ""Point"", ""coordinates"": [-113.51666944444445, 53.57305777777778]}"
3012209.2023.1.27,2023-01-27 00:00:00,3012209,0,,36,,24.4,,27,1,2023,2.7,,-6.4,,64,,-15.5,,AB,,,36,,EDMONTON BLATCHFORD,27214,,M,,,,,"{""type"": ""Point"", ""coordinates"": [-113.51666944444445, 53.57305777777778]}"
3012209.2023.1.28,2023-01-28 00:00:00,3012209,0,,31,,34.8,,28,1,2023,-15,,-16.8,,55,,-18.6,,AB,,,44,,EDMONTON BLATCHFORD,27214,,M,,,,,"{""type"": ""Point"", ""coordinates"": [-113.51666944444445, 53.57305777777778]}"
3012209.2023.1.29,2023-01-29 00:00:00,3012209,0,,35,,33.6,,29,1,2023,-10.7,,-15.6,,51,,-20.6,,AB,,,43,,EDMONTON BLATCHFORD,27214,,M,,,,,"{""type"": ""Point"", ""coordinates"": [-113.51666944444445, 53.57305777777778]}"
3012209.2023.1.30,2023-01-30 00:00:00,3012209,0,,35,,29.7,,30,1,2023,-8.5,,-11.7,,60,,-14.8,,AB,,,33,,EDMONTON BLATCHFORD,27214,,M,,,,,"{""type"": ""Point"", ""coordinates"": [-113.51666944444445, 53.57305777777778]}"
3012209.2023.1.31,2023-01-31 00:00:00,3012209,0,,,,28.1,,31,1,2023,-7.8,,-10.1,,69,,-12.4,,AB,,,,,EDMONTON BLATCHFORD,27214,,M,,,,,"{""type"": ""Point"", ""coordinates"": [-113.51666944444445, 53.57305777777778]}"
3012209.2023.2.1,2023-02-01 00:00:00,3012209,0,,35,,33.7,,1,2,2023,-10.6,,-15.7,,65,,-20.9,,AB,,,33,,EDMONTON BLATCHFORD,27214,,M,,,,,"{""type"": ""Point"", ""coordinates"": [-113.51666944444445, 53.57305777777778]}"
3012209.2023.2.2,2023-02-02 00:00:00,3012209,0,,17,,35.2,,2,2,2023,-13.4,,-17.2,,65,,-21.1,,AB,,,37,,EDMONTON BLATCHFORD,27214,,M,,,,,"{""type"": ""Point"", ""coordinates"": [-113.51666944444445, 53.57305777777778]}"
3012209.2023.2.3,2023-02-03 00:00:00,3012209,0,,,,23,,3,2,2023,5.1,,-5,,46,,-15,,AB,,,,,EDMONTON BLATCHFORD,27214,,M,,,,,"{""type"": ""Point"", ""coordinates"": [-113.51666944444445, 53.57305777777778]}"
3012209.2023.2.4,2023-02-04 00:00:00,3012209,0,,,,16.5,,4,2,2023,7.2,,1.5,,46,,-4.2,,AB,,,,,EDMONTON BLATCHFORD,27214,,M,,,,,"{""type"": ""Point"", ""coordinates"": [-113.51666944444445, 53.57305777777778]}"
3012209.2023.2.5,2023-02-05 00:00:00,3012209,0,,28,,17.7,,5,2,2023,6.1,,0.3,,48,,-5.5,,AB,,,36,,EDMONTON BLATCHFORD,27214,,M,,,,,"{""type"": ""Point"", ""coordinates"": [-113.51666944444445, 53.57305777777778]}"
3012209.2023.2.6,2023-02-06 00:00:00,3012209,0,,32,,18,,6,2,2023,6.3,,0,,44,,-6.2,,AB,,,38,,EDMONTON BLATCHFORD,27214,,M,,,,,"{""type"": ""Point"", ""coordinates"": [-113.51666944444445, 53.57305777777778]}"
3012209.2023.2.7,2023-02-07 00:00:00,3012209,0,,29,,17.6,,7,2,2023,5.5,,0.4,,39,,-4.8,,AB,,,33,,EDMONTON BLATCHFORD,27214,,M,,,,,"{""type"": ""Point"", ""coordinates"": [-113.51666944444445, 53.57305777777778]}"
3012209.2023.2.8,2023-02-08 00:00:00,3012209,0,,,,19.5,,8,2,2023,2.5,,-1.5,,59,,-5.5,,AB,,,,,EDMONTON BLATCHFORD,27214,,M,,,,,"{""type"": ""Point"", ""coordinates"": [-113.51666944444445, 53.57305777777778]}"
3012209.2023.2.9,2023-02-09 00:00:00,3012209,0,,,,22.6,,9,2,2023,1.1,,-4.6,,45,,-10.2,,AB,,,,,EDMONTON BLATCHFORD,27214,,M,,,,,"{""type"": ""Point"", ""coordinates"": [-113.51666944444445, 53.57305777777778]}"
3012209.2023.2.10,2023-02-10 00:00:00,3012209,0,,27,,17.2,,10,2,2023,7.3,,0.8,,40,,-5.7,,AB,,,40,,EDMONTON BLATCHFORD,27214,,M,,,,,"{""type"": ""Point"", ""coordinates"": [-113.51666944444445, 53.57305777777778]}"
3012209.2023.2.11,2023-02-11 00:00:00,3012209,0,,,,17.7,,11,2,2023,5.8,,0.3,,35,,-5.1,,AB,,,,,EDMONTON BLATCHFORD,27214,,M,,,,,"{""type"": ""Point"", ""coordinates"": [-113.51666944444445, 53.57305777777778]}"
3012209.2023.2.12,2023-02-12 00:00:00,3012209,0,,,,18.1,,12,2,2023,5.4,,-0.1,,42,,-5.7,,AB,,,,,EDMONTON BLATCHFORD,27214,,M,,,,,"{""type"": ""Point"", ""coordinates"": [-113.51666944444445, 53.57305777777778]}"
3012209.2023.2.13,2023-02-13 00:00:00,3012209,0,,30,,19.9,,13,2,2023,3.9,,-1.9,,49,,-7.6,,AB,,,56,,EDMONTON BLATCHFORD,27214,,M,,,,,"{""type"": ""Point"", ""coordinates"": [-113.51666944444445, 53.57305777777778]}"
3012209.2023.2.14,2023-02-14 00:00:00,3012209,0,,,,25.8,,14,2,2023,-3.6,,-7.8,,62,,-12,,AB,,,,,EDMONTON BLATCHFORD,27214,,M,,,,,"{""type"": ""Point"", ""coordinates"": [-113.51666944444445, 53.57305777777778]}"
3012209.2023.2.15,2023-02-15 00:00:00,3012209,0,,,,24.6,,15,2,2023,-3.5,,-6.6,,64,,-9.7,,AB,,,,,EDMONTON BLATCHFORD,27214,,M,,,,,"{""type"": ""Point"", ""coordinates"": [-113.51666944444445, 53.57305777777778]}"
3012209.2023.2.16,2023-02-16 00:00:00,3012209,,M,,M,,M,16,2,2023,,M,,M,,M,,M,AB,,,,M,EDMONTON BLATCHFORD,27214,,M,,,,,"{""type"": ""Point"", ""coordinates"": [-113.51666944444445, 53.57305777777778]}"
3012209.2023.2.17,2023-02-17 00:00:00,3012209,,M,,M,,M,17,2,2023,,M,,M,,M,,M,AB,,,,M,EDMONTON BLATCHFORD,27214,,M,,,,,"{""type"": ""Point"", ""coordinates"": [-113.51666944444445, 53.57305777777778]}"
3012209.2023.2.18,2023-02-18 00:00:00,3012209,0,,,,23.3,,18,2,2023,0.1,,-5.3,,52,,-10.7,,AB,,,,,EDMONTON BLATCHFORD,27214,,M,,,,,"{""type"": ""Point"", ""coordinates"": [-113.51666944444445, 53.57305777777778]}"
3012209.2023.2.19,2023-02-19 00:00:00,3012209,0,,,,23.9,,19,2,2023,-1.2,,-5.9,,74,,-10.6,,AB,,,,,EDMONTON BLATCHFORD,27214,,M,,,,,"{""type"": ""Point"", ""coordinates"": [-113.51666944444445, 53.57305777777778]}"
3012209.2023.2.20,2023-02-20 00:00:00,3012209,0,,,,28.8,,20,2,2023,-8,,-10.8,,48,,-13.5,,AB,,,,,EDMONTON BLATCHFORD,27214,,M,,,,,"{""type"": ""Point"", ""coordinates"": [-113.51666944444445, 53.57305777777778]}"
3012209.2023.2.21,2023-02-21 00:00:00,3012209,0,,,,35.9,,21,2,2023,-13.5,,-17.9,,59,,-22.3,,AB,,,,,EDMONTON BLATCHFORD,27214,,M,,,,,"{""type"": ""Point"", ""coordinates"": [-113.51666944444445, 53.57305777777778]}"
3012209.2023.2.22,2023-02-22 00:00:00,3012209,0,,,,43,,22,2,2023,-22.3,,-25,,63,,-27.8,,AB,,,,,EDMONTON BLATCHFORD,27214,,M,,,,,"{""type"": ""Point"", ""coordinates"": [-113.51666944444445, 53.57305777777778]}"
3012209.2023.2.23,2023-02-23 00:00:00,3012209,0,,,,40.6,,23,2,2023,-20.2,,-22.6,,61,,-25,,AB,,,,,EDMONTON BLATCHFORD,27214,,M,,,,,"{""type"": ""Point"", ""coordinates"": [-113.51666944444445, 53.57305777777778]}"
3012209.2023.2.24,2023-02-24 00:00:00,3012209,0,,,,42.1,,24,2,2023,-20.3,,-24.1,,51,,-27.9,,AB,,,,,EDMONTON BLATCHFORD,27214,,M,,,,,"{""type"": ""Point"", ""coordinates"": [-113.51666944444445, 53.57305777777778]}"
3012209.2023.2.25,2023-02-25 00:00:00,3012209,0,,,,31.9,,25,2,2023,-6.3,,-13.9,,57,,-21.6,,AB,,,,,EDMONTON BLATCHFORD,27214,0,,,,,,"{""type"": ""Point"", ""coordinates"": [-113.51666944444445, 53.57305777777778]}"
3012209.2023.2.26,2023-02-26 00:00:00,3012209,0,,,,29.6,,26,2,2023,-8,,-11.6,,55,,-15.1,,AB,,,,,EDMONTON BLATCHFORD,27214,0,,,,,,"{""type"": ""Point"", ""coordinates"": [-113.51666944444445, 53.57305777777778]}"
3012209.2023.2.27,2023-02-27 00:00:00,3012209,0,,,,25.6,,27,2,2023,-3,,-7.6,,47,,-12.3,,AB,,,,,EDMONTON BLATCHFORD,27214,0,,,,,,"{""type"": ""Point"", ""coordinates"": [-113.51666944444445, 53.57305777777778]}"
3012209.2023.2.28,2023-02-28 00:00:00,3012209,0,,,,30.5,,28,2,2023,-10.2,,-12.5,,70,,-14.8,,AB,,,,,EDMONTON BLATCHFORD,27214,0.2,,,,,,"{""type"": ""Point"", ""coordinates"": [-113.51666944444445, 53.57305777777778]}"
3012209.2023.3.1,2023-03-01 00:00:00,3012209,0,,,,27.7,,1,3,2023,-6.6,,-9.7,,62,,-12.9,,AB,,,,,EDMONTON BLATCHFORD,27214,0.2,,,,,,"{""type"": ""Point"", ""coordinates"": [-113.51666944444445, 53.57305777777778]}"
3012209.2023.3.2,2023-03-02 00:00:00,3012209,0,,35,,19,,2,3,2023,6.2,,-1,,30,,-8.1,,AB,,,47,,EDMONTON BLATCHFORD,27214,0,,,,,,"{""type"": ""Point"", ""coordinates"": [-113.51666944444445, 53.57305777777778]}"
3012209.2023.3.3,2023-03-03 00:00:00,3012209,0,,30,,21.5,,3,3,2023,1.5,,-3.5,,35,,-8.6,,AB,,,34,,EDMONTON BLATCHFORD,27214,0,,,,,,"{""type"": ""Point"", ""coordinates"": [-113.51666944444445, 53.57305777777778]}"
3012209.2023.3.4,2023-03-04 00:00:00,3012209,0,,,,28.7,,4,3,2023,-7.5,,-10.7,,49,,-14,,AB,,,,,EDMONTON BLATCHFORD,27214,0,,,,,,"{""type"": ""Point"", ""coordinates"": [-113.51666944444445, 53.57305777777778]}"
3012209.2023.3.5,2023-03-05 00:00:00,3012209,0,,,,33.6,,5,3,2023,-13.1,,-15.6,,60,,-18.1,,AB,,,,,EDMONTON BLATCHFORD,27214,0.2,,,,,,"{""type"": ""Point"", ""coordinates"": [-113.51666944444445, 53.57305777777778]}"
3012209.2023.3.6,2023-03-06 00:00:00,3012209,0,,,,33.7,,6,3,2023,-13.9,,-15.7,,66,,-17.4,,AB,,,,,EDMONTON BLATCHFORD,27214,0.4,,,,,,"{""type"": ""Point"", ""coordinates"": [-113.51666944444445, 53.57305777777778]}"
3012209.2023.3.7,2023-03-07 00:00:00,3012209,0,,13,,31,,7,3,2023,-9.2,,-13,,63,,-16.8,,AB,,,33,,EDMONTON BLATCHFORD,27214,0.3,,,,,,"{""type"": ""Point"", ""coordinates"": [-113.51666944444445, 53.57305777777778]}"
3012209.2023.3.8,2023-03-08 00:00:00,3012209,0,,,,34.6,,8,3,2023,-13.5,,-16.6,,65,,-19.6,,AB,,,,,EDMONTON BLATCHFORD,27214,0,,,,,,"{""type"": ""Point"", ""coordinates"": [-113.51666944444445, 53.57305777777778]}"
3012209.2023.3.9,2023-03-09 00:00:00,3012209,0,,16,,32.6,,9,3,2023,-10.6,,-14.6,,62,,-18.5,,AB,,,39,,EDMONTON BLATCHFORD,27214,0,,,,,,"{""type"": ""Point"", ""coordinates"": [-113.51666944444445, 53.57305777777778]}"
3012209.2023.3.10,2023-03-10 00:00:00,3012209,0,,,,31.4,,10,3,2023,-9.5,,-13.4,,67,,-17.3,,AB,,,,,EDMONTON BLATCHFORD,27214,0,,,,,,"{""type"": ""Point"", ""coordinates"": [-113.51666944444445, 53.57305777777778]}"
3012209.2023.3.11,2023-03-11 00:00:00,3012209,0,,,,29.2,,11,3,2023,-5.8,,-11.2,,59,,-16.6,,AB,,,,,EDMONTON BLATCHFORD,27214,0.2,,,,,,"{""type"": ""Point"", ""coordinates"": [-113.51666944444445, 53.57305777777778]}"
3012209.2023.3.12,2023-03-12 00:00:00,3012209,0,,,,29.7,,12,3,2023,-6.6,,-11.7,,64,,-16.9,,AB,,,,,EDMONTON BLATCHFORD,27214,0,,,,,,"{""type"": ""Point"", ""coordinates"": [-113.51666944444445, 53.57305777777778]}"
3012209.2023.3.13,2023-03-13 00:00:00,3012209,0,,,,30.2,,13,3,2023,-8.5,,-12.2,,64,,-15.8,,AB,,,,,EDMONTON BLATCHFORD,27214,0,,,,,,"{""type"": ""Point"", ""coordinates"": [-113.51666944444445, 53.57305777777778]}"
3012209.2023.3.14,2023-03-14 00:00:00,3012209,0,,,,22.9,,14,3,2023,1,,-4.9,,43,,-10.7,,AB,,,,,EDMONTON BLATCHFORD,27214,0,,,,,,"{""type"": ""Point"", ""coordinates"": [-113.51666944444445, 53.57305777777778]}"
3012209.2023.3.15,2023-03-15 00:00:00,3012209,0,,,,24.7,,15,3,2023,0.6,,-6.7,,42,,-14,,AB,,,,,EDMONTON BLATCHFORD,27214,0,,,,,,"{""type"": ""Point"", ""coordinates"": [-113.51666944444445, 53.57305777777778]}"
3012209.2023.3.16,2023-03-16 00:00:00,3012209,0,,,,19.9,,16,3,2023,4.8,,-1.9,,35,,-8.6,,AB,,,,,EDMONTON BLATCHFORD,27214,0,,,,,,"{""type"": ""Point"", ""coordinates"": [-113.51666944444445, 53.57305777777778]}"
3012209.2023.3.17,2023-03-17 00:00:00,3012209,0,,,,19.3,,17,3,2023,6.5,,-1.3,,30,,-9.2,,AB,,,,,EDMONTON BLATCHFORD,27214,0,,,,,,"{""type"": ""Point"", ""coordinates"": [-113.51666944444445, 53.57305777777778]}"
3012209.2023.3.18,2023-03-18 00:00:00,3012209,0,,,,19.7,,18,3,2023,7.3,,-1.7,,29,,-10.7,,AB,,,,,EDMONTON BLATCHFORD,27214,0,,,,,,"{""type"": ""Point"", ""coordinates"": [-113.51666944444445, 53.57305777777778]}"
3012209.2023.3.19,2023-03-19 00:00:00,3012209,0,,,,18.2,,19,3,2023,7.3,,-0.2,,30,,-7.7,,AB,,,,,EDMONTON BLATCHFORD,27214,0,,,,,,"{""type"": ""Point"", ""coordinates"": [-113.51666944444445, 53.57305777777778]}"
3012209.2023.3.20,2023-03-20 00:00:00,3012209,0,,3,,19.2,,20,3,2023,6.4,,-1.2,,26,,-8.9,,AB,,,32,,EDMONTON BLATCHFORD,27214,0,,,,,,"{""type"": ""Point"", ""coordinates"": [-113.51666944444445, 53.57305777777778]}"
3012209.2023.3.21,2023-03-21 00:00:00,3012209,0,,,,24.2,,21,3,2023,-2.5,,-6.2,,37,,-9.8,,AB,,,,,EDMONTON BLATCHFORD,27214,0,,,,,,"{""type"": ""Point"", ""coordinates"": [-113.51666944444445, 53.57305777777778]}"
3012209.2023.3.22,2023-03-22 00:00:00,3012209,0,,,,18.3,,22,3,2023,10.3,,-0.3,,28,,-10.8,,AB,,,,,EDMONTON BLATCHFORD,27214,0,,,,,,"{""type"": ""Point"", ""coordinates"": [-113.51666944444445, 53.57305777777778]}"
3012209.2023.3.23,2023-03-23 00:00:00,3012209,0,,,,15.6,,23,3,2023,11.2,,2.4,,29,,-6.3,,AB,,,,,EDMONTON BLATCHFORD,27214,0,,,,,,"{""type"": ""Point"", ""coordinates"": [-113.51666944444445, 53.57305777777778]}"
3012209.2023.3.24,2023-03-24 00:00:00,3012209,0,,,,19.3,,24,3,2023,2.3,,-1.3,,60,,-4.9,,AB,,,,,EDMONTON BLATCHFORD,27214,0,,,,,,"{""type"": ""Point"", ""coordinates"": [-113.51666944444445, 53.57305777777778]}"
3012209.2023.3.25,2023-03-25 00:00:00,3012209,0,,,,19.1,,25,3,2023,3.9,,-1.1,,55,,-6,,AB,,,,,EDMONTON BLATCHFORD,27214,0.7,,,,,,"{""type"": ""Point"", ""coordinates"": [-113.51666944444445, 53.57305777777778]}"
3012209.2023.3.26,2023-03-26 00:00:00,3012209,0,,,,20.7,,26,3,2023,0.7,,-2.7,,42,,-6,,AB,,,,,EDMONTON BLATCHFORD,27214,0.2,,,,,,"{""type"": ""Point"", ""coordinates"": [-113.51666944444445, 53.57305777777778]}"
3012209.2023.3.27,2023-03-27 00:00:00,3012209,0,,3,,25.8,,27,3,2023,-4.2,,-7.8,,42,,-11.4,,AB,,,31,,EDMONTON BLATCHFORD,27214,0,,,,,,"{""type"": ""Point"", ""coordinates"": [-113.51666944444445, 53.57305777777778]}"
3012209.2023.3.28,2023-03-28 00:00:00,3012209,0,,,,22.4,,28,3,2023,3.3,,-4.4,,31,,-12.1,,AB,,,,,EDMONTON BLATCHFORD,27214,0,,,,,,"{""type"": ""Point"", ""coordinates"": [-113.51666944444445, 53.57305777777778]}"
3012209.2023.3.29,2023-03-29 00:00:00,3012209,0,,,,18.1,,29,3,2023,6.5,,-0.1,,27,,-6.7,,AB,,,,,EDMONTON BLATCHFORD,27214,0,,,,,,"{""type"": ""Point"", ""coordinates"": [-113.51666944444445, 53.57305777777778]}"
3012209.2023.3.30,2023-03-30 00:00:00,3012209,0,,15,,18.2,,30,3,2023,2.5,,-0.2,,59,,-2.9,,AB,,,37,,EDMONTON BLATCHFORD,27214,0,,,,,,"{""type"": ""Point"", ""coordinates"": [-113.51666944444445, 53.57305777777778]}"
3012209.2023.3.31,2023-03-31 00:00:00,3012209,0,,,,18.7,,31,3,2023,4.8,,-0.7,,57,,-6.3,,AB,,,,,EDMONTON BLATCHFORD,27214,0,,,,,,"{""type"": ""Point"", ""coordinates"": [-113.51666944444445, 53.57305777777778]}"
3012209.2023.4.1,2023-04-01 00:00:00,3012209,0,,,,17.1,,1,4,2023,5.1,,0.9,,64,,-3.3,,AB,,,,,EDMONTON BLATCHFORD,27214,0,,,,,,"{""type"": ""Point"", ""coordinates"": [-113.51666944444445, 53.57305777777778]}"
3012209.2023.4.2,2023-04-02 00:00:00,3012209,0,,,,16.7,,2,4,2023,4.8,,1.3,,59,,-2.2,,AB,,,,,EDMONTON BLATCHFORD,27214,0,,,,,,"{""type"": ""Point"", ""coordinates"": [-113.51666944444445, 53.57305777777778]}"
3012209.2023.4.3,2023-04-03 00:00:00,3012209,0,,,,17,,3,4,2023,3.6,,1,,48,,-1.6,,AB,,,,,EDMONTON BLATCHFORD,27214,0,,,,,,"{""type"": ""Point"", ""coordinates"": [-113.51666944444445, 53.57305777777778]}"
3012209.2023.4.4,2023-04-04 00:00:00,3012209,0,,15,,17.6,,4,4,2023,5.3,,0.4,,43,,-4.4,,AB,,,34,,EDMONTON BLATCHFORD,27214,0,,,,,,"{""type"": ""Point"", ""coordinates"": [-113.51666944444445, 53.57305777777778]}"
3012209.2023.4.5,2023-04-05 00:00:00,3012209,0,,,,17.8,,5,4,2023,5.2,,0.2,,40,,-4.7,,AB,,,,,EDMONTON BLATCHFORD,27214,0,,,,,,"{""type"": ""Point"", ""coordinates"": [-113.51666944444445, 53.57305777777778]}"
3012209.2023.4.6,2023-04-06 00:00:00,3012209,0,,17,,16.1,,6,4,2023,7.2,,1.9,,45,,-3.4,,AB,,,42,,EDMONTON BLATCHFORD,27214,0,,,,,,"{""type"": ""Point"", ""coordinates"": [-113.51666944444445, 53.57305777777778]}"
3012209.2023.4.7,2023-04-07 00:00:00,3012209,0,,16,,13.6,,7,4,2023,11.5,,4.4,,46,,-2.7,,AB,,,39,,EDMONTON BLATCHFORD,27214,0,,,,,,"{""type"": ""Point"", ""coordinates"": [-113.51666944444445, 53.57305777777778]}"
3012209.2023.4.8,2023-04-08 00:00:00,3012209,0,,23,,9.5,,8,4,2023,17,,8.5,,19,,0,,AB,,,34,,EDMONTON BLATCHFORD,27214,0,,,,,,"{""type"": ""Point"", ""coordinates"": [-113.51666944444445, 53.57305777777778]}"
3012209.2023.4.9,2023-04-09 00:00:00,3012209,0,,16,,8.8,,9,4,2023,18.2,,9.2,,23,,0.3,,AB,,,41,,EDMONTON BLATCHFORD,27214,0,,,,,,"{""type"": ""Point"", ""coordinates"": [-113.51666944444445, 53.57305777777778]}"
3012209.2023.4.10,2023-04-10 00:00:00,3012209,0,,35,,9.7,,10,4,2023,12.5,,8.3,,21,,4.1,,AB,,,82,,EDMONTON BLATCHFORD,27214,0.5,,,,,,"{""type"": ""Point"", ""coordinates"": [-113.51666944444445, 53.57305777777778]}"
3012209.2023.4.11,2023-04-11 00:00:00,3012209,0,,,,14,,11,4,2023,6.9,,4,,49,,1,,AB,,,,,EDMONTON BLATCHFORD,27214,8.5,,,,,,"{""type"": ""Point"", ""coordinates"": [-113.51666944444445, 53.57305777777778]}"
3012209.2023.4.12,2023-04-12 00:00:00,3012209,0,,34,,13.3,,12,4,2023,10.7,,4.7,,29,,-1.4,,AB,,,34,,EDMONTON BLATCHFORD,27214,0,,,,,,"{""type"": ""Point"", ""coordinates"": [-113.51666944444445, 53.57305777777778]}"
3012209.2023.4.13,2023-04-13 00:00:00,3012209,0,,,,13.8,,13,4,2023,11.3,,4.2,,24,,-2.8,,AB,,,,,EDMONTON BLATCHFORD,27214,0,,,,,,"{""type"": ""Point"", ""coordinates"": [-113.51666944444445, 53.57305777777778]}"
3012209.2023.4.14,2023-04-14 00:00:00,3012209,0,,,,14.6,,14,4,2023,9.4,,3.4,,35,,-2.6,,AB,,,,,EDMONTON BLATCHFORD,27214,0,,,,,,"{""type"": ""Point"", ""coordinates"": [-113.51666944444445, 53.57305777777778]}"
3012209.2023.4.15,2023-04-15 00:00:00,3012209,0,,14,,12.8,,15,4,2023,13.2,,5.2,,24,,-2.8,,AB,,,32,,EDMONTON BLATCHFORD,27214,0,,,,,,"{""type"": ""Point"", ""coordinates"": [-113.51666944444445, 53.57305777777778]}"
3012209.2023.4.16,2023-04-16 00:00:00,3012209,0,,11,,9.1,,16,4,2023,17,,8.9,,22,,0.7,,AB,,,43,,EDMONTON BLATCHFORD,27214,0,,,,,,"{""type"": ""Point"", ""coordinates"": [-113.51666944444445, 53.57305777777778]}"
3012209.2023.4.17,2023-04-17 00:00:00,3012209,0,,30,,10.7,,17,4,2023,12,,7.3,,37,,2.6,,AB,,,50,,EDMONTON BLATCHFORD,27214,3.3,,,,,,"{""type"": ""Point"", ""coordinates"": [-113.51666944444445, 53.57305777777778]}"
3012209.2023.4.18,2023-04-18 00:00:00,3012209,0,,10,,12.6,,18,4,2023,12.9,,5.4,,20,,-2.1,,AB,,,34,,EDMONTON BLATCHFORD,27214,0,,,,,,"{""type"": ""Point"", ""coordinates"": [-113.51666944444445, 53.57305777777778]}"
3012209.2023.4.19,2023-04-19 00:00:00,3012209,0,,14,,13.5,,19,4,2023,8,,4.5,,45,,0.9,,AB,,,33,,EDMONTON BLATCHFORD,27214,0,,,,,,"{""type"": ""Point"", ""coordinates"": [-113.51666944444445, 53.57305777777778]}"
3012209.2023.4.20,2023-04-20 00:00:00,3012209,0,,,,15.9,,20,4,2023,4.9,,2.1,,38,,-0.7,,AB,,,,,EDMONTON BLATCHFORD,27214,0,,,,,,"{""type"": ""Point"", ""coordinates"": [-113.51666944444445, 53.57305777777778]}"
3012209.2023.4.21,2023-04-21 00:00:00,3012209,0,,,,18.5,,21,4,2023,2.7,,-0.5,,50,,-3.6,,AB,,,,,EDMONTON BLATCHFORD,27214,0,,,,,,"{""type"": ""Point"", ""coordinates"": [-113.51666944444445, 53.57305777777778]}"
3012209.2023.4.22,2023-04-22 00:00:00,3012209,0,,15,,12.6,,22,4,2023,10.8,,5.4,,31,,-0.1,,AB,,,36,,EDMONTON BLATCHFORD,27214,0,,,,,,"{""type"": ""Point"", ""coordinates"": [-113.51666944444445, 53.57305777777778]}"
3012209.2023.4.23,2023-04-23 00:00:00,3012209,0,,13,,9.2,,23,4,2023,15.6,,8.8,,26,,2.1,,AB,,,44,,EDMONTON BLATCHFORD,27214,0,,,,,,"{""type"": ""Point"", ""coordinates"": [-113.51666944444445, 53.57305777777778]}"
3012209.2023.4.24,2023-04-24 00:00:00,3012209,0,,13,,8.4,,24,4,2023,14.4,,9.6,,37,,4.9,,AB,,,39,,EDMONTON BLATCHFORD,27214,0,,,,,,"{""type"": ""Point"", ""coordinates"": [-113.51666944444445, 53.57305777777778]}"
3012209.2023.4.25,2023-04-25 00:00:00,3012209,0,,29,,8.7,,25,4,2023,14.8,,9.3,,22,,3.8,,AB,,,52,,EDMONTON BLATCHFORD,27214,0.3,,,,,,"{""type"": ""Point"", ""coordinates"": [-113.51666944444445, 53.57305777777778]}"
3012209.2023.4.26,2023-04-26 00:00:00,3012209,0,,30,,10.1,,26,4,2023,14.1,,7.9,,24,,1.7,,AB,,,34,,EDMONTON BLATCHFORD,27214,1.2,,,,,,"{""type"": ""Point"", ""coordinates"": [-113.51666944444445, 53.57305777777778]}"
3012209.2023.4.27,2023-04-27 00:00:00,3012209,0,,30,,8.6,,27,4,2023,15.5,,9.4,,21,,3.4,,AB,,,41,,EDMONTON BLATCHFORD,27214,0,,,,,,"{""type"": ""Point"", ""coordinates"": [-113.51666944444445, 53.57305777777778]}"
3012209.2023.4.28,2023-04-28 00:00:00,3012209,0,,31,,4.1,,28,4,2023,18.5,,13.9,,22,,9.2,,AB,,,40,,EDMONTON BLATCHFORD,27214,0,,,,,,"{""type"": ""Point"", ""coordinates"": [-113.51666944444445, 53.57305777777778]}"
3012209.2023.4.29,2023-04-29 00:00:00,3012209,0,,13,,4.6,,29,4,2023,19.9,,13.4,,19,,6.9,,AB,,,40,,EDMONTON BLATCHFORD,27214,0,,,,,,"{""type"": ""Point"", ""coordinates"": [-113.51666944444445, 53.57305777777778]}"
3012209.2023.4.30,2023-04-30 00:00:00,3012209,0,,14,,2.5,,30,4,2023,23.7,,15.5,,19,,7.2,,AB,,,48,,EDMONTON BLATCHFORD,27214,0,,,,,,"{""type"": ""Point"", ""coordinates"": [-113.51666944444445, 53.57305777777778]}"
3012209.2023.5.1,2023-05-01 00:00:00,3012209,1.1,,14,,0,,1,5,2023,28.9,,19.1,,17,,9.3,,AB,,,46,,EDMONTON BLATCHFORD,27214,0,,,,,,"{""type"": ""Point"", ""coordinates"": [-113.51666944444445, 53.57305777777778]}"
3012209.2023.5.2,2023-05-02 00:00:00,3012209,1.1,,5,,0,,2,5,2023,23.4,,19.1,,28,,14.7,,AB,,,38,,EDMONTON BLATCHFORD,27214,0,,,,,,"{""type"": ""Point"", ""coordinates"": [-113.51666944444445, 53.57305777777778]}"
3012209.2023.5.3,2023-05-03 00:00:00,3012209,3.8,,15,,0,,3,5,2023,30,,21.8,,13,,13.6,,AB,,,43,,EDMONTON BLATCHFORD,27214,0,,,,,,"{""type"": ""Point"", ""coordinates"": [-113.51666944444445, 53.57305777777778]}"
3012209.2023.5.4,2023-05-04 00:00:00,3012209,3.7,,15,,0,,4,5,2023,30.8,,21.7,,12,,12.6,,AB,,,41,,EDMONTON BLATCHFORD,27214,0,,,,,,"{""type"": ""Point"", ""coordinates"": [-113.51666944444445, 53.57305777777778]}"
3012209.2023.5.5,2023-05-05 00:00:00,3012209,0.7,,13,,0,,5,5,2023,23.9,,18.7,,19,,13.4,,AB,,,53,,EDMONTON BLATCHFORD,27214,0,,,,,,"{""type"": ""Point"", ""coordinates"": [-113.51666944444445, 53.57305777777778]}"
3012209.2023.5.6,2023-05-06 00:00:00,3012209,0,,13,,4.9,,6,5,2023,17.6,,13.1,,28,,8.7,,AB,,,48,,EDMONTON BLATCHFORD,27214,0,,,,,,"{""type"": ""Point"", ""coordinates"": [-113.51666944444445, 53.57305777777778]}"
3012209.2023.5.7,2023-05-07 00:00:00,3012209,0,,12,,5.9,,7,5,2023,16.7,,12.1,,52,,7.6,,AB,,,46,,EDMONTON BLATCHFORD,27214,0.5,,,,,,"{""type"": ""Point"", ""coordinates"": [-113.51666944444445, 53.57305777777778]}"
3012209.2023.5.8,2023-05-08 00:00:00,3012209,0,,,,4.2,,8,5,2023,18,,13.8,,50,,9.6,,AB,,,,,EDMONTON BLATCHFORD,27214,12.9,,,,,,"{""type"": ""Point"", ""coordinates"": [-113.51666944444445, 53.57305777777778]}"
3012209.2023.5.9,2023-05-09 00:00:00,3012209,0,,,,3.9,,9,5,2023,18.7,,14.1,,45,,9.4,,AB,,,,,EDMONTON BLATCHFORD,27214,0,,,,,,"{""type"": ""Point"", ""coordinates"": [-113.51666944444445, 53.57305777777778]}"
3012209.2023.5.10,2023-05-10 00:00:00,3012209,0,,14,,3.7,,10,5,2023,20.6,,14.3,,36,,8,,AB,,,37,,EDMONTON BLATCHFORD,27214,0,,,,,,"{""type"": ""Point"", ""coordinates"": [-113.51666944444445, 53.57305777777778]}"
3012209.2023.5.11,2023-05-11 00:00:00,3012209,0,,14,,4,,11,5,2023,19.9,,14,,38,,8,,AB,,,31,,EDMONTON BLATCHFORD,27214,1.8,,,,,,"{""type"": ""Point"", ""coordinates"": [-113.51666944444445, 53.57305777777778]}"
3012209.2023.5.12,2023-05-12 00:00:00,3012209,0,,,,2.5,,12,5,2023,23.8,,15.5,,27,,7.1,,AB,,,,,EDMONTON BLATCHFORD,27214,0,,,,,,"{""type"": ""Point"", ""coordinates"": [-113.51666944444445, 53.57305777777778]}"
3012209.2023.5.13,2023-05-13 00:00:00,3012209,1.7,,20,,0,,13,5,2023,27.5,,19.7,,18,,12,,AB,,,34,,EDMONTON BLATCHFORD,27214,0,,,,,,"{""type"": ""Point"", ""coordinates"": [-113.51666944444445, 53.57305777777778]}"
3012209.2023.5.14,2023-05-14 00:00:00,3012209,3.1,,16,,0,,14,5,2023,28.3,,21.1,,16,,13.9,,AB,,,39,,EDMONTON BLATCHFORD,27214,0,,,,,,"{""type"": ""Point"", ""coordinates"": [-113.51666944444445, 53.57305777777778]}"
3012209.2023.5.15,2023-05-15 00:00:00,3012209,4,,19,,0,,15,5,2023,29.6,,22,,24,,14.4,,AB,,,41,,EDMONTON BLATCHFORD,27214,0,,,,,,"{""type"": ""Point"", ""coordinates"": [-113.51666944444445, 53.57305777777778]}"
3012209.2023.5.16,2023-05-16 00:00:00,3012209,0.3,,36,,0,,16,5,2023,23,,18.3,,21,,13.5,,AB,,,39,,EDMONTON BLATCHFORD,27214,0,,,,,,"{""type"": ""Point"", ""coordinates"": [-113.51666944444445, 53.57305777777778]}"
3012209.2023.5.17,2023-05-17 00:00:00,3012209,0,,31,,3.4,,17,5,2023,20.5,,14.6,,18,,8.6,,AB,,,43,,EDMONTON BLATCHFORD,27214,0,,,,,,"{""type"": ""Point"", ""coordinates"": [-113.51666944444445, 53.57305777777778]}"
3012209.2023.5.18,2023-05-18 00:00:00,3012209,0,,17,,5.8,,18,5,2023,20,,12.2,,25,,4.5,,AB,,,37,,EDMONTON BLATCHFORD,27214,0,,,,,,"{""type"": ""Point"", ""coordinates"": [-113.51666944444445, 53.57305777777778]}"
3012209.2023.5.19,2023-05-19 00:00:00,3012209,0.5,,30,,0,,19,5,2023,26.5,,18.5,,24,,10.5,,AB,,,35,,EDMONTON BLATCHFORD,27214,0,,,,,,"{""type"": ""Point"", ""coordinates"": [-113.51666944444445, 53.57305777777778]}"
3012209.2023.5.20,2023-05-20 00:00:00,3012209,0,,,,0.5,,20,5,2023,23.2,,17.5,,36,,11.7,,AB,,,,,EDMONTON BLATCHFORD,27214,0,,,,,,"{""type"": ""Point"", ""coordinates"": [-113.51666944444445, 53.57305777777778]}"
3012209.2023.5.21,2023-05-21 00:00:00,3012209,2.2,,11,,0,,21,5,2023,28,,20.2,,29,,12.5,,AB,,,34,,EDMONTON BLATCHFORD,27214,0,,,,,,"{""type"": ""Point"", ""coordinates"": [-113.51666944444445, 53.57305777777778]}"
3012209.2023.5.22,2023-05-22 00:00:00,3012209,0.4,,31,,0,,22,5,2023,23.3,,18.4,,51,,13.5,,AB,,,35,,EDMONTON BLATCHFORD,27214,0,,,,,,"{""type"": ""Point"", ""coordinates"": [-113.51666944444445, 53.57305777777778]}"
3012209.2023.5.23,2023-05-23 00:00:00,3012209,0,,16,,2.2,,23,5,2023,20.4,,15.8,,34,,11.1,,AB,,,40,,EDMONTON BLATCHFORD,27214,8.7,,,,,,"{""type"": ""Point"", ""coordinates"": [-113.51666944444445, 53.57305777777778]}"
3012209.2023.5.24,2023-05-24 00:00:00,3012209,0,,32,,4.5,,24,5,2023,19.8,,13.5,,36,,7.1,,AB,,,33,,EDMONTON BLATCHFORD,27214,0,,,,,,"{""type"": ""Point"", ""coordinates"": [-113.51666944444445, 53.57305777777778]}"
3012209.2023.5.25,2023-05-25 00:00:00,3012209,0,,,,4,,25,5,2023,18.6,,14,,37,,9.3,,AB,,,,,EDMONTON BLATCHFORD,27214,0,,,,,,"{""type"": ""Point"", ""coordinates"": [-113.51666944444445, 53.57305777777778]}"
3012209.2023.5.26,2023-05-26 00:00:00,3012209,0,,,,2.6,,26,5,2023,22.9,,15.4,,27,,7.9,,AB,,,,,EDMONTON BLATCHFORD,27214,0,,,,,,"{""type"": ""Point"", ""coordinates"": [-113.51666944444445, 53.57305777777778]}"
3012209.2023.5.27,2023-05-27 00:00:00,3012209,1.2,,16,,0,,27,5,2023,26.7,,19.2,,22,,11.7,,AB,,,32,,EDMONTON BLATCHFORD,27214,0,,,,,,"{""type"": ""Point"", ""coordinates"": [-113.51666944444445, 53.57305777777778]}"
3012209.2023.5.28,2023-05-28 00:00:00,3012209,2.3,,34,,0,,28,5,2023,27.6,,20.3,,23,,13,,AB,,,66,,EDMONTON BLATCHFORD,27214,0,,,,,,"{""type"": ""Point"", ""coordinates"": [-113.51666944444445, 53.57305777777778]}"
3012209.2023.5.29,2023-05-29 00:00:00,3012209,1.1,,16,,0,,29,5,2023,26.1,,19.1,,22,,12,,AB,,,38,,EDMONTON BLATCHFORD,27214,0,,,,,,"{""type"": ""Point"", ""coordinates"": [-113.51666944444445, 53.57305777777778]}"
3012209.2023.5.30,2023-05-30 00:00:00,3012209,0.8,,33,,0,,30,5,2023,25.1,,18.8,,36,,12.4,,AB,,,53,,EDMONTON BLATCHFORD,27214,4.6,,,,,,"{""type"": ""Point"", ""coordinates"": [-113.51666944444445, 53.57305777777778]}"
3012209.2023.5.31,2023-05-31 00:00:00,3012209,0,,33,,1.9,,31,5,2023,22.3,,16.1,,45,,9.9,,AB,,,35,,EDMONTON BLATCHFORD,27214,7.5,,,,,,"{""type"": ""Point"", ""coordinates"": [-113.51666944444445, 53.57305777777778]}"
3012209.2023.6.1,2023-06-01 00:00:00,3012209,0,,35,,3.9,,1,6,2023,16.2,,14.1,,59,,12,,AB,,,33,,EDMONTON BLATCHFORD,27214,0.5,,,,,,"{""type"": ""Point"", ""coordinates"": [-113.51666944444445, 53.57305777777778]}"
3012209.2023.6.2,2023-06-02 00:00:00,3012209,0,,,,0.8,,2,6,2023,24,,17.2,,29,,10.4,,AB,,,,,EDMONTON BLATCHFORD,27214,0,,,,,,"{""type"": ""Point"", ""coordinates"": [-113.51666944444445, 53.57305777777778]}"
3012209.2023.6.3,2023-06-03 00:00:00,3012209,0.1,,,,0,,3,6,2023,24,,18.1,,43,,12.1,,AB,,,,,EDMONTON BLATCHFORD,27214,0,,,,,,"{""type"": ""Point"", ""coordinates"": [-113.51666944444445, 53.57305777777778]}"
3012209.2023.6.4,2023-06-04 00:00:00,3012209,4.4,,,,0,,4,6,2023,28.9,,22.4,,23,,16,,AB,,,,,EDMONTON BLATCHFORD,27214,0,,,,,,"{""type"": ""Point"", ""coordinates"": [-113.51666944444445, 53.57305777777778]}"
3012209.2023.6.5,2023-06-05 00:00:00,3012209,0,,31,,0.3,,5,6,2023,23,,17.7,,39,,12.3,,AB,,,42,,EDMONTON BLATCHFORD,27214,0,,,,,,"{""type"": ""Point"", ""coordinates"": [-113.51666944444445, 53.57305777777778]}"
3012209.2023.6.6,2023-06-06 00:00:00,3012209,0,,,,1.7,,6,6,2023,24.5,,16.3,,19,,8,,AB,,,,,EDMONTON BLATCHFORD,27214,0,,,,,,"{""type"": ""Point"", ""coordinates"": [-113.51666944444445, 53.57305777777778]}"
3012209.2023.6.7,2023-06-07 00:00:00,3012209,3.6,,,,0,,7,6,2023,29.4,,21.6,,13,,13.9,,AB,,,,,EDMONTON BLATCHFORD,27214,0,,,,,,"{""type"": ""Point"", ""coordinates"": [-113.51666944444445, 53.57305777777778]}"
3012209.2023.6.8,2023-06-08 00:00:00,3012209,4.5,,10,,0,,8,6,2023,29.9,,22.5,,22,,15.1,,AB,,,39,,EDMONTON BLATCHFORD,27214,0,,,,,,"{""type"": ""Point"", ""coordinates"": [-113.51666944444445, 53.57305777777778]}"
3012209.2023.6.9,2023-06-09 00:00:00,3012209,5.6,,14,,0,,9,6,2023,30.8,,23.6,,26,,16.5,,AB,,,41,,EDMONTON BLATCHFORD,27214,0,,,,,,"{""type"": ""Point"", ""coordinates"": [-113.51666944444445, 53.57305777777778]}"
3012209.2023.6.10,2023-06-10 00:00:00,3012209,4.9,,16,,0,,10,6,2023,28.9,,22.9,,29,,16.9,,AB,,,54,,EDMONTON BLATCHFORD,27214,0,,,,,,"{""type"": ""Point"", ""coordinates"": [-113.51666944444445, 53.57305777777778]}"
3012209.2023.6.11,2023-06-11 00:00:00,3012209,4.1,,29,,0,,11,6,2023,26.6,,22.1,,38,,17.6,,AB,,,32,,EDMONTON BLATCHFORD,27214,0,,,,,,"{""type"": ""Point"", ""coordinates"": [-113.51666944444445, 53.57305777777778]}"
3012209.2023.6.12,2023-06-12 00:00:00,3012209,4.3,,,,0,,12,6,2023,29.1,,22.3,,19,,15.5,,AB,,,,,EDMONTON BLATCHFORD,27214,0,,,,,,"{""type"": ""Point"", ""coordinates"": [-113.51666944444445, 53.57305777777778]}"
3012209.2023.6.13,2023-06-13 00:00:00,3012209,5.8,,32,,0,,13,6,2023,31.9,,23.8,,26,,15.7,,AB,,,49,,EDMONTON BLATCHFORD,27214,8.2,,,,,,"{""type"": ""Point"", ""coordinates"": [-113.51666944444445, 53.57305777777778]}"
3012209.2023.6.14,2023-06-14 00:00:00,3012209,0,,33,,4.8,,14,6,2023,16.1,,13.2,,81,,10.4,,AB,,,55,,EDMONTON BLATCHFORD,27214,13,,,,,,"{""type"": ""Point"", ""coordinates"": [-113.51666944444445, 53.57305777777778]}"
3012209.2023.6.15,2023-06-15 00:00:00,3012209,0,,31,,3.6,,15,6,2023,19.3,,14.4,,40,,9.4,,AB,,,46,,EDMONTON BLATCHFORD,27214,40.2,,,,,,"{""type"": ""Point"", ""coordinates"": [-113.51666944444445, 53.57305777777778]}"
3012209.2023.6.16,2023-06-16 00:00:00,3012209,0,,32,,1.5,,16,6,2023,23.2,,16.5,,33,,9.8,,AB,,,56,,EDMONTON BLATCHFORD,27214,3.4,,,,,,"{""type"": ""Point"", ""coordinates"": [-113.51666944444445, 53.57305777777778]}"
3012209.2023.6.17,2023-06-17 00:00:00,3012209,0,,,,4.6,,17,6,2023,17.4,,13.4,,44,,9.5,,AB,,,,,EDMONTON BLATCHFORD,27214,3.3,,,,,,"{""type"": ""Point"", ""coordinates"": [-113.51666944444445, 53.57305777777778]}"
3012209.2023.6.18,2023-06-18 00:00:00,3012209,0,,2,,6.8,,18,6,2023,12,,11.2,,83,,10.5,,AB,,,34,,EDMONTON BLATCHFORD,27214,52.1,,,,,,"{""type"": ""Point"", ""coordinates"": [-113.51666944444445, 53.57305777777778]}"
3012209.2023.6.19,2023-06-19 00:00:00,3012209,0,,5,,7.5,,19,6,2023,13.2,,10.5,,71,,7.8,,AB,,,45,,EDMONTON BLATCHFORD,27214,13.7,,,,,,"{""type"": ""Point"", ""coordinates"": [-113.51666944444445, 53.57305777777778]}"
3012209.2023.6.20,2023-06-20 00:00:00,3012209,0,,33,,8.1,,20,6,2023,11.1,,9.9,,74,,8.7,,AB,,,37,,EDMONTON BLATCHFORD,27214,15.7,,,,,,"{""type"": ""Point"", ""coordinates"": [-113.51666944444445, 53.57305777777778]}"
3012209.2023.6.21,2023-06-21 00:00:00,3012209,0,,33,,5.5,,21,6,2023,19.4,,12.5,,31,,5.5,,AB,,,40,,EDMONTON BLATCHFORD,27214,0.2,,,,,,"{""type"": ""Point"", ""coordinates"": [-113.51666944444445, 53.57305777777778]}"
3012209.2023.6.22,2023-06-22 00:00:00,3012209,0,,,,3,,22,6,2023,22.3,,15,,20,,7.6,,AB,,,,,EDMONTON BLATCHFORD,27214,0,,,,,,"{""type"": ""Point"", ""coordinates"": [-113.51666944444445, 53.57305777777778]}"
3012209.2023.6.23,2023-06-23 00:00:00,3012209,1.5,,,,0,,23,6,2023,24.1,,19.5,,36,,14.9,,AB,,,,,EDMONTON BLATCHFORD,27214,0,,,,,,"{""type"": ""Point"", ""coordinates"": [-113.51666944444445, 53.57305777777778]}"
3012209.2023.6.24,2023-06-24 00:00:00,3012209,2.2,,,,0,,24,6,2023,27.5,,20.2,,26,,12.9,,AB,,,,,EDMONTON BLATCHFORD,27214,0,,,,,,"{""type"": ""Point"", ""coordinates"": [-113.51666944444445, 53.57305777777778]}"
3012209.2023.6.25,2023-06-25 00:00:00,3012209,1.1,,1,,0,,25,6,2023,21.9,,19.1,,52,,16.3,,AB,,,33,,EDMONTON BLATCHFORD,27214,0,,,,,,"{""type"": ""Point"", ""coordinates"": [-113.51666944444445, 53.57305777777778]}"
3012209.2023.6.26,2023-06-26 00:00:00,3012209,2.4,,,,0,,26,6,2023,27.1,,20.4,,37,,13.6,,AB,,,,,EDMONTON BLATCHFORD,27214,0,,,,,,"{""type"": ""Point"", ""coordinates"": [-113.51666944444445, 53.57305777777778]}"
3012209.2023.6.27,2023-06-27 00:00:00,3012209,3.1,,,,0,,27,6,2023,26.8,,21.1,,40,,15.5,,AB,,,,,EDMONTON BLATCHFORD,27214,0,,,,,,"{""type"": ""Point"", ""coordinates"": [-113.51666944444445, 53.57305777777778]}"
3012209.2023.6.28,2023-06-28 00:00:00,3012209,3.3,,,,0,,28,6,2023,27.1,,21.3,,36,,15.4,,AB,,,,,EDMONTON BLATCHFORD,27214,0,,,,,,"{""type"": ""Point"", ""coordinates"": [-113.51666944444445, 53.57305777777778]}"
3012209.2023.6.29,2023-06-29 00:00:00,3012209,5,,,,0,,29,6,2023,28.1,,23,,43,,17.8,,AB,,,,,EDMONTON BLATCHFORD,27214,0,,,,,,"{""type"": ""Point"", ""coordinates"": [-113.51666944444445, 53.57305777777778]}"
3012209.2023.6.30,2023-06-30 00:00:00,3012209,4.9,,,,0,,30,6,2023,28.5,,22.9,,29,,17.2,,AB,,,,,EDMONTON BLATCHFORD,27214,0,,,,,,"{""type"": ""Point"", ""coordinates"": [-113.51666944444445, 53.57305777777778]}"
3012209.2023.7.1,2023-07-01 00:00:00,3012209,0.2,,31,,0,,1,7,2023,21.8,,18.2,,54,,14.6,,AB,,,48,,EDMONTON BLATCHFORD,27214,3.8,,,,,,"{""type"": ""Point"", ""coordinates"": [-113.51666944444445, 53.57305777777778]}"
3012209.2023.7.2,2023-07-02 00:00:00,3012209,0,,29,,6.2,,2,7,2023,14.9,,11.8,,53,,8.8,,AB,,,52,,EDMONTON BLATCHFORD,27214,1.4,,,,,,"{""type"": ""Point"", ""coordinates"": [-113.51666944444445, 53.57305777777778]}"
3012209.2023.7.3,2023-07-03 00:00:00,3012209,0,,34,,3.6,,3,7,2023,17.4,,14.4,,54,,11.4,,AB,,,45,,EDMONTON BLATCHFORD,27214,2.3,,,,,,"{""type"": ""Point"", ""coordinates"": [-113.51666944444445, 53.57305777777778]}"
3012209.2023.7.4,2023-07-04 00:00:00,3012209,0,,,,2.2,,4,7,2023,21.2,,15.8,,39,,10.5,,AB,,,,,EDMONTON BLATCHFORD,27214,0,,,,,,"{""type"": ""Point"", ""coordinates"": [-113.51666944444445, 53.57305777777778]}"
3012209.2023.7.5,2023-07-05 00:00:00,3012209,0.8,,,,0,,5,7,2023,25.9,,18.8,,30,,11.6,,AB,,,,,EDMONTON BLATCHFORD,27214,0,,,,,,"{""type"": ""Point"", ""coordinates"": [-113.51666944444445, 53.57305777777778]}"
3012209.2023.7.6,2023-07-06 00:00:00,3012209,2.1,,,,0,,6,7,2023,25.9,,20.1,,34,,14.2,,AB,,,,,EDMONTON BLATCHFORD,27214,0,,,,,,"{""type"": ""Point"", ""coordinates"": [-113.51666944444445, 53.57305777777778]}"
3012209.2023.7.7,2023-07-07 00:00:00,3012209,1.9,,,,0,,7,7,2023,24.9,,19.9,,34,,14.8,,AB,,,,,EDMONTON BLATCHFORD,27214,0,,,,,,"{""type"": ""Point"", ""coordinates"": [-113.51666944444445, 53.57305777777778]}"
3012209.2023.7.8,2023-07-08 00:00:00,3012209,3.3,,,,0,,8,7,2023,27.8,,21.3,,37,,14.8,,AB,,,,,EDMONTON BLATCHFORD,27214,0,,,,,,"{""type"": ""Point"", ""coordinates"": [-113.51666944444445, 53.57305777777778]}"
3012209.2023.7.9,2023-07-09 00:00:00,3012209,5.2,,,,0,,9,7,2023,30.5,,23.2,,28,,16,,AB,,,,,EDMONTON BLATCHFORD,27214,0,,,,,,"{""type"": ""Point"", ""coordinates"": [-113.51666944444445, 53.57305777777778]}"
3012209.2023.7.10,2023-07-10 00:00:00,3012209,1.3,,8,,0,,10,7,2023,23.1,,19.3,,57,,15.5,,AB,,,42,,EDMONTON BLATCHFORD,27214,1.7,,,,,,"{""type"": ""Point"", ""coordinates"": [-113.51666944444445, 53.57305777777778]}"
3012209.2023.7.11,2023-07-11 00:00:00,3012209,0,,,,0,,11,7,2023,22.6,,18,,42,,13.5,,AB,,,,,EDMONTON BLATCHFORD,27214,0,,,,,,"{""type"": ""Point"", ""coordinates"": [-113.51666944444445, 53.57305777777778]}"
3012209.2023.7.12,2023-07-12 00:00:00,3012209,1.3,,35,,0,,12,7,2023,26,,19.3,,50,,12.7,,AB,,,35,,EDMONTON BLATCHFORD,27214,3.2,,,,,,"{""type"": ""Point"", ""coordinates"": [-113.51666944444445, 53.57305777777778]}"
3012209.2023.7.13,2023-07-13 00:00:00,3012209,2.5,,32,,0,,13,7,2023,25,,20.5,,48,,16,,AB,,,42,,EDMONTON BLATCHFORD,27214,1.7,,,,,,"{""type"": ""Point"", ""coordinates"": [-113.51666944444445, 53.57305777777778]}"
3012209.2023.7.14,2023-07-14 00:00:00,3012209,1.9,,,,0,,14,7,2023,24,,19.9,,41,,15.8,,AB,,,,,EDMONTON BLATCHFORD,27214,0,,,,,,"{""type"": ""Point"", ""coordinates"": [-113.51666944444445, 53.57305777777778]}"
3012209.2023.7.15,2023-07-15 00:00:00,3012209,0.6,,,,0,,15,7,2023,24.5,,18.6,,45,,12.7,,AB,,,,,EDMONTON BLATCHFORD,27214,0,,,,,,"{""type"": ""Point"", ""coordinates"": [-113.51666944444445, 53.57305777777778]}"
3012209.2023.7.16,2023-07-16 00:00:00,3012209,2.1,,15,,0,,16,7,2023,25.2,,20.1,,52,,15,,AB,,,35,,EDMONTON BLATCHFORD,27214,16.8,,,,,,"{""type"": ""Point"", ""coordinates"": [-113.51666944444445, 53.57305777777778]}"
3012209.2023.7.17,2023-07-17 00:00:00,3012209,0.6,,34,,0,,17,7,2023,22.6,,18.6,,54,,14.7,,AB,,,35,,EDMONTON BLATCHFORD,27214,9.4,,,,,,"{""type"": ""Point"", ""coordinates"": [-113.51666944444445, 53.57305777777778]}"
3012209.2023.7.18,2023-07-18 00:00:00,3012209,0,,33,,1,,18,7,2023,20.5,,17,,52,,13.5,,AB,,,49,,EDMONTON BLATCHFORD,27214,25.9,,,,,,"{""type"": ""Point"", ""coordinates"": [-113.51666944444445, 53.57305777777778]}"
3012209.2023.7.19,2023-07-19 00:00:00,3012209,1.1,,,,0,,19,7,2023,25.2,,19.1,,31,,13.1,,AB,,,,,EDMONTON BLATCHFORD,27214,0.2,,,,,,"{""type"": ""Point"", ""coordinates"": [-113.51666944444445, 53.57305777777778]}"
3012209.2023.7.20,2023-07-20 00:00:00,3012209,2.1,,,,0,,20,7,2023,26.5,,20.1,,41,,13.6,,AB,,,,,EDMONTON BLATCHFORD,27214,0,,,,,,"{""type"": ""Point"", ""coordinates"": [-113.51666944444445, 53.57305777777778]}"
3012209.2023.7.21,2023-07-21 00:00:00,3012209,3.9,,,,0,,21,7,2023,28.3,,21.9,,39,,15.4,,AB,,,,,EDMONTON BLATCHFORD,27214,0,,,,,,"{""type"": ""Point"", ""coordinates"": [-113.51666944444445, 53.57305777777778]}"
3012209.2023.7.22,2023-07-22 00:00:00,3012209,6.1,,,,0,,22,7,2023,29.3,,24.1,,36,,19,,AB,,,,,EDMONTON BLATCHFORD,27214,0,,,,,,"{""type"": ""Point"", ""coordinates"": [-113.51666944444445, 53.57305777777778]}"
3012209.2023.7.23,2023-07-23 00:00:00,3012209,3,,34,,0,,23,7,2023,26,,21,,49,,16,,AB,,,61,,EDMONTON BLATCHFORD,27214,2.6,,,,,,"{""type"": ""Point"", ""coordinates"": [-113.51666944444445, 53.57305777777778]}"
3012209.2023.7.24,2023-07-24 00:00:00,3012209,3.6,,27,,0,,24,7,2023,27,,21.6,,56,,16.3,,AB,,,49,,EDMONTON BLATCHFORD,27214,32.5,,,,,,"{""type"": ""Point"", ""coordinates"": [-113.51666944444445, 53.57305777777778]}"
3012209.2023.7.25,2023-07-25 00:00:00,3012209,0.8,,30,,0,,25,7,2023,22.6,,18.8,,43,,14.9,,AB,,,72,,EDMONTON BLATCHFORD,27214,0,,,,,,"{""type"": ""Point"", ""coordinates"": [-113.51666944444445, 53.57305777777778]}"
3012209.2023.7.26,2023-07-26 00:00:00,3012209,0,,28,,4.6,,26,7,2023,15.2,,13.4,,73,,11.6,,AB,,,45,,EDMONTON BLATCHFORD,27214,12.7,,,,,,"{""type"": ""Point"", ""coordinates"": [-113.51666944444445, 53.57305777777778]}"
3012209.2023.7.27,2023-07-27 00:00:00,3012209,0,,,,4.6,,27,7,2023,15.5,,13.4,,65,,11.2,,AB,,,,,EDMONTON BLATCHFORD,27214,1.3,,,,,,"{""type"": ""Point"", ""coordinates"": [-113.51666944444445, 53.57305777777778]}"
3012209.2023.7.28,2023-07-28 00:00:00,3012209,0,,,,3.5,,28,7,2023,19.4,,14.5,,52,,9.6,,AB,,,,,EDMONTON BLATCHFORD,27214,0.2,,,,,,"{""type"": ""Point"", ""coordinates"": [-113.51666944444445, 53.57305777777778]}"
3012209.2023.7.29,2023-07-29 00:00:00,3012209,0,,,,2.7,,29,7,2023,21.7,,15.3,,53,,8.8,,AB,,,,,EDMONTON BLATCHFORD,27214,0,,,,,,"{""type"": ""Point"", ""coordinates"": [-113.51666944444445, 53.57305777777778]}"
3012209.2023.7.30,2023-07-30 00:00:00,3012209,2.9,,33,,0,,30,7,2023,27.1,,20.9,,47,,14.8,,AB,,,39,,EDMONTON BLATCHFORD,27214,9.3,,,,,,"{""type"": ""Point"", ""coordinates"": [-113.51666944444445, 53.57305777777778]}"
3012209.2023.7.31,2023-07-31 00:00:00,3012209,1.2,,35,,0,,31,7,2023,25.1,,19.2,,36,,13.4,,AB,,,38,,EDMONTON BLATCHFORD,27214,0,,,,,,"{""type"": ""Point"", ""coordinates"": [-113.51666944444445, 53.57305777777778]}"
3012209.2023.8.1,2023-08-01 00:00:00,3012209,0.9,,,,0,,1,8,2023,25.6,,18.9,,36,,12.2,,AB,,,,,EDMONTON BLATCHFORD,27214,0,,,,,,"{""type"": ""Point"", ""coordinates"": [-113.51666944444445, 53.57305777777778]}"
3012209.2023.8.2,2023-08-02 00:00:00,3012209,1.4,,9,,0,,2,8,2023,23.8,,19.4,,47,,15.1,,AB,,,35,,EDMONTON BLATCHFORD,27214,0,,,,,,"{""type"": ""Point"", ""coordinates"": [-113.51666944444445, 53.57305777777778]}"
3012209.2023.8.3,2023-08-03 00:00:00,3012209,0.8,,3,,0,,3,8,2023,23.5,,18.8,,36,,14.1,,AB,,,37,,EDMONTON BLATCHFORD,27214,0,,,,,,"{""type"": ""Point"", ""coordinates"": [-113.51666944444445, 53.57305777777778]}"
3012209.2023.8.4,2023-08-04 00:00:00,3012209,0.7,,,,0,,4,8,2023,24.7,,18.7,,37,,12.6,,AB,,,,,EDMONTON BLATCHFORD,27214,0,,,,,,"{""type"": ""Point"", ""coordinates"": [-113.51666944444445, 53.57305777777778]}"
3012209.2023.8.5,2023-08-05 00:00:00,3012209,0.5,,,,0,,5,8,2023,24.4,,18.5,,39,,12.6,,AB,,,,,EDMONTON BLATCHFORD,27214,0,,,,,,"{""type"": ""Point"", ""coordinates"": [-113.51666944444445, 53.57305777777778]}"
3012209.2023.8.6,2023-08-06 00:00:00,3012209,1.5,,,,0,,6,8,2023,26,,19.5,,35,,12.9,,AB,,,,,EDMONTON BLATCHFORD,27214,,M,,,,,"{""type"": ""Point"", ""coordinates"": [-113.51666944444445, 53.57305777777778]}"
3012209.2023.8.7,2023-08-07 00:00:00,3012209,1.9,,,,0,,7,8,2023,26.3,,19.9,,40,,13.6,,AB,,,,,EDMONTON BLATCHFORD,27214,,M,,,,,"{""type"": ""Point"", ""coordinates"": [-113.51666944444445, 53.57305777777778]}"
3012209.2023.8.8,2023-08-08 00:00:00,3012209,0,,,,1,,8,8,2023,19.7,,17,,70,,14.3,,AB,,,,,EDMONTON BLATCHFORD,27214,9.7,,,,,,"{""type"": ""Point"", ""coordinates"": [-113.51666944444445, 53.57305777777778]}"
3012209.2023.8.9,2023-08-09 00:00:00,3012209,0,,,,0.6,,9,8,2023,21.3,,17.4,,64,,13.4,,AB,,,,,EDMONTON BLATCHFORD,27214,12.8,,,,,,"{""type"": ""Point"", ""coordinates"": [-113.51666944444445, 53.57305777777778]}"
3012209.2023.8.10,2023-08-10 00:00:00,3012209,0,,31,,1.2,,10,8,2023,21.9,,16.8,,42,,11.8,,AB,,,63,,EDMONTON BLATCHFORD,27214,,M,,,,,"{""type"": ""Point"", ""coordinates"": [-113.51666944444445, 53.57305777777778]}"
3012209.2023.8.11,2023-08-11 00:00:00,3012209,0.1,,27,,0,,11,8,2023,22.6,,18.1,,42,,13.7,,AB,,,38,,EDMONTON BLATCHFORD,27214,0,,,,,,"{""type"": ""Point"", ""coordinates"": [-113.51666944444445, 53.57305777777778]}"
3012209.2023.8.12,2023-08-12 00:00:00,3012209,1.3,,33,,0,,12,8,2023,24.2,,19.3,,38,,14.5,,AB,,,43,,EDMONTON BLATCHFORD,27214,0,,,,,,"{""type"": ""Point"", ""coordinates"": [-113.51666944444445, 53.57305777777778]}"
3012209.2023.8.13,2023-08-13 00:00:00,3012209,3.9,,30,,0,,13,8,2023,30.1,,21.9,,29,,13.8,,AB,,,32,,EDMONTON BLATCHFORD,27214,0,,,,,,"{""type"": ""Point"", ""coordinates"": [-113.51666944444445, 53.57305777777778]}"
3012209.2023.8.14,2023-08-14 00:00:00,3012209,3.8,,,,0,,14,8,2023,27.2,,21.8,,40,,16.3,,AB,,,,,EDMONTON BLATCHFORD,27214,,M,,,,,"{""type"": ""Point"", ""coordinates"": [-113.51666944444445, 53.57305777777778]}"
3012209.2023.8.15,2023-08-15 00:00:00,3012209,5.2,,35,,0,,15,8,2023,29.5,,23.2,,35,,16.9,,AB,,,58,,EDMONTON BLATCHFORD,27214,,M,,,,,"{""type"": ""Point"", ""coordinates"": [-113.51666944444445, 53.57305777777778]}"
3012209.2023.8.16,2023-08-16 00:00:00,3012209,1.1,,,,0,,16,8,2023,24.8,,19.1,,34,,13.4,,AB,,,,,EDMONTON BLATCHFORD,27214,0,,,,,,"{""type"": ""Point"", ""coordinates"": [-113.51666944444445, 53.57305777777778]}"
3012209.2023.8.17,2023-08-17 00:00:00,3012209,,M,,M,,M,17,8,2023,,M,,M,,M,,M,AB,,,,M,EDMONTON BLATCHFORD,27214,,M,,,,,"{""type"": ""Point"", ""coordinates"": [-113.51666944444445, 53.57305777777778]}"
3012209.2023.8.18,2023-08-18 00:00:00,3012209,0,,34,,5.2,,18,8,2023,15.5,,12.8,,85,,10.1,,AB,,,34,,EDMONTON BLATCHFORD,27214,23.9,,,,,,"{""type"": ""Point"", ""coordinates"": [-113.51666944444445, 53.57305777777778]}"
3012209.2023.8.19,2023-08-19 00:00:00,3012209,0,,,,5.4,,19,8,2023,17,,12.6,,42,,8.2,,AB,,,,,EDMONTON BLATCHFORD,27214,0.3,,,,,,"{""type"": ""Point"", ""coordinates"": [-113.51666944444445, 53.57305777777778]}"
3012209.2023.8.20,2023-08-20 00:00:00,3012209,0,,,,4.9,,20,8,2023,19.1,,13.1,,43,,7.1,,AB,,,,,EDMONTON BLATCHFORD,27214,0.2,,,,,,"{""type"": ""Point"", ""coordinates"": [-113.51666944444445, 53.57305777777778]}"
3012209.2023.8.21,2023-08-21 00:00:00,3012209,,M,,M,,M,21,8,2023,,M,,M,,M,,M,AB,,,,M,EDMONTON BLATCHFORD,27214,,M,,,,,"{""type"": ""Point"", ""coordinates"": [-113.51666944444445, 53.57305777777778]}"
3012209.2023.8.22,2023-08-22 00:00:00,3012209,0,,,,1.4,,22,8,2023,17.8,,16.6,,72,,15.4,,AB,,,,,EDMONTON BLATCHFORD,27214,0,,,,,,"{""type"": ""Point"", ""coordinates"": [-113.51666944444445, 53.57305777777778]}"
3012209.2023.8.23,2023-08-23 00:00:00,3012209,0,,29,,3.3,,23,8,2023,16.8,,14.7,,79,,12.6,,AB,,,32,,EDMONTON BLATCHFORD,27214,10.5,,,,,,"{""type"": ""Point"", ""coordinates"": [-113.51666944444445, 53.57305777777778]}"
3012209.2023.8.24,2023-08-24 00:00:00,3012209,0,,36,,2,,24,8,2023,20.2,,16,,64,,11.9,,AB,,,33,,EDMONTON BLATCHFORD,27214,1.1,,,,,,"{""type"": ""Point"", ""coordinates"": [-113.51666944444445, 53.57305777777778]}"
3012209.2023.8.25,2023-08-25 00:00:00,3012209,0,,15,,1.6,,25,8,2023,22.6,,16.4,,45,,10.3,,AB,,,36,,EDMONTON BLATCHFORD,27214,0,,,,,,"{""type"": ""Point"", ""coordinates"": [-113.51666944444445, 53.57305777777778]}"
3012209.2023.8.26,2023-08-26 00:00:00,3012209,0.6,,,,0,,26,8,2023,25.8,,18.6,,43,,11.5,,AB,,,,,EDMONTON BLATCHFORD,27214,0,,,,,,"{""type"": ""Point"", ""coordinates"": [-113.51666944444445, 53.57305777777778]}"
3012209.2023.8.27,2023-08-27 00:00:00,3012209,2.1,,,,0,,27,8,2023,27.2,,20.1,,32,,12.9,,AB,,,,,EDMONTON BLATCHFORD,27214,0,,,,,,"{""type"": ""Point"", ""coordinates"": [-113.51666944444445, 53.57305777777778]}"
3012209.2023.8.28,2023-08-28 00:00:00,3012209,3.6,,,,0,,28,8,2023,29.7,,21.6,,30,,13.4,,AB,,,,,EDMONTON BLATCHFORD,27214,0,,,,,,"{""type"": ""Point"", ""coordinates"": [-113.51666944444445, 53.57305777777778]}"
3012209.2023.8.29,2023-08-29 00:00:00,3012209,5.1,,,,0,,29,8,2023,32.2,,23.1,,24,,14.1,,AB,,,,,EDMONTON BLATCHFORD,27214,0,,,,,,"{""type"": ""Point"", ""coordinates"": [-113.51666944444445, 53.57305777777778]}"
3012209.2023.8.30,2023-08-30 00:00:00,3012209,4.2,,5,,0,,30,8,2023,27.7,,22.2,,37,,16.7,,AB,,,32,,EDMONTON BLATCHFORD,27214,0,,,,,,"{""type"": ""Point"", ""coordinates"": [-113.51666944444445, 53.57305777777778]}"
3012209.2023.8.31,2023-08-31 00:00:00,3012209,0.6,,,,0,,31,8,2023,22.2,,18.6,,49,,14.9,,AB,,,,,EDMONTON BLATCHFORD,27214,1.3,,,,,,"{""type"": ""Point"", ""coordinates"": [-113.51666944444445, 53.57305777777778]}"
3012209.2023.9.1,2023-09-01 00:00:00,3012209,1,,,,0,,1,9,2023,24.4,,19,,42,,13.6,,AB,,,,,EDMONTON BLATCHFORD,27214,0,,,,,,"{""type"": ""Point"", ""coordinates"": [-113.51666944444445, 53.57305777777778]}"
3012209.2023.9.2,2023-09-02 00:00:00,3012209,1.6,,32,,0,,2,9,2023,24.4,,19.6,,26,,14.9,,AB,,,38,,EDMONTON BLATCHFORD,27214,0,,,,,,"{""type"": ""Point"", ""coordinates"": [-113.51666944444445, 53.57305777777778]}"
3012209.2023.9.3,2023-09-03 00:00:00,3012209,0,,,,5.2,,3,9,2023,15.6,,12.8,,52,,10.1,,AB,,,,,EDMONTON BLATCHFORD,27214,0,,,,,,"{""type"": ""Point"", ""coordinates"": [-113.51666944444445, 53.57305777777778]}"
3012209.2023.9.4,2023-09-04 00:00:00,3012209,0,,,M,7.6,,4,9,2023,13.7,,10.4,,51,,7,,AB,,,,M,EDMONTON BLATCHFORD,27214,0,,,,,,"{""type"": ""Point"", ""coordinates"": [-113.51666944444445, 53.57305777777778]}"
3012209.2023.9.5,2023-09-05 00:00:00,3012209,0,,32,,6.8,,5,9,2023,16.2,,11.2,,51,,6.1,,AB,,,36,,EDMONTON BLATCHFORD,27214,7.4,,,,,,"{""type"": ""Point"", ""coordinates"": [-113.51666944444445, 53.57305777777778]}"
3012209.2023.9.6,2023-09-06 00:00:00,3012209,0,,,,5.9,,6,9,2023,18.7,,12.1,,46,,5.5,,AB,,,,,EDMONTON BLATCHFORD,27214,0,,,,,,"{""type"": ""Point"", ""coordinates"": [-113.51666944444445, 53.57305777777778]}"
3012209.2023.9.7,2023-09-07 00:00:00,3012209,0,,,,3.3,,7,9,2023,19.2,,14.7,,35,,10.2,,AB,,,,,EDMONTON BLATCHFORD,27214,0,,,,,,"{""type"": ""Point"", ""coordinates"": [-113.51666944444445, 53.57305777777778]}"
3012209.2023.9.8,2023-09-08 00:00:00,3012209,0,,,,2.7,,8,9,2023,22.2,,15.3,,33,,8.5,,AB,,,,,EDMONTON BLATCHFORD,27214,0,,,,,,"{""type"": ""Point"", ""coordinates"": [-113.51666944444445, 53.57305777777778]}"
3012209.2023.9.9,2023-09-09 00:00:00,3012209,0,,,,2,,9,9,2023,23.8,,16,,30,,8.2,,AB,,,,,EDMONTON BLATCHFORD,27214,0,,,,,,"{""type"": ""Point"", ""coordinates"": [-113.51666944444445, 53.57305777777778]}"
3012209.2023.9.10,2023-09-10 00:00:00,3012209,0.1,,14,,0,,10,9,2023,24.9,,18.1,,24,,11.2,,AB,,,38,,EDMONTON BLATCHFORD,27214,0,,,,,,"{""type"": ""Point"", ""coordinates"": [-113.51666944444445, 53.57305777777778]}"
3012209.2023.9.11,2023-09-11 00:00:00,3012209,1.8,,17,,0,,11,9,2023,26.3,,19.8,,30,,13.2,,AB,,,33,,EDMONTON BLATCHFORD,27214,0,,,,,,"{""type"": ""Point"", ""coordinates"": [-113.51666944444445, 53.57305777777778]}"
3012209.2023.9.12,2023-09-12 00:00:00,3012209,0,,30,,0.6,,12,9,2023,21.5,,17.4,,46,,13.3,,AB,,,31,,EDMONTON BLATCHFORD,27214,0,,,,,,"{""type"": ""Point"", ""coordinates"": [-113.51666944444445, 53.57305777777778]}"
3012209.2023.9.13,2023-09-13 00:00:00,3012209,0,,34,,1.4,,13,9,2023,21.2,,16.6,,41,,12.1,,AB,,,44,,EDMONTON BLATCHFORD,27214,0.8,,,,,,"{""type"": ""Point"", ""coordinates"": [-113.51666944444445, 53.57305777777778]}"
3012209.2023.9.14,2023-09-14 00:00:00,3012209,0,,33,,4,,14,9,2023,18.8,,14,,29,,9.1,,AB,,,36,,EDMONTON BLATCHFORD,27214,0,,,,,,"{""type"": ""Point"", ""coordinates"": [-113.51666944444445, 53.57305777777778]}"
3012209.2023.9.15,2023-09-15 00:00:00,3012209,0,,14,,2,,15,9,2023,25.4,,16,,25,,6.6,,AB,,,34,,EDMONTON BLATCHFORD,27214,0,,,,,,"{""type"": ""Point"", ""coordinates"": [-113.51666944444445, 53.57305777777778]}"
3012209.2023.9.16,2023-09-16 00:00:00,3012209,0,,,,2.5,,16,9,2023,23.5,,15.5,,26,,7.6,,AB,,,,,EDMONTON BLATCHFORD,27214,0,,,,,,"{""type"": ""Point"", ""coordinates"": [-113.51666944444445, 53.57305777777778]}"
3012209.2023.9.17,2023-09-17 00:00:00,3012209,0,,,,3.1,,17,9,2023,21.4,,14.9,,33,,8.4,,AB,,,,,EDMONTON BLATCHFORD,27214,0,,,,,,"{""type"": ""Point"", ""coordinates"": [-113.51666944444445, 53.57305777777778]}"
3012209.2023.9.18,2023-09-18 00:00:00,3012209,0,,31,,5.5,,18,9,2023,16.5,,12.5,,33,,8.4,,AB,,,51,,EDMONTON BLATCHFORD,27214,0,,,,,,"{""type"": ""Point"", ""coordinates"": [-113.51666944444445, 53.57305777777778]}"
3012209.2023.9.19,2023-09-19 00:00:00,3012209,0,,35,,7,,19,9,2023,17.7,,11,,28,,4.4,,AB,,,31,,EDMONTON BLATCHFORD,27214,0,,,,,,"{""type"": ""Point"", ""coordinates"": [-113.51666944444445, 53.57305777777778]}"
3012209.2023.9.20,2023-09-20 00:00:00,3012209,0,,,,6.3,,20,9,2023,15.1,,11.7,,47,,8.4,,AB,,,,,EDMONTON BLATCHFORD,27214,0,,,,,,"{""type"": ""Point"", ""coordinates"": [-113.51666944444445, 53.57305777777778]}"
3012209.2023.9.21,2023-09-21 00:00:00,3012209,0,,23,,7.3,,21,9,2023,18.5,,10.7,,36,,3,,AB,,,35,,EDMONTON BLATCHFORD,27214,0,,,,,,"{""type"": ""Point"", ""coordinates"": [-113.51666944444445, 53.57305777777778]}"
3012209.2023.9.22,2023-09-22 00:00:00,3012209,0,,16,,3.6,,22,9,2023,22.2,,14.4,,35,,6.6,,AB,,,41,,EDMONTON BLATCHFORD,27214,0,,,,,,"{""type"": ""Point"", ""coordinates"": [-113.51666944444445, 53.57305777777778]}"
3012209.2023.9.23,2023-09-23 00:00:00,3012209,0,,15,,0.6,,23,9,2023,22.3,,17.4,,43,,12.5,,AB,,,56,,EDMONTON BLATCHFORD,27214,0,,,,,,"{""type"": ""Point"", ""coordinates"": [-113.51666944444445, 53.57305777777778]}"
3012209.2023.9.24,2023-09-24 00:00:00,3012209,0,,,,3.4,,24,9,2023,20.2,,14.6,,29,,9,,AB,,,,,EDMONTON BLATCHFORD,27214,0,,,,,,"{""type"": ""Point"", ""coordinates"": [-113.51666944444445, 53.57305777777778]}"
3012209.2023.9.25,2023-09-25 00:00:00,3012209,0,,14,,4.4,,25,9,2023,21.9,,13.6,,30,,5.4,,AB,,,45,,EDMONTON BLATCHFORD,27214,0,,,,,,"{""type"": ""Point"", ""coordinates"": [-113.51666944444445, 53.57305777777778]}"
3012209.2023.9.26,2023-09-26 00:00:00,3012209,0,,,,1.9,,26,9,2023,20.6,,16.1,,27,,11.7,,AB,,,,,EDMONTON BLATCHFORD,27214,0,,,,,,"{""type"": ""Point"", ""coordinates"": [-113.51666944444445, 53.57305777777778]}"
3012209.2023.9.27,2023-09-27 00:00:00,3012209,0,,,,5.1,,27,9,2023,19,,12.9,,33,,6.9,,AB,,,,,EDMONTON BLATCHFORD,27214,0,,,,,,"{""type"": ""Point"", ""coordinates"": [-113.51666944444445, 53.57305777777778]}"
3012209.2023.9.28,2023-09-28 00:00:00,3012209,0,,,,5.9,,28,9,2023,17.9,,12.1,,37,,6.2,,AB,,,,,EDMONTON BLATCHFORD,27214,4,,,,,,"{""type"": ""Point"", ""coordinates"": [-113.51666944444445, 53.57305777777778]}"
3012209.2023.9.29,2023-09-29 00:00:00,3012209,0,,,,10.5,,29,9,2023,10.4,,7.5,,72,,4.6,,AB,,,,,EDMONTON BLATCHFORD,27214,2.2,,,,,,"{""type"": ""Point"", ""coordinates"": [-113.51666944444445, 53.57305777777778]}"
3012209.2023.9.30,2023-09-30 00:00:00,3012209,0,,,,12.9,,30,9,2023,9.5,,5.1,,61,,0.7,,AB,,,,,EDMONTON BLATCHFORD,27214,0,,,,,,"{""type"": ""Point"", ""coordinates"": [-113.51666944444445, 53.57305777777778]}"
3012209.2023.10.1,2023-10-01 00:00:00,3012209,0,,17,,10.9,,1,10,2023,14.1,,7.1,,56,,0.1,,AB,,,33,,EDMONTON BLATCHFORD,27214,0,,,,,,"{""type"": ""Point"", ""coordinates"": [-113.51666944444445, 53.57305777777778]}"
3012209.2023.10.2,2023-10-02 00:00:00,3012209,0,,19,,6.9,,2,10,2023,16.4,,11.1,,54,,5.8,,AB,,,33,,EDMONTON BLATCHFORD,27214,0,,,,,,"{""type"": ""Point"", ""coordinates"": [-113.51666944444445, 53.57305777777778]}"
3012209.2023.10.3,2023-10-03 00:00:00,3012209,0,,31,,7.3,,3,10,2023,15.5,,10.7,,38,,5.9,,AB,,,36,,EDMONTON BLATCHFORD,27214,0,,,,,,"{""type"": ""Point"", ""coordinates"": [-113.51666944444445, 53.57305777777778]}"
3012209.2023.10.4,2023-10-04 00:00:00,3012209,0,,33,,8.2,,4,10,2023,13.9,,9.8,,32,,5.8,,AB,,,62,,EDMONTON BLATCHFORD,27214,0.8,,,,,,"{""type"": ""Point"", ""coordinates"": [-113.51666944444445, 53.57305777777778]}"
3012209.2023.10.5,2023-10-05 00:00:00,3012209,0,,32,,13.9,,5,10,2023,8,,4.1,,24,,0.1,,AB,,,49,,EDMONTON BLATCHFORD,27214,0,,,,,,"{""type"": ""Point"", ""coordinates"": [-113.51666944444445, 53.57305777777778]}"
3012209.2023.10.6,2023-10-06 00:00:00,3012209,0,,,,6.7,,6,10,2023,21.4,,11.3,,33,,1.1,,AB,,,,,EDMONTON BLATCHFORD,27214,0,,,,,,"{""type"": ""Point"", ""coordinates"": [-113.51666944444445, 53.57305777777778]}"
3012209.2023.10.7,2023-10-07 00:00:00,3012209,0,,,,2.1,,7,10,2023,24.8,,15.9,,25,,7,,AB,,,,,EDMONTON BLATCHFORD,27214,0,,,,,,"{""type"": ""Point"", ""coordinates"": [-113.51666944444445, 53.57305777777778]}"
3012209.2023.10.8,2023-10-08 00:00:00,3012209,0,,,,1.7,,8,10,2023,24.1,,16.3,,25,,8.5,,AB,,,,,EDMONTON BLATCHFORD,27214,0,,,,,,"{""type"": ""Point"", ""coordinates"": [-113.51666944444445, 53.57305777777778]}"
3012209.2023.10.9,2023-10-09 00:00:00,3012209,0,,,,3.1,,9,10,2023,24.2,,14.9,,29,,5.6,,AB,,,,,EDMONTON BLATCHFORD,27214,0,,,,,,"{""type"": ""Point"", ""coordinates"": [-113.51666944444445, 53.57305777777778]}"
3012209.2023.10.10,2023-10-10 00:00:00,3012209,0,,,,3.3,,10,10,2023,22.5,,14.7,,30,,6.9,,AB,,,,,EDMONTON BLATCHFORD,27214,0,,,,,,"{""type"": ""Point"", ""coordinates"": [-113.51666944444445, 53.57305777777778]}"
3012209.2023.10.11,2023-10-11 00:00:00,3012209,0,,,,6,,11,10,2023,16.6,,12,,49,,7.4,,AB,,,,,EDMONTON BLATCHFORD,27214,0,,,,,,"{""type"": ""Point"", ""coordinates"": [-113.51666944444445, 53.57305777777778]}"
3012209.2023.10.12,2023-10-12 00:00:00,3012209,0,,14,,7.5,,12,10,2023,15.7,,10.5,,42,,5.3,,AB,,,32,,EDMONTON BLATCHFORD,27214,0,,,,,,"{""type"": ""Point"", ""coordinates"": [-113.51666944444445, 53.57305777777778]}"
3012209.2023.10.13,2023-10-13 00:00:00,3012209,0,,15,,10,,13,10,2023,13.2,,8,,51,,2.8,,AB,,,46,,EDMONTON BLATCHFORD,27214,0,,,,,,"{""type"": ""Point"", ""coordinates"": [-113.51666944444445, 53.57305777777778]}"
3012209.2023.10.14,2023-10-14 00:00:00,3012209,0,,14,,8.9,,14,10,2023,13.9,,9.1,,47,,4.4,,AB,,,42,,EDMONTON BLATCHFORD,27214,0,,,,,,"{""type"": ""Point"", ""coordinates"": [-113.51666944444445, 53.57305777777778]}"
3012209.2023.10.15,2023-10-15 00:00:00,3012209,0,,,,7.7,,15,10,2023,18,,10.3,,38,,2.6,,AB,,,,,EDMONTON BLATCHFORD,27214,0,,,,,,"{""type"": ""Point"", ""coordinates"": [-113.51666944444445, 53.57305777777778]}"
3012209.2023.10.16,2023-10-16 00:00:00,3012209,0,,,,8.8,,16,10,2023,16.4,,9.2,,43,,2,,AB,,,,,EDMONTON BLATCHFORD,27214,0,,,,,,"{""type"": ""Point"", ""coordinates"": [-113.51666944444445, 53.57305777777778]}"
3012209.2023.10.17,2023-10-17 00:00:00,3012209,0,,34,,9.3,,17,10,2023,12.2,,8.7,,57,,5.3,,AB,,,36,,EDMONTON BLATCHFORD,27214,0,,,,,,"{""type"": ""Point"", ""coordinates"": [-113.51666944444445, 53.57305777777778]}"
3012209.2023.10.18,2023-10-18 00:00:00,3012209,0,,34,,4.7,,18,10,2023,20.6,,13.3,,32,,6,,AB,,,38,,EDMONTON BLATCHFORD,27214,0,,,,,,"{""type"": ""Point"", ""coordinates"": [-113.51666944444445, 53.57305777777778]}"
3012209.2023.10.19,2023-10-19 00:00:00,3012209,0,,31,,4.5,,19,10,2023,21.5,,13.5,,29,,5.5,,AB,,,65,,EDMONTON BLATCHFORD,27214,0,,,,,,"{""type"": ""Point"", ""coordinates"": [-113.51666944444445, 53.57305777777778]}"
3012209.2023.10.20,2023-10-20 00:00:00,3012209,0,,33,,9.8,,20,10,2023,13.7,,8.2,,38,,2.7,,AB,,,43,,EDMONTON BLATCHFORD,27214,0,,,,,,"{""type"": ""Point"", ""coordinates"": [-113.51666944444445, 53.57305777777778]}"
3012209.2023.10.21,2023-10-21 00:00:00,3012209,0,,,,11.7,,21,10,2023,11.8,,6.3,,49,,0.7,,AB,,,,,EDMONTON BLATCHFORD,27214,0,,,,,,"{""type"": ""Point"", ""coordinates"": [-113.51666944444445, 53.57305777777778]}"
3012209.2023.10.22,2023-10-22 00:00:00,3012209,0,,,,18.9,,22,10,2023,1.5,,-0.9,,76,,-3.2,,AB,,,,,EDMONTON BLATCHFORD,27214,0,,,,,,"{""type"": ""Point"", ""coordinates"": [-113.51666944444445, 53.57305777777778]}"
3012209.2023.10.23,2023-10-23 00:00:00,3012209,0,,,,23.6,,23,10,2023,-3.2,,-5.6,,51,,-7.9,,AB,,,,,EDMONTON BLATCHFORD,27214,1.4,,,,,,"{""type"": ""Point"", ""coordinates"": [-113.51666944444445, 53.57305777777778]}"
3012209.2023.10.24,2023-10-24 00:00:00,3012209,0,,,,24.7,,24,10,2023,-4.5,,-6.7,,52,,-8.9,,AB,,,,,EDMONTON BLATCHFORD,27214,0,,,,,,"{""type"": ""Point"", ""coordinates"": [-113.51666944444445, 53.57305777777778]}"
3012209.2023.10.25,2023-10-25 00:00:00,3012209,0,,,,24.5,,25,10,2023,-4,,-6.5,,49,,-9,,AB,,,,,EDMONTON BLATCHFORD,27214,0,,,,,,"{""type"": ""Point"", ""coordinates"": [-113.51666944444445, 53.57305777777778]}"
3012209.2023.10.26,2023-10-26 00:00:00,3012209,0,,,,23.7,,26,10,2023,-3.9,,-5.7,,62,,-7.5,,AB,,,,,EDMONTON BLATCHFORD,27214,0.6,,,,,,"{""type"": ""Point"", ""coordinates"": [-113.51666944444445, 53.57305777777778]}"
3012209.2023.10.27,2023-10-27 00:00:00,3012209,0,,,,22.6,,27,10,2023,-2.7,,-4.6,,67,,-6.4,,AB,,,,,EDMONTON BLATCHFORD,27214,0.2,,,,,,"{""type"": ""Point"", ""coordinates"": [-113.51666944444445, 53.57305777777778]}"
3012209.2023.10.28,2023-10-28 00:00:00,3012209,0,,35,,22.1,,28,10,2023,-1.1,,-4.1,,59,,-7,,AB,,,41,,EDMONTON BLATCHFORD,27214,0,,,,,,"{""type"": ""Point"", ""coordinates"": [-113.51666944444445, 53.57305777777778]}"
3012209.2023.10.29,2023-10-29 00:00:00,3012209,0,,,,20,,29,10,2023,3.7,,-2,,43,,-7.6,,AB,,,,,EDMONTON BLATCHFORD,27214,0,,,,,,"{""type"": ""Point"", ""coordinates"": [-113.51666944444445, 53.57305777777778]}"
3012209.2023.10.30,2023-10-30 00:00:00,3012209,0,,,,19.6,,30,10,2023,1.3,,-1.6,,55,,-4.5,,AB,,,,,EDMONTON BLATCHFORD,27214,0,,,,,,"{""type"": ""Point"", ""coordinates"": [-113.51666944444445, 53.57305777777778]}"
3012209.2023.10.31,2023-10-31 00:00:00,3012209,0,,,,15,,31,10,2023,6.9,,3,,40,,-0.9,,AB,,,,,EDMONTON BLATCHFORD,27214,0,,,,,,"{""type"": ""Point"", ""coordinates"": [-113.51666944444445, 53.57305777777778]}"
3012209.2023.11.1,2023-11-01 00:00:00,3012209,0,,,,15.8,,1,11,2023,6.1,,2.2,,50,,-1.8,,AB,,,,,EDMONTON BLATCHFORD,27214,0,,,,,,"{""type"": ""Point"", ""coordinates"": [-113.51666944444445, 53.57305777777778]}"
3012209.2023.11.2,2023-11-02 00:00:00,3012209,0,,,,16.1,,2,11,2023,5.4,,1.9,,62,,-1.6,,AB,,,,,EDMONTON BLATCHFORD,27214,0,,,,,,"{""type"": ""Point"", ""coordinates"": [-113.51666944444445, 53.57305777777778]}"
3012209.2023.11.3,2023-11-03 00:00:00,3012209,0,,,,15.7,,3,11,2023,5.9,,2.3,,68,,-1.2,,AB,,,,,EDMONTON BLATCHFORD,27214,0,,,,,,"{""type"": ""Point"", ""coordinates"": [-113.51666944444445, 53.57305777777778]}"
3012209.2023.11.4,2023-11-04 00:00:00,3012209,0,,,,14.6,,4,11,2023,7,,3.4,,65,,-0.1,,AB,,,,,EDMONTON BLATCHFORD,27214,0,,,,,,"{""type"": ""Point"", ""coordinates"": [-113.51666944444445, 53.57305777777778]}"
3012209.2023.11.5,2023-11-05 00:00:00,3012209,0,,,,16.8,,5,11,2023,3.5,,1.2,,82,,-1.2,,AB,,,,,EDMONTON BLATCHFORD,27214,0,,,,,,"{""type"": ""Point"", ""coordinates"": [-113.51666944444445, 53.57305777777778]}"
3012209.2023.11.6,2023-11-06 00:00:00,3012209,0,,,,16.6,,6,11,2023,7,,1.4,,59,,-4.3,,AB,,,,,EDMONTON BLATCHFORD,27214,0,,,,,,"{""type"": ""Point"", ""coordinates"": [-113.51666944444445, 53.57305777777778]}"
3012209.2023.11.7,2023-11-07 00:00:00,3012209,0,,28,,17.7,,7,11,2023,2.3,,0.3,,49,,-1.7,,AB,,,33,,EDMONTON BLATCHFORD,27214,0,,,,,,"{""type"": ""Point"", ""coordinates"": [-113.51666944444445, 53.57305777777778]}"
3012209.2023.11.8,2023-11-08 00:00:00,3012209,0,,31,,16,,8,11,2023,5.1,,2,,33,,-1.1,,AB,,,47,,EDMONTON BLATCHFORD,27214,0,,,,,,"{""type"": ""Point"", ""coordinates"": [-113.51666944444445, 53.57305777777778]}"
3012209.2023.11.9,2023-11-09 00:00:00,3012209,0,,,,17,,9,11,2023,6,,1,,48,,-4.1,,AB,,,,,EDMONTON BLATCHFORD,27214,0,,,,,,"{""type"": ""Point"", ""coordinates"": [-113.51666944444445, 53.57305777777778]}"
3012209.2023.11.10,2023-11-10 00:00:00,3012209,0,,19,,15.2,,10,11,2023,8,,2.8,,43,,-2.4,,AB,,,35,,EDMONTON BLATCHFORD,27214,0,,,,,,"{""type"": ""Point"", ""coordinates"": [-113.51666944444445, 53.57305777777778]}"
3012209.2023.11.11,2023-11-11 00:00:00,3012209,0,,,,16.2,,11,11,2023,7.8,,1.8,,42,,-4.1,,AB,,,,,EDMONTON BLATCHFORD,27214,0,,,,,,"{""type"": ""Point"", ""coordinates"": [-113.51666944444445, 53.57305777777778]}"
3012209.2023.11.12,2023-11-12 00:00:00,3012209,0,,,,15,,12,11,2023,8.4,,3,,33,,-2.4,,AB,,,,,EDMONTON BLATCHFORD,27214,0,,,,,,"{""type"": ""Point"", ""coordinates"": [-113.51666944444445, 53.57305777777778]}"
3012209.2023.11.13,2023-11-13 00:00:00,3012209,0,,30,,16.8,,13,11,2023,4.6,,1.2,,43,,-2.2,,AB,,,35,,EDMONTON BLATCHFORD,27214,0,,,,,,"{""type"": ""Point"", ""coordinates"": [-113.51666944444445, 53.57305777777778]}"
3012209.2023.11.14,2023-11-14 00:00:00,3012209,0,,31,,17,,14,11,2023,5.9,,1,,32,,-3.9,,AB,,,43,,EDMONTON BLATCHFORD,27214,0,,,,,,"{""type"": ""Point"", ""coordinates"": [-113.51666944444445, 53.57305777777778]}"
3012209.2023.11.15,2023-11-15 00:00:00,3012209,0,,30,,19.6,,15,11,2023,2.2,,-1.6,,43,,-5.3,,AB,,,37,,EDMONTON BLATCHFORD,27214,0,,,,,,"{""type"": ""Point"", ""coordinates"": [-113.51666944444445, 53.57305777777778]}"
3012209.2023.11.16,2023-11-16 00:00:00,3012209,0,,29,,20.2,,16,11,2023,4.3,,-2.2,,28,,-8.6,,AB,,,34,,EDMONTON BLATCHFORD,27214,0,,,,,,"{""type"": ""Point"", ""coordinates"": [-113.51666944444445, 53.57305777777778]}"
3012209.2023.11.17,2023-11-17 00:00:00,3012209,0,,,,11.5,,17,11,2023,14,,6.5,,35,,-1.1,,AB,,,,,EDMONTON BLATCHFORD,27214,0,,,,,,"{""type"": ""Point"", ""coordinates"": [-113.51666944444445, 53.57305777777778]}"
3012209.2023.11.18,2023-11-18 00:00:00,3012209,0,,,,13.1,,18,11,2023,11.8,,4.9,,39,,-2,,AB,,,,,EDMONTON BLATCHFORD,27214,0,,,,,,"{""type"": ""Point"", ""coordinates"": [-113.51666944444445, 53.57305777777778]}"
3012209.2023.11.19,2023-11-19 00:00:00,3012209,0,,32,,14.8,,19,11,2023,10.4,,3.2,,29,,-3.9,,AB,,,64,,EDMONTON BLATCHFORD,27214,0,,,,,,"{""type"": ""Point"", ""coordinates"": [-113.51666944444445, 53.57305777777778]}"
3012209.2023.11.20,2023-11-20 00:00:00,3012209,0,,31,,16.5,,20,11,2023,6.3,,1.5,,30,,-3.2,,AB,,,54,,EDMONTON BLATCHFORD,27214,0,,,,,,"{""type"": ""Point"", ""coordinates"": [-113.51666944444445, 53.57305777777778]}"
3012209.2023.11.21,2023-11-21 00:00:00,3012209,0,,,,18.2,,21,11,2023,1.9,,-0.2,,49,,-2.4,,AB,,,,,EDMONTON BLATCHFORD,27214,0,,,,,,"{""type"": ""Point"", ""coordinates"": [-113.51666944444445, 53.57305777777778]}"
3012209.2023.11.22,2023-11-22 00:00:00,3012209,0,,,,21.9,,22,11,2023,-1.1,,-3.9,,59,,-6.7,,AB,,,,,EDMONTON BLATCHFORD,27214,0,,,,,,"{""type"": ""Point"", ""coordinates"": [-113.51666944444445, 53.57305777777778]}"
3012209.2023.11.23,2023-11-23 00:00:00,3012209,0,,,,18.8,,23,11,2023,3.3,,-0.8,,52,,-4.8,,AB,,,,,EDMONTON BLATCHFORD,27214,0,,,,,,"{""type"": ""Point"", ""coordinates"": [-113.51666944444445, 53.57305777777778]}"
3012209.2023.11.24,2023-11-24 00:00:00,3012209,0,,,,19.9,,24,11,2023,3.5,,-1.9,,56,,-7.2,,AB,,,,,EDMONTON BLATCHFORD,27214,0,,,,,,"{""type"": ""Point"", ""coordinates"": [-113.51666944444445, 53.57305777777778]}"
3012209.2023.11.25,2023-11-25 00:00:00,3012209,0,,32,,19.8,,25,11,2023,3.4,,-1.8,,54,,-7,,AB,,,45,,EDMONTON BLATCHFORD,27214,0,,,,,,"{""type"": ""Point"", ""coordinates"": [-113.51666944444445, 53.57305777777778]}"
3012209.2023.11.26,2023-11-26 00:00:00,3012209,0,,,,19.1,,26,11,2023,3.1,,-1.1,,66,,-5.3,,AB,,,,,EDMONTON BLATCHFORD,27214,0,,,,,,"{""type"": ""Point"", ""coordinates"": [-113.51666944444445, 53.57305777777778]}"
3012209.2023.11.27,2023-11-27 00:00:00,3012209,0,,,,19,,27,11,2023,3.2,,-1,,49,,-5.2,,AB,,,,,EDMONTON BLATCHFORD,27214,0,,,,,,"{""type"": ""Point"", ""coordinates"": [-113.51666944444445, 53.57305777777778]}"
3012209.2023.11.28,2023-11-28 00:00:00,3012209,0,,,,15.4,,28,11,2023,7.7,,2.6,,41,,-2.6,,AB,,,,,EDMONTON BLATCHFORD,27214,0,,,,,,"{""type"": ""Point"", ""coordinates"": [-113.51666944444445, 53.57305777777778]}"
3012209.2023.11.29,2023-11-29 00:00:00,3012209,0,,33,,18.3,,29,11,2023,3.1,,-0.3,,35,,-3.7,,AB,,,51,,EDMONTON BLATCHFORD,27214,0,,,,,,"{""type"": ""Point"", ""coordinates"": [-113.51666944444445, 53.57305777777778]}"
3012209.2023.11.30,2023-11-30 00:00:00,3012209,0,,,,23.9,,30,11,2023,-1.3,,-5.9,,54,,-10.5,,AB,,,,,EDMONTON BLATCHFORD,27214,0,,,,,,"{""type"": ""Point"", ""coordinates"": [-113.51666944444445, 53.57305777777778]}"
3012209.2023.12.1,2023-12-01 00:00:00,3012209,0,,,,26.4,,1,12,2023,-5.4,,-8.4,,68,,-11.3,,AB,,,,,EDMONTON BLATCHFORD,27214,0,,,,,,"{""type"": ""Point"", ""coordinates"": [-113.51666944444445, 53.57305777777778]}"
3012209.2023.12.2,2023-12-02 00:00:00,3012209,0,,,,23.9,,2,12,2023,0,,-5.9,,46,,-11.7,,AB,,,,,EDMONTON BLATCHFORD,27214,0,,,,,,"{""type"": ""Point"", ""coordinates"": [-113.51666944444445, 53.57305777777778]}"
3012209.2023.12.3,2023-12-03 00:00:00,3012209,0,,,,20.4,,3,12,2023,2.7,,-2.4,,39,,-7.4,,AB,,,,,EDMONTON BLATCHFORD,27214,0.3,,,,,,"{""type"": ""Point"", ""coordinates"": [-113.51666944444445, 53.57305777777778]}"
3012209.2023.12.4,2023-12-04 00:00:00,3012209,0,,,,19.7,,4,12,2023,2.6,,-1.7,,55,,-5.9,,AB,,,,,EDMONTON BLATCHFORD,27214,0,,,,,,"{""type"": ""Point"", ""coordinates"": [-113.51666944444445, 53.57305777777778]}"
3012209.2023.12.5,2023-12-05 00:00:00,3012209,0,,,,17.2,,5,12,2023,4.7,,0.8,,65,,-3,,AB,,,,,EDMONTON BLATCHFORD,27214,0,,,,,,"{""type"": ""Point"", ""coordinates"": [-113.51666944444445, 53.57305777777778]}"
3012209.2023.12.6,2023-12-06 00:00:00,3012209,0,,,,18,,6,12,2023,3.6,,0,,71,,-3.7,,AB,,,,,EDMONTON BLATCHFORD,27214,0.3,,,,,,"{""type"": ""Point"", ""coordinates"": [-113.51666944444445, 53.57305777777778]}"
3012209.2023.12.7,2023-12-07 00:00:00,3012209,0,,,,20.1,,7,12,2023,1,,-2.1,,69,,-5.2,,AB,,,,,EDMONTON BLATCHFORD,27214,2.7,,,,,,"{""type"": ""Point"", ""coordinates"": [-113.51666944444445, 53.57305777777778]}"
3012209.2023.12.8,2023-12-08 00:00:00,3012209,0,,,,24.8,,8,12,2023,-3.6,,-6.8,,70,,-10.1,,AB,,,,,EDMONTON BLATCHFORD,27214,0,,,,,,"{""type"": ""Point"", ""coordinates"": [-113.51666944444445, 53.57305777777778]}"
3012209.2023.12.9,2023-12-09 00:00:00,3012209,0,,,,25.9,,9,12,2023,-3.6,,-7.9,,54,,-12.3,,AB,,,,,EDMONTON BLATCHFORD,27214,0,,,,,,"{""type"": ""Point"", ""coordinates"": [-113.51666944444445, 53.57305777777778]}"
3012209.2023.12.10,2023-12-10 00:00:00,3012209,0,,,,21.7,,10,12,2023,3,,-3.7,,52,,-10.5,,AB,,,,,EDMONTON BLATCHFORD,27214,0,,,,,,"{""type"": ""Point"", ""coordinates"": [-113.51666944444445, 53.57305777777778]}"
3012209.2023.12.11,2023-12-11 00:00:00,3012209,0,,33,,22.7,,11,12,2023,-0.8,,-4.7,,47,,-8.6,,AB,,,40,,EDMONTON BLATCHFORD,27214,0,,,,,,"{""type"": ""Point"", ""coordinates"": [-113.51666944444445, 53.57305777777778]}"
3012209.2023.12.12,2023-12-12 00:00:00,3012209,0,,,,21.5,,12,12,2023,3.4,,-3.5,,44,,-10.5,,AB,,,,,EDMONTON BLATCHFORD,27214,0,,,,,,"{""type"": ""Point"", ""coordinates"": [-113.51666944444445, 53.57305777777778]}"
3012209.2023.12.13,2023-12-13 00:00:00,3012209,0,,,,16.4,,13,12,2023,7.4,,1.6,,30,,-4.3,,AB,,,,,EDMONTON BLATCHFORD,27214,0,,,,,,"{""type"": ""Point"", ""coordinates"": [-113.51666944444445, 53.57305777777778]}"
3012209.2023.12.14,2023-12-14 00:00:00,3012209,0,,,,15.3,,14,12,2023,6.7,,2.7,,36,,-1.2,,AB,,,,,EDMONTON BLATCHFORD,27214,0,,,,,,"{""type"": ""Point"", ""coordinates"": [-113.51666944444445, 53.57305777777778]}"
3012209.2023.12.15,2023-12-15 00:00:00,3012209,0,,,,18.4,,15,12,2023,1.4,,-0.4,,80,,-2.2,,AB,,,,,EDMONTON BLATCHFORD,27214,0,,,,,,"{""type"": ""Point"", ""coordinates"": [-113.51666944444445, 53.57305777777778]}"
3012209.2023.12.16,2023-12-16 00:00:00,3012209,0,,27,,17.7,,16,12,2023,4.3,,0.3,,54,,-3.7,,AB,,,57,,EDMONTON BLATCHFORD,27214,0,,,,,,"{""type"": ""Point"", ""coordinates"": [-113.51666944444445, 53.57305777777778]}"
3012209.2023.12.17,2023-12-17 00:00:00,3012209,0,,33,,21.8,,17,12,2023,0.5,,-3.8,,51,,-8,,AB,,,45,,EDMONTON BLATCHFORD,27214,0,,,,,,"{""type"": ""Point"", ""coordinates"": [-113.51666944444445, 53.57305777777778]}"
3012209.2023.12.18,2023-12-18 00:00:00,3012209,0,,,,18.3,,18,12,2023,5.3,,-0.3,,54,,-5.9,,AB,,,,,EDMONTON BLATCHFORD,27214,0,,,,,,"{""type"": ""Point"", ""coordinates"": [-113.51666944444445, 53.57305777777778]}"
3012209.2023.12.19,2023-12-19 00:00:00,3012209,0,,14,,19.7,,19,12,2023,0,,-1.7,,63,,-3.4,,AB,,,34,,EDMONTON BLATCHFORD,27214,0.5,,,,,,"{""type"": ""Point"", ""coordinates"": [-113.51666944444445, 53.57305777777778]}"
3012209.2023.12.20,2023-12-20 00:00:00,3012209,0,,,,19.6,,20,12,2023,1.2,,-1.6,,73,,-4.4,,AB,,,,,EDMONTON BLATCHFORD,27214,0,,,,,,"{""type"": ""Point"", ""coordinates"": [-113.51666944444445, 53.57305777777778]}"
3012209.2023.12.21,2023-12-21 00:00:00,3012209,0,,16,,18.5,,21,12,2023,5.3,,-0.5,,53,,-6.3,,AB,,,33,,EDMONTON BLATCHFORD,27214,0,,,,,,"{""type"": ""Point"", ""coordinates"": [-113.51666944444445, 53.57305777777778]}"
3012209.2023.12.22,2023-12-22 00:00:00,3012209,0,,33,,17.2,,22,12,2023,6.4,,0.8,,49,,-4.9,,AB,,,36,,EDMONTON BLATCHFORD,27214,0,,,,,,"{""type"": ""Point"", ""coordinates"": [-113.51666944444445, 53.57305777777778]}"
3012209.2023.12.23,2023-12-23 00:00:00,3012209,0,,32,,18.9,,23,12,2023,4.3,,-0.9,,35,,-6.1,,AB,,,58,,EDMONTON BLATCHFORD,27214,0,,,,,,"{""type"": ""Point"", ""coordinates"": [-113.51666944444445, 53.57305777777778]}"
3012209.2023.12.24,2023-12-24 00:00:00,3012209,0,,,,23.2,,24,12,2023,-0.3,,-5.2,,44,,-10.2,,AB,,,,,EDMONTON BLATCHFORD,27214,0,,,,,,"{""type"": ""Point"", ""coordinates"": [-113.51666944444445, 53.57305777777778]}"
3012209.2023.12.25,2023-12-25 00:00:00,3012209,0,,,,22.3,,25,12,2023,2.5,,-4.3,,38,,-11.2,,AB,,,,,EDMONTON BLATCHFORD,27214,0,,,,,,"{""type"": ""Point"", ""coordinates"": [-113.51666944444445, 53.57305777777778]}"
3012209.2023.12.26,2023-12-26 00:00:00,3012209,0,,,,16.7,,26,12,2023,9,,1.3,,37,,-6.5,,AB,,,,,EDMONTON BLATCHFORD,27214,0,,,,,,"{""type"": ""Point"", ""coordinates"": [-113.51666944444445, 53.57305777777778]}"
3012209.2023.12.27,2023-12-27 00:00:00,3012209,0,,19,,20.4,,27,12,2023,4.2,,-2.4,,37,,-8.9,,AB,,,32,,EDMONTON BLATCHFORD,27214,0,,,,,,"{""type"": ""Point"", ""coordinates"": [-113.51666944444445, 53.57305777777778]}"
3012209.2023.12.28,2023-12-28 00:00:00,3012209,0,,,,15.5,,28,12,2023,9.7,,2.5,,38,,-4.7,,AB,,,,,EDMONTON BLATCHFORD,27214,0,,,,,,"{""type"": ""Point"", ""coordinates"": [-113.51666944444445, 53.57305777777778]}"
3012209.2023.12.29,2023-12-29 00:00:00,3012209,0,,,,19.6,,29,12,2023,4,,-1.6,,51,,-7.2,,AB,,,,,EDMONTON BLATCHFORD,27214,0,,,,,,"{""type"": ""Point"", ""coordinates"": [-113.51666944444445, 53.57305777777778]}"
3012209.2023.12.30,2023-12-30 00:00:00,3012209,0,,15,,17.7,,30,12,2023,3.9,,0.3,,60,,-3.3,,AB,,,32,,EDMONTON BLATCHFORD,27214,0,,,,,,"{""type"": ""Point"", ""coordinates"": [-113.51666944444445, 53.57305777777778]}"
3012209.2023.12.31,2023-12-31 00:00:00,3012209,0,,,,18.9,,31,12,2023,4.2,,-0.9,,66,,-6.1,,AB,,,,,EDMONTON BLATCHFORD,27214,0,,,,,,"{""type"": ""Point"", ""coordinates"": [-113.51666944444445, 53.57305777777778]}"
3012209.2024.1.1,2024-01-01 00:00:00,3012209,0,,,,20.6,,1,1,2024,1.5,,-2.6,,56,,-6.8,,AB,,,,,EDMONTON BLATCHFORD,27214,0,,,,,,"{""type"": ""Point"", ""coordinates"": [-113.51666944444445, 53.57305777777778]}"
3012209.2024.1.2,2024-01-02 00:00:00,3012209,0,,,,23.8,,2,1,2024,-2.6,,-5.8,,72,,-9.1,,AB,,,,,EDMONTON BLATCHFORD,27214,0,,,,,,"{""type"": ""Point"", ""coordinates"": [-113.51666944444445, 53.57305777777778]}"
3012209.2024.1.3,2024-01-03 00:00:00,3012209,0,,,,26.7,,3,1,2024,-5.8,,-8.7,,88,,-11.6,,AB,,,,,EDMONTON BLATCHFORD,27214,0,,,,,,"{""type"": ""Point"", ""coordinates"": [-113.51666944444445, 53.57305777777778]}"
3012209.2024.1.4,2024-01-04 00:00:00,3012209,0,,,,25.8,,4,1,2024,-5.7,,-7.8,,88,,-10,,AB,,,,,EDMONTON BLATCHFORD,27214,0,,,,,,"{""type"": ""Point"", ""coordinates"": [-113.51666944444445, 53.57305777777778]}"
3012209.2024.1.5,2024-01-05 00:00:00,3012209,0,,,,24.3,,5,1,2024,-1.1,,-6.3,,72,,-11.5,,AB,,,,,EDMONTON BLATCHFORD,27214,0,,,,,,"{""type"": ""Point"", ""coordinates"": [-113.51666944444445, 53.57305777777778]}"
3012209.2024.1.6,2024-01-06 00:00:00,3012209,0,,,,28.2,,6,1,2024,-7.7,,-10.2,,81,,-12.7,,AB,,,,,EDMONTON BLATCHFORD,27214,0,,,,,,"{""type"": ""Point"", ""coordinates"": [-113.51666944444445, 53.57305777777778]}"
3012209.2024.1.7,2024-01-07 00:00:00,3012209,0,,,,32.8,,7,1,2024,-12.6,,-14.8,,67,,-17,,AB,,,,,EDMONTON BLATCHFORD,27214,0,,,,,,"{""type"": ""Point"", ""coordinates"": [-113.51666944444445, 53.57305777777778]}"
3012209.2024.1.8,2024-01-08 00:00:00,3012209,0,,,,32.1,,8,1,2024,-9,,-14.1,,61,,-19.2,,AB,,,,,EDMONTON BLATCHFORD,27214,0,,,,,,"{""type"": ""Point"", ""coordinates"": [-113.51666944444445, 53.57305777777778]}"
3012209.2024.1.9,2024-01-09 00:00:00,3012209,0,,6,,34.8,,9,1,2024,-13.1,,-16.8,,79,,-20.5,,AB,,,34,,EDMONTON BLATCHFORD,27214,3.3,,,,,,"{""type"": ""Point"", ""coordinates"": [-113.51666944444445, 53.57305777777778]}"
3012209.2024.1.10,2024-01-10 00:00:00,3012209,0,,,,42,,10,1,2024,-20.5,,-24,,73,,-27.5,,AB,,,,,EDMONTON BLATCHFORD,27214,1.8,,,,,,"{""type"": ""Point"", ""coordinates"": [-113.51666944444445, 53.57305777777778]}"
3012209.2024.1.11,2024-01-11 00:00:00,3012209,0,,35,,49,,11,1,2024,-27.5,,-31,,67,,-34.6,,AB,,,36,,EDMONTON BLATCHFORD,27214,0.2,,,,,,"{""type"": ""Point"", ""coordinates"": [-113.51666944444445, 53.57305777777778]}"
3012209.2024.1.12,2024-01-12 00:00:00,3012209,0,,,,52.3,,12,1,2024,-31.8,,-34.3,,68,,-36.9,,AB,,,,,EDMONTON BLATCHFORD,27214,0,,,,,,"{""type"": ""Point"", ""coordinates"": [-113.51666944444445, 53.57305777777778]}"
3012209.2024.1.13,2024-01-13 00:00:00,3012209,0,,,,49.9,,13,1,2024,-27.9,,-31.9,,66,,-36,,AB,,,,,EDMONTON BLATCHFORD,27214,0,,,,,,"{""type"": ""Point"", ""coordinates"": [-113.51666944444445, 53.57305777777778]}"
3012209.2024.1.14,2024-01-14 00:00:00,3012209,0,,,,52.5,,14,1,2024,-31.3,,-34.5,,68,,-37.7,,AB,,,,,EDMONTON BLATCHFORD,27214,0,,,,,,"{""type"": ""Point"", ""coordinates"": [-113.51666944444445, 53.57305777777778]}"
3012209.2024.1.15,2024-01-15 00:00:00,3012209,0,,,,45.7,,15,1,2024,-21.1,,-27.7,,70,,-34.2,,AB,,,,,EDMONTON BLATCHFORD,27214,0.2,,,,,,"{""type"": ""Point"", ""coordinates"": [-113.51666944444445, 53.57305777777778]}"
3012209.2024.1.16,2024-01-16 00:00:00,3012209,0,,,,35.4,,16,1,2024,-13.4,,-17.4,,74,,-21.3,,AB,,,,,EDMONTON BLATCHFORD,27214,0.9,,,,,,"{""type"": ""Point"", ""coordinates"": [-113.51666944444445, 53.57305777777778]}"
3012209.2024.1.17,2024-01-17 00:00:00,3012209,0,,,,39.3,,17,1,2024,-19.2,,-21.3,,65,,-23.5,,AB,,,,,EDMONTON BLATCHFORD,27214,0,,,,,,"{""type"": ""Point"", ""coordinates"": [-113.51666944444445, 53.57305777777778]}"
3012209.2024.1.18,2024-01-18 00:00:00,3012209,0,,,,38.6,,18,1,2024,-17.9,,-20.6,,63,,-23.2,,AB,,,,,EDMONTON BLATCHFORD,27214,0,,,,,,"{""type"": ""Point"", ""coordinates"": [-113.51666944444445, 53.57305777777778]}"
3012209.2024.1.19,2024-01-19 00:00:00,3012209,0,,,,38.7,,19,1,2024,-15.7,,-20.7,,59,,-25.7,,AB,,,,,EDMONTON BLATCHFORD,27214,0,,,,,,"{""type"": ""Point"", ""coordinates"": [-113.51666944444445, 53.57305777777778]}"
3012209.2024.1.20,2024-01-20 00:00:00,3012209,0,,,,32.6,,20,1,2024,-12.5,,-14.6,,72,,-16.7,,AB,,,,,EDMONTON BLATCHFORD,27214,0.6,,,,,,"{""type"": ""Point"", ""coordinates"": [-113.51666944444445, 53.57305777777778]}"
3012209.2024.1.21,2024-01-21 00:00:00,3012209,0,,,,30.1,,21,1,2024,-11.3,,-12.1,,76,,-13,,AB,,,,,EDMONTON BLATCHFORD,27214,4.8,,,,,,"{""type"": ""Point"", ""coordinates"": [-113.51666944444445, 53.57305777777778]}"
3012209.2024.1.22,2024-01-22 00:00:00,3012209,0,,18,,30.3,,22,1,2024,-10.8,,-12.3,,76,,-13.7,,AB,,,37,,EDMONTON BLATCHFORD,27214,0.4,,,,,,"{""type"": ""Point"", ""coordinates"": [-113.51666944444445, 53.57305777777778]}"
3012209.2024.1.23,2024-01-23 00:00:00,3012209,0,,,,25.9,,23,1,2024,-3.1,,-7.9,,61,,-12.8,,AB,,,,,EDMONTON BLATCHFORD,27214,0.2,,,,,,"{""type"": ""Point"", ""coordinates"": [-113.51666944444445, 53.57305777777778]}"
3012209.2024.1.24,2024-01-24 00:00:00,3012209,0,,,,22,,24,1,2024,2.1,,-4,,63,,-10,,AB,,,,,EDMONTON BLATCHFORD,27214,0,,,,,,"{""type"": ""Point"", ""coordinates"": [-113.51666944444445, 53.57305777777778]}"
3012209.2024.1.25,2024-01-25 00:00:00,3012209,0,,,,22.8,,25,1,2024,0,,-4.8,,74,,-9.6,,AB,,,,,EDMONTON BLATCHFORD,27214,0,,,,,,"{""type"": ""Point"", ""coordinates"": [-113.51666944444445, 53.57305777777778]}"
3012209.2024.1.26,2024-01-26 00:00:00,3012209,0,,,,20,,26,1,2024,4.7,,-2,,48,,-8.7,,AB,,,,,EDMONTON BLATCHFORD,27214,0,,,,,,"{""type"": ""Point"", ""coordinates"": [-113.51666944444445, 53.57305777777778]}"
3012209.2024.1.27,2024-01-27 00:00:00,3012209,0,,,,19,,27,1,2024,6,,-1,,52,,-7.9,,AB,,,,,EDMONTON BLATCHFORD,27214,0,,,,,,"{""type"": ""Point"", ""coordinates"": [-113.51666944444445, 53.57305777777778]}"
3012209.2024.1.28,2024-01-28 00:00:00,3012209,0,,,,14.6,,28,1,2024,10,,3.4,,49,,-3.2,,AB,,,,,EDMONTON BLATCHFORD,27214,0,,,,,,"{""type"": ""Point"", ""coordinates"": [-113.51666944444445, 53.57305777777778]}"
3012209.2024.1.29,2024-01-29 00:00:00,3012209,0,,,,16.9,,29,1,2024,6.8,,1.1,,60,,-4.6,,AB,,,,,EDMONTON BLATCHFORD,27214,0,,,,,,"{""type"": ""Point"", ""coordinates"": [-113.51666944444445, 53.57305777777778]}"
3012209.2024.1.30,2024-01-30 00:00:00,3012209,0,,31,,12.2,,30,1,2024,12.4,,5.8,,43,,-0.9,,AB,,,45,,EDMONTON BLATCHFORD,27214,0,,,,,,"{""type"": ""Point"", ""coordinates"": [-113.51666944444445, 53.57305777777778]}"
3012209.2024.1.31,2024-01-31 00:00:00,3012209,0,,15,,16.9,,31,1,2024,7.7,,1.1,,42,,-5.4,,AB,,,37,,EDMONTON BLATCHFORD,27214,0,,,,,,"{""type"": ""Point"", ""coordinates"": [-113.51666944444445, 53.57305777777778]}"
3012209.2024.2.1,2024-02-01 00:00:00,3012209,0,,,,13.6,,1,2,2024,11.3,,4.4,,52,,-2.6,,AB,,,,,EDMONTON BLATCHFORD,27214,0,,,,,,"{""type"": ""Point"", ""coordinates"": [-113.51666944444445, 53.57305777777778]}"
3012209.2024.2.2,2024-02-02 00:00:00,3012209,0,,,,16.4,,2,2,2024,6.4,,1.6,,73,,-3.2,,AB,,,,,EDMONTON BLATCHFORD,27214,0,,,,,,"{""type"": ""Point"", ""coordinates"": [-113.51666944444445, 53.57305777777778]}"
3012209.2024.2.3,2024-02-03 00:00:00,3012209,0,,35,,19.7,,3,2,2024,3.6,,-1.7,,56,,-6.9,,AB,,,44,,EDMONTON BLATCHFORD,27214,0,,,,,,"{""type"": ""Point"", ""coordinates"": [-113.51666944444445, 53.57305777777778]}"
3012209.2024.2.4,2024-02-04 00:00:00,3012209,0,,,,26.2,,4,2,2024,-6,,-8.2,,45,,-10.3,,AB,,,,,EDMONTON BLATCHFORD,27214,1.5,,,,,,"{""type"": ""Point"", ""coordinates"": [-113.51666944444445, 53.57305777777778]}"
3012209.2024.2.5,2024-02-05 00:00:00,3012209,0,,,,26.1,,5,2,2024,-6.9,,-8.1,,78,,-9.3,,AB,,,,,EDMONTON BLATCHFORD,27214,3.2,,,,,,"{""type"": ""Point"", ""coordinates"": [-113.51666944444445, 53.57305777777778]}"
3012209.2024.2.6,2024-02-06 00:00:00,3012209,0,,,,24.4,,6,2,2024,-4.8,,-6.4,,75,,-7.9,,AB,,,,,EDMONTON BLATCHFORD,27214,0,,,,,,"{""type"": ""Point"", ""coordinates"": [-113.51666944444445, 53.57305777777778]}"
3012209.2024.2.7,2024-02-07 00:00:00,3012209,0,,,,22.4,,7,2,2024,-2.9,,-4.4,,77,,-5.9,,AB,,,,,EDMONTON BLATCHFORD,27214,0,,,,,,"{""type"": ""Point"", ""coordinates"": [-113.51666944444445, 53.57305777777778]}"
3012209.2024.2.8,2024-02-08 00:00:00,3012209,0,,,,21.8,,8,2,2024,-2.9,,-3.8,,76,,-4.7,,AB,,,,,EDMONTON BLATCHFORD,27214,1.5,,,,,,"{""type"": ""Point"", ""coordinates"": [-113.51666944444445, 53.57305777777778]}"
3012209.2024.2.9,2024-02-09 00:00:00,3012209,0,,,,26,,9,2,2024,-4,,-8,,60,,-11.9,,AB,,,,,EDMONTON BLATCHFORD,27214,0,,,,,,"{""type"": ""Point"", ""coordinates"": [-113.51666944444445, 53.57305777777778]}"
3012209.2024.2.10,2024-02-10 00:00:00,3012209,0,,,,25.5,,10,2,2024,-0.6,,-7.5,,57,,-14.3,,AB,,,,,EDMONTON BLATCHFORD,27214,0,,,,,,"{""type"": ""Point"", ""coordinates"": [-113.51666944444445, 53.57305777777778]}"
3012209.2024.2.11,2024-02-11 00:00:00,3012209,0,,,,18.4,,11,2,2024,4.3,,-0.4,,43,,-5.2,,AB,,,,,EDMONTON BLATCHFORD,27214,0,,,,,,"{""type"": ""Point"", ""coordinates"": [-113.51666944444445, 53.57305777777778]}"
3012209.2024.2.12,2024-02-12 00:00:00,3012209,0,,31,,21.5,,12,2,2024,1.9,,-3.5,,40,,-8.9,,AB,,,35,,EDMONTON BLATCHFORD,27214,0,,,,,,"{""type"": ""Point"", ""coordinates"": [-113.51666944444445, 53.57305777777778]}"
3012209.2024.2.13,2024-02-13 00:00:00,3012209,0,,35,,21.9,,13,2,2024,-1.7,,-3.9,,51,,-6.1,,AB,,,35,,EDMONTON BLATCHFORD,27214,0,,,,,,"{""type"": ""Point"", ""coordinates"": [-113.51666944444445, 53.57305777777778]}"
3012209.2024.2.14,2024-02-14 00:00:00,3012209,0,,,,25.4,,14,2,2024,-6.1,,-7.4,,61,,-8.7,,AB,,,,,EDMONTON BLATCHFORD,27214,0,,,,,,"{""type"": ""Point"", ""coordinates"": [-113.51666944444445, 53.57305777777778]}"
3012209.2024.2.15,2024-02-15 00:00:00,3012209,0,,,,27.2,,15,2,2024,-5.8,,-9.2,,51,,-12.7,,AB,,,,,EDMONTON BLATCHFORD,27214,0,,,,,,"{""type"": ""Point"", ""coordinates"": [-113.51666944444445, 53.57305777777778]}"
3012209.2024.2.16,2024-02-16 00:00:00,3012209,0,,,,25.3,,16,2,2024,0.7,,-7.3,,32,,-15.3,,AB,,,,,EDMONTON BLATCHFORD,27214,0,,,,,,"{""type"": ""Point"", ""coordinates"": [-113.51666944444445, 53.57305777777778]}"
3012209.2024.2.17,2024-02-17 00:00:00,3012209,0,,,,20.1,,17,2,2024,6,,-2.1,,28,,-10.2,,AB,,,,,EDMONTON BLATCHFORD,27214,0,,,,,,"{""type"": ""Point"", ""coordinates"": [-113.51666944444445, 53.57305777777778]}"
3012209.2024.2.18,2024-02-18 00:00:00,3012209,0,,,,22,,18,2,2024,4.4,,-4,,33,,-12.4,,AB,,,,,EDMONTON BLATCHFORD,27214,0,,,,,,"{""type"": ""Point"", ""coordinates"": [-113.51666944444445, 53.57305777777778]}"
3012209.2024.2.19,2024-02-19 00:00:00,3012209,0,,,,21.6,,19,2,2024,5.7,,-3.6,,31,,-12.8,,AB,,,,,EDMONTON BLATCHFORD,27214,0,,,,,,"{""type"": ""Point"", ""coordinates"": [-113.51666944444445, 53.57305777777778]}"
3012209.2024.2.20,2024-02-20 00:00:00,3012209,0,,,,21.9,,20,2,2024,1.5,,-3.9,,50,,-9.3,,AB,,,,,EDMONTON BLATCHFORD,27214,0,,,,,,"{""type"": ""Point"", ""coordinates"": [-113.51666944444445, 53.57305777777778]}"
3012209.2024.2.21,2024-02-21 00:00:00,3012209,0,,,,20.3,,21,2,2024,4.9,,-2.3,,66,,-9.5,,AB,,,,,EDMONTON BLATCHFORD,27214,0,,,,,,"{""type"": ""Point"", ""coordinates"": [-113.51666944444445, 53.57305777777778]}"
3012209.2024.2.22,2024-02-22 00:00:00,3012209,0,,,,15,,22,2,2024,8.5,,3,,33,,-2.6,,AB,,,,,EDMONTON BLATCHFORD,27214,0,,,,,,"{""type"": ""Point"", ""coordinates"": [-113.51666944444445, 53.57305777777778]}"
3012209.2024.2.23,2024-02-23 00:00:00,3012209,0,,31,,12.7,,23,2,2024,11.2,,5.3,,26,,-0.6,,AB,,,50,,EDMONTON BLATCHFORD,27214,0,,,,,,"{""type"": ""Point"", ""coordinates"": [-113.51666944444445, 53.57305777777778]}"
3012209.2024.2.24,2024-02-24 00:00:00,3012209,0,,35,,16.9,,24,2,2024,5.6,,1.1,,37,,-3.4,,AB,,,43,,EDMONTON BLATCHFORD,27214,0,,,,,,"{""type"": ""Point"", ""coordinates"": [-113.51666944444445, 53.57305777777778]}"
3012209.2024.2.25,2024-02-25 00:00:00,3012209,0,,8,,24,,25,2,2024,-1.5,,-6,,68,,-10.5,,AB,,,51,,EDMONTON BLATCHFORD,27214,6.8,,,,,,"{""type"": ""Point"", ""coordinates"": [-113.51666944444445, 53.57305777777778]}"
3012209.2024.2.26,2024-02-26 00:00:00,3012209,0,,5,,33.8,,26,2,2024,-10.4,,-15.8,,72,,-21.3,,AB,,,50,,EDMONTON BLATCHFORD,27214,6.8,,,,,,"{""type"": ""Point"", ""coordinates"": [-113.51666944444445, 53.57305777777778]}"
3012209.2024.2.27,2024-02-27 00:00:00,3012209,0,,,,37.7,,27,2,2024,-15.8,,-19.7,,61,,-23.5,,AB,,,,,EDMONTON BLATCHFORD,27214,0.2,,,,,,"{""type"": ""Point"", ""coordinates"": [-113.51666944444445, 53.57305777777778]}"
3012209.2024.2.28,2024-02-28 00:00:00,3012209,0,,16,,35.4,,28,2,2024,-13.8,,-17.4,,64,,-20.9,,AB,,,33,,EDMONTON BLATCHFORD,27214,0,,,,,,"{""type"": ""Point"", ""coordinates"": [-113.51666944444445, 53.57305777777778]}"
3012209.2024.2.29,2024-02-29 00:00:00,3012209,0,,32,,33.4,,29,2,2024,-12.3,,-15.4,,64,,-18.6,,AB,,,34,,EDMONTON BLATCHFORD,27214,0,,,,,,"{""type"": ""Point"", ""coordinates"": [-113.51666944444445, 53.57305777777778]}"
3012209.2024.3.1,2024-03-01 00:00:00,3012209,0,,,,33.1,,1,3,2024,-12.3,,-15.1,,53,,-17.9,,AB,,,,,EDMONTON BLATCHFORD,27214,0.2,,,,,,"{""type"": ""Point"", ""coordinates"": [-113.51666944444445, 53.57305777777778]}"
3012209.2024.3.2,2024-03-02 00:00:00,3012209,0,,6,,33.5,,2,3,2024,-14.2,,-15.5,,60,,-16.8,,AB,,,32,,EDMONTON BLATCHFORD,27214,4.4,,,,,,"{""type"": ""Point"", ""coordinates"": [-113.51666944444445, 53.57305777777778]}"
3012209.2024.3.3,2024-03-03 00:00:00,3012209,0,,33,,36.4,,3,3,2024,-15.6,,-18.4,,57,,-21.3,,AB,,,32,,EDMONTON BLATCHFORD,27214,0,,,,,,"{""type"": ""Point"", ""coordinates"": [-113.51666944444445, 53.57305777777778]}"
3012209.2024.3.4,2024-03-04 00:00:00,3012209,0,,30,,39.1,,4,3,2024,-17.8,,-21.1,,53,,-24.5,,AB,,,38,,EDMONTON BLATCHFORD,27214,0.2,,,,,,"{""type"": ""Point"", ""coordinates"": [-113.51666944444445, 53.57305777777778]}"
3012209.2024.3.5,2024-03-05 00:00:00,3012209,0,,,,38.6,,5,3,2024,-16.6,,-20.6,,55,,-24.6,,AB,,,,,EDMONTON BLATCHFORD,27214,1.1,,,,,,"{""type"": ""Point"", ""coordinates"": [-113.51666944444445, 53.57305777777778]}"
3012209.2024.3.6,2024-03-06 00:00:00,3012209,0,,,,38.5,,6,3,2024,-13.8,,-20.5,,47,,-27.2,,AB,,,,,EDMONTON BLATCHFORD,27214,0,,,,,,"{""type"": ""Point"", ""coordinates"": [-113.51666944444445, 53.57305777777778]}"
3012209.2024.3.7,2024-03-07 00:00:00,3012209,0,,,,29.4,,7,3,2024,-0.9,,-11.4,,42,,-21.9,,AB,,,,,EDMONTON BLATCHFORD,27214,0,,,,,,"{""type"": ""Point"", ""coordinates"": [-113.51666944444445, 53.57305777777778]}"
3012209.2024.3.8,2024-03-08 00:00:00,3012209,0,,,,21.6,,8,3,2024,5.4,,-3.6,,35,,-12.5,,AB,,,,,EDMONTON BLATCHFORD,27214,0,,,,,,"{""type"": ""Point"", ""coordinates"": [-113.51666944444445, 53.57305777777778]}"
3012209.2024.3.9,2024-03-09 00:00:00,3012209,0,,,,16.9,,9,3,2024,8.2,,1.1,,34,,-6,,AB,,,,,EDMONTON BLATCHFORD,27214,0,,,,,,"{""type"": ""Point"", ""coordinates"": [-113.51666944444445, 53.57305777777778]}"
3012209.2024.3.10,2024-03-10 00:00:00,3012209,0,,,,14,,10,3,2024,10.4,,4,,30,,-2.3,,AB,,,,,EDMONTON BLATCHFORD,27214,0,,,,,,"{""type"": ""Point"", ""coordinates"": [-113.51666944444445, 53.57305777777778]}"
3012209.2024.3.11,2024-03-11 00:00:00,3012209,0,,,,16.5,,11,3,2024,8.3,,1.5,,41,,-5.4,,AB,,,,,EDMONTON BLATCHFORD,27214,0,,,,,,"{""type"": ""Point"", ""coordinates"": [-113.51666944444445, 53.57305777777778]}"
3012209.2024.3.12,2024-03-12 00:00:00,3012209,0,,,,16.9,,12,3,2024,4.9,,1.1,,61,,-2.7,,AB,,,,,EDMONTON BLATCHFORD,27214,0,,,,,,"{""type"": ""Point"", ""coordinates"": [-113.51666944444445, 53.57305777777778]}"
3012209.2024.3.13,2024-03-13 00:00:00,3012209,0,,,,17.3,,13,3,2024,7.6,,0.7,,51,,-6.2,,AB,,,,,EDMONTON BLATCHFORD,27214,0,,,,,,"{""type"": ""Point"", ""coordinates"": [-113.51666944444445, 53.57305777777778]}"
3012209.2024.3.14,2024-03-14 00:00:00,3012209,0,,,,14,,14,3,2024,11.4,,4,,31,,-3.5,,AB,,,,,EDMONTON BLATCHFORD,27214,0,,,,,,"{""type"": ""Point"", ""coordinates"": [-113.51666944444445, 53.57305777777778]}"
3012209.2024.3.15,2024-03-15 00:00:00,3012209,0,,33,,10.5,,15,3,2024,10.6,,7.5,,37,,4.5,,AB,,,34,,EDMONTON BLATCHFORD,27214,0,,,,,,"{""type"": ""Point"", ""coordinates"": [-113.51666944444445, 53.57305777777778]}"
3012209.2024.3.16,2024-03-16 00:00:00,3012209,0,,,,12.2,,16,3,2024,9.8,,5.8,,36,,1.8,,AB,,,,,EDMONTON BLATCHFORD,27214,0,,,,,,"{""type"": ""Point"", ""coordinates"": [-113.51666944444445, 53.57305777777778]}"
3012209.2024.3.17,2024-03-17 00:00:00,3012209,0,,17,,10.5,,17,3,2024,14.5,,7.5,,50,,0.5,,AB,,,35,,EDMONTON BLATCHFORD,27214,0,,,,,,"{""type"": ""Point"", ""coordinates"": [-113.51666944444445, 53.57305777777778]}"
3012209.2024.3.18,2024-03-18 00:00:00,3012209,0,,32,,8.2,,18,3,2024,16.2,,9.8,,18,,3.4,,AB,,,34,,EDMONTON BLATCHFORD,27214,0,,,,,,"{""type"": ""Point"", ""coordinates"": [-113.51666944444445, 53.57305777777778]}"
3012209.2024.3.19,2024-03-19 00:00:00,3012209,0,,,,18.3,,19,3,2024,3.4,,-0.3,,59,,-4.1,,AB,,,,,EDMONTON BLATCHFORD,27214,0,,,,,,"{""type"": ""Point"", ""coordinates"": [-113.51666944444445, 53.57305777777778]}"
3012209.2024.3.20,2024-03-20 00:00:00,3012209,0,,,,23.5,,20,3,2024,-3.8,,-5.5,,51,,-7.3,,AB,,,,,EDMONTON BLATCHFORD,27214,1.8,,,,,,"{""type"": ""Point"", ""coordinates"": [-113.51666944444445, 53.57305777777778]}"
3012209.2024.3.21,2024-03-21 00:00:00,3012209,0,,35,,23.6,,21,3,2024,-2.6,,-5.6,,63,,-8.6,,AB,,,31,,EDMONTON BLATCHFORD,27214,2,,,,,,"{""type"": ""Point"", ""coordinates"": [-113.51666944444445, 53.57305777777778]}"
3012209.2024.3.22,2024-03-22 00:00:00,3012209,0,,,,26.4,,22,3,2024,-5.8,,-8.4,,64,,-11.1,,AB,,,,,EDMONTON BLATCHFORD,27214,0.4,,,,,,"{""type"": ""Point"", ""coordinates"": [-113.51666944444445, 53.57305777777778]}"
3012209.2024.3.23,2024-03-23 00:00:00,3012209,0,,,,24.3,,23,3,2024,-4.2,,-6.3,,65,,-8.5,,AB,,,,,EDMONTON BLATCHFORD,27214,0.4,,,,,,"{""type"": ""Point"", ""coordinates"": [-113.51666944444445, 53.57305777777778]}"
3012209.2024.3.24,2024-03-24 00:00:00,3012209,0,,15,,22.3,,24,3,2024,-1.9,,-4.3,,60,,-6.7,,AB,,,37,,EDMONTON BLATCHFORD,27214,0,,,,,,"{""type"": ""Point"", ""coordinates"": [-113.51666944444445, 53.57305777777778]}"
3012209.2024.3.25,2024-03-25 00:00:00,3012209,0,,16,,22.7,,25,3,2024,-2.5,,-4.7,,58,,-6.9,,AB,,,41,,EDMONTON BLATCHFORD,27214,0,,,,,,"{""type"": ""Point"", ""coordinates"": [-113.51666944444445, 53.57305777777778]}"
3012209.2024.3.26,2024-03-26 00:00:00,3012209,0,,17,,21.3,,26,3,2024,0.6,,-3.3,,62,,-7.3,,AB,,,34,,EDMONTON BLATCHFORD,27214,0,,,,,,"{""type"": ""Point"", ""coordinates"": [-113.51666944444445, 53.57305777777778]}"
3012209.2024.3.27,2024-03-27 00:00:00,3012209,0,,36,,14.9,,27,3,2024,11,,3.1,,29,,-4.8,,AB,,,36,,EDMONTON BLATCHFORD,27214,0,,,,,,"{""type"": ""Point"", ""coordinates"": [-113.51666944444445, 53.57305777777778]}"
3012209.2024.3.28,2024-03-28 00:00:00,3012209,0,,3,,21.7,,28,3,2024,-1,,-3.7,,56,,-6.4,,AB,,,33,,EDMONTON BLATCHFORD,27214,2.6,,,,,,"{""type"": ""Point"", ""coordinates"": [-113.51666944444445, 53.57305777777778]}"
3012209.2024.3.29,2024-03-29 00:00:00,3012209,0,,,,22.9,,29,3,2024,-1.4,,-4.9,,44,,-8.4,,AB,,,,,EDMONTON BLATCHFORD,27214,0,,,,,,"{""type"": ""Point"", ""coordinates"": [-113.51666944444445, 53.57305777777778]}"
3012209.2024.3.30,2024-03-30 00:00:00,3012209,0,,,,21.2,,30,3,2024,3.8,,-3.2,,40,,-10.3,,AB,,,,,EDMONTON BLATCHFORD,27214,0,,,,,,"{""type"": ""Point"", ""coordinates"": [-113.51666944444445, 53.57305777777778]}"
3012209.2024.3.31,2024-03-31 00:00:00,3012209,0,,20,,16.5,,31,3,2024,9.4,,1.5,,25,,-6.5,,AB,,,40,,EDMONTON BLATCHFORD,27214,0,,,,,,"{""type"": ""Point"", ""coordinates"": [-113.51666944444445, 53.57305777777778]}"
3012209.2024.4.1,2024-04-01 00:00:00,3012209,0,,32,,11,,1,4,2024,12.8,,7,,16,,1.1,,AB,,,43,,EDMONTON BLATCHFORD,27214,0,,,,,,"{""type"": ""Point"", ""coordinates"": [-113.51666944444445, 53.57305777777778]}"
3012209.2024.4.2,2024-04-02 00:00:00,3012209,0,,,,8.1,,2,4,2024,19.7,,9.9,,31,,0.2,,AB,,,,,EDMONTON BLATCHFORD,27214,0,,,,,,"{""type"": ""Point"", ""coordinates"": [-113.51666944444445, 53.57305777777778]}"
3012209.2024.4.3,2024-04-03 00:00:00,3012209,0,,33,,11.8,,3,4,2024,10.2,,6.2,,25,,2.1,,AB,,,54,,EDMONTON BLATCHFORD,27214,0,,,,,,"{""type"": ""Point"", ""coordinates"": [-113.51666944444445, 53.57305777777778]}"
3012209.2024.4.4,2024-04-04 00:00:00,3012209,0,,,,16.2,,4,4,2024,3.8,,1.8,,43,,-0.2,,AB,,,,,EDMONTON BLATCHFORD,27214,0,,,,,,"{""type"": ""Point"", ""coordinates"": [-113.51666944444445, 53.57305777777778]}"
3012209.2024.4.5,2024-04-05 00:00:00,3012209,0,,,,17.7,,5,4,2024,1.7,,0.3,,59,,-1.2,,AB,,,,,EDMONTON BLATCHFORD,27214,3.8,,,,,,"{""type"": ""Point"", ""coordinates"": [-113.51666944444445, 53.57305777777778]}"
3012209.2024.4.6,2024-04-06 00:00:00,3012209,0,,,,16.2,,6,4,2024,4,,1.8,,71,,-0.5,,AB,,,,,EDMONTON BLATCHFORD,27214,0.2,,,,,,"{""type"": ""Point"", ""coordinates"": [-113.51666944444445, 53.57305777777778]}"
3012209.2024.4.7,2024-04-07 00:00:00,3012209,0,,,,11.9,,7,4,2024,14,,6.1,,27,,-1.9,,AB,,,,,EDMONTON BLATCHFORD,27214,0,,,,,,"{""type"": ""Point"", ""coordinates"": [-113.51666944444445, 53.57305777777778]}"
3012209.2024.4.8,2024-04-08 00:00:00,3012209,0,,,,9.7,,8,4,2024,14.6,,8.3,,23,,2,,AB,,,,,EDMONTON BLATCHFORD,27214,0,,,,,,"{""type"": ""Point"", ""coordinates"": [-113.51666944444445, 53.57305777777778]}"
3012209.2024.4.9,2024-04-09 00:00:00,3012209,0,,32,,11.3,,9,4,2024,11.8,,6.7,,19,,1.5,,AB,,,40,,EDMONTON BLATCHFORD,27214,0,,,,,,"{""type"": ""Point"", ""coordinates"": [-113.51666944444445, 53.57305777777778]}"
3012209.2024.4.10,2024-04-10 00:00:00,3012209,0,,34,,11.4,,10,4,2024,11.5,,6.6,,22,,1.6,,AB,,,38,,EDMONTON BLATCHFORD,27214,0,,,,,,"{""type"": ""Point"", ""coordinates"": [-113.51666944444445, 53.57305777777778]}"
3012209.2024.4.11,2024-04-11 00:00:00,3012209,0,,15,,12.1,,11,4,2024,13.5,,5.9,,24,,-1.6,,AB,,,40,,EDMONTON BLATCHFORD,27214,0,,,,,,"{""type"": ""Point"", ""coordinates"": [-113.51666944444445, 53.57305777777778]}"
3012209.2024.4.12,2024-04-12 00:00:00,3012209,0,,15,,9.3,,12,4,2024,15.4,,8.7,,28,,2.1,,AB,,,38,,EDMONTON BLATCHFORD,27214,0,,,,,,"{""type"": ""Point"", ""coordinates"": [-113.51666944444445, 53.57305777777778]}"
3012209.2024.4.13,2024-04-13 00:00:00,3012209,0,,28,,9.3,,13,4,2024,13.7,,8.7,,19,,3.6,,AB,,,40,,EDMONTON BLATCHFORD,27214,0,,,,,,"{""type"": ""Point"", ""coordinates"": [-113.51666944444445, 53.57305777777778]}"
3012209.2024.4.14,2024-04-14 00:00:00,3012209,0,,,,9.5,,14,4,2024,16.9,,8.5,,17,,0.1,,AB,,,,,EDMONTON BLATCHFORD,27214,0,,,,,,"{""type"": ""Point"", ""coordinates"": [-113.51666944444445, 53.57305777777778]}"
3012209.2024.4.15,2024-04-15 00:00:00,3012209,0,,34,,10.7,,15,4,2024,12.5,,7.3,,27,,2.1,,AB,,,58,,EDMONTON BLATCHFORD,27214,0,,,,,,"{""type"": ""Point"", ""coordinates"": [-113.51666944444445, 53.57305777777778]}"
3012209.2024.4.16,2024-04-16 00:00:00,3012209,0,,32,,16.2,,16,4,2024,5.4,,1.8,,52,,-1.8,,AB,,,48,,EDMONTON BLATCHFORD,27214,1.2,,,,,,"{""type"": ""Point"", ""coordinates"": [-113.51666944444445, 53.57305777777778]}"
3012209.2024.4.17,2024-04-17 00:00:00,3012209,0,,3,,17.2,,17,4,2024,4.9,,0.8,,28,,-3.4,,AB,,,52,,EDMONTON BLATCHFORD,27214,1.4,,,,,,"{""type"": ""Point"", ""coordinates"": [-113.51666944444445, 53.57305777777778]}"
3012209.2024.4.18,2024-04-18 00:00:00,3012209,0,,35,,19.3,,18,4,2024,4.2,,-1.3,,20,,-6.8,,AB,,,42,,EDMONTON BLATCHFORD,27214,0,,,,,,"{""type"": ""Point"", ""coordinates"": [-113.51666944444445, 53.57305777777778]}"
3012209.2024.4.19,2024-04-19 00:00:00,3012209,0,,,,17.2,,19,4,2024,7.5,,0.8,,16,,-5.9,,AB,,,,,EDMONTON BLATCHFORD,27214,0,,,,,,"{""type"": ""Point"", ""coordinates"": [-113.51666944444445, 53.57305777777778]}"
3012209.2024.4.20,2024-04-20 00:00:00,3012209,0,,15,,13.2,,20,4,2024,13.3,,4.8,,13,,-3.7,,AB,,,37,,EDMONTON BLATCHFORD,27214,0,,,,,,"{""type"": ""Point"", ""coordinates"": [-113.51666944444445, 53.57305777777778]}"
3012209.2024.4.21,2024-04-21 00:00:00,3012209,0,,28,,11.2,,21,4,2024,13.2,,6.8,,26,,0.5,,AB,,,62,,EDMONTON BLATCHFORD,27214,0,,,,,,"{""type"": ""Point"", ""coordinates"": [-113.51666944444445, 53.57305777777778]}"
3012209.2024.4.22,2024-04-22 00:00:00,3012209,0,,32,,5.6,,22,4,2024,18.5,,12.4,,15,,6.3,,AB,,,69,,EDMONTON BLATCHFORD,27214,0,,,,,,"{""type"": ""Point"", ""coordinates"": [-113.51666944444445, 53.57305777777778]}"
3012209.2024.4.23,2024-04-23 00:00:00,3012209,0,,,,5.3,,23,4,2024,19.6,,12.7,,14,,5.7,,AB,,,,,EDMONTON BLATCHFORD,27214,0,,,,,,"{""type"": ""Point"", ""coordinates"": [-113.51666944444445, 53.57305777777778]}"
3012209.2024.4.24,2024-04-24 00:00:00,3012209,0,,31,,6.3,,24,4,2024,18.6,,11.7,,15,,4.7,,AB,,,40,,EDMONTON BLATCHFORD,27214,0,,,,,,"{""type"": ""Point"", ""coordinates"": [-113.51666944444445, 53.57305777777778]}"
3012209.2024.4.25,2024-04-25 00:00:00,3012209,0,,31,,10.3,,25,4,2024,13.2,,7.7,,29,,2.1,,AB,,,40,,EDMONTON BLATCHFORD,27214,0,,,,,,"{""type"": ""Point"", ""coordinates"": [-113.51666944444445, 53.57305777777778]}"
3012209.2024.4.26,2024-04-26 00:00:00,3012209,0,,,,13.8,,26,4,2024,7.4,,4.2,,40,,0.9,,AB,,,,,EDMONTON BLATCHFORD,27214,0,,,,,,"{""type"": ""Point"", ""coordinates"": [-113.51666944444445, 53.57305777777778]}"
3012209.2024.4.27,2024-04-27 00:00:00,3012209,0,,12,,8.6,,27,4,2024,15.8,,9.4,,34,,3,,AB,,,45,,EDMONTON BLATCHFORD,27214,0.5,,,,,,"{""type"": ""Point"", ""coordinates"": [-113.51666944444445, 53.57305777777778]}"
3012209.2024.4.28,2024-04-28 00:00:00,3012209,0,,28,,7.3,,28,4,2024,15.8,,10.7,,37,,5.7,,AB,,,45,,EDMONTON BLATCHFORD,27214,0.5,,,,,,"{""type"": ""Point"", ""coordinates"": [-113.51666944444445, 53.57305777777778]}"
3012209.2024.4.29,2024-04-29 00:00:00,3012209,0,,1,,9.9,,29,4,2024,11.1,,8.1,,49,,5.2,,AB,,,31,,EDMONTON BLATCHFORD,27214,0,,,,,,"{""type"": ""Point"", ""coordinates"": [-113.51666944444445, 53.57305777777778]}"
3012209.2024.4.30,2024-04-30 00:00:00,3012209,0,,33,,14.9,,30,4,2024,6.1,,3.1,,65,,0.1,,AB,,,47,,EDMONTON BLATCHFORD,27214,12.7,,,,,,"{""type"": ""Point"", ""coordinates"": [-113.51666944444445, 53.57305777777778]}"
3012209.2024.5.1,2024-05-01 00:00:00,3012209,0,,8,,11.8,,1,5,2024,11.9,,6.2,,44,,0.6,,AB,,,36,,EDMONTON BLATCHFORD,27214,7.8,,,,,,"{""type"": ""Point"", ""coordinates"": [-113.51666944444445, 53.57305777777778]}"
3012209.2024.5.2,2024-05-02 00:00:00,3012209,0,,3,,9.4,,2,5,2024,13.5,,8.6,,24,,3.8,,AB,,,44,,EDMONTON BLATCHFORD,27214,0,,,,,,"{""type"": ""Point"", ""coordinates"": [-113.51666944444445, 53.57305777777778]}"
3012209.2024.5.3,2024-05-03 00:00:00,3012209,0,,,,11.7,,3,5,2024,12.4,,6.3,,30,,0.3,,AB,,,,,EDMONTON BLATCHFORD,27214,0,,,,,,"{""type"": ""Point"", ""coordinates"": [-113.51666944444445, 53.57305777777778]}"
3012209.2024.5.4,2024-05-04 00:00:00,3012209,0,,13,,10.9,,4,5,2024,14.1,,7.1,,31,,0.2,,AB,,,33,,EDMONTON BLATCHFORD,27214,0,,,,,,"{""type"": ""Point"", ""coordinates"": [-113.51666944444445, 53.57305777777778]}"
3012209.2024.5.5,2024-05-05 00:00:00,3012209,0,,18,,6.3,,5,5,2024,17.5,,11.7,,24,,5.8,,AB,,,44,,EDMONTON BLATCHFORD,27214,0,,,,,,"{""type"": ""Point"", ""coordinates"": [-113.51666944444445, 53.57305777777778]}"
3012209.2024.5.6,2024-05-06 00:00:00,3012209,0,,,,8,,6,5,2024,11.7,,10,,64,,8.3,,AB,,,,,EDMONTON BLATCHFORD,27214,3.7,,,,,,"{""type"": ""Point"", ""coordinates"": [-113.51666944444445, 53.57305777777778]}"
3012209.2024.5.7,2024-05-07 00:00:00,3012209,0,,33,,10.4,,7,5,2024,8.5,,7.6,,67,,6.8,,AB,,,57,,EDMONTON BLATCHFORD,27214,19.1,,,,,,"{""type"": ""Point"", ""coordinates"": [-113.51666944444445, 53.57305777777778]}"
3012209.2024.5.8,2024-05-08 00:00:00,3012209,0,,28,,6.3,,8,5,2024,17.2,,11.7,,20,,6.3,,AB,,,31,,EDMONTON BLATCHFORD,27214,0,,,,,,"{""type"": ""Point"", ""coordinates"": [-113.51666944444445, 53.57305777777778]}"
3012209.2024.5.9,2024-05-09 00:00:00,3012209,0,,32,,3.4,,9,5,2024,23.1,,14.6,,21,,6.1,,AB,,,42,,EDMONTON BLATCHFORD,27214,0,,,,,,"{""type"": ""Point"", ""coordinates"": [-113.51666944444445, 53.57305777777778]}"
3012209.2024.5.10,2024-05-10 00:00:00,3012209,0,,28,,1.8,,10,5,2024,25.7,,16.2,,16,,6.7,,AB,,,36,,EDMONTON BLATCHFORD,27214,0,,,,,,"{""type"": ""Point"", ""coordinates"": [-113.51666944444445, 53.57305777777778]}"
3012209.2024.5.11,2024-05-11 00:00:00,3012209,0,,,,3.5,,11,5,2024,18.9,,14.5,,19,,10.1,,AB,,,,,EDMONTON BLATCHFORD,27214,0,,,,,,"{""type"": ""Point"", ""coordinates"": [-113.51666944444445, 53.57305777777778]}"
3012209.2024.5.12,2024-05-12 00:00:00,3012209,0,,12,,4.9,,12,5,2024,18.7,,13.1,,36,,7.5,,AB,,,34,,EDMONTON BLATCHFORD,27214,0,,,,,,"{""type"": ""Point"", ""coordinates"": [-113.51666944444445, 53.57305777777778]}"
3012209.2024.5.13,2024-05-13 00:00:00,3012209,0,,,,3.7,,13,5,2024,19.6,,14.3,,30,,9,,AB,,,,,EDMONTON BLATCHFORD,27214,0,,,,,,"{""type"": ""Point"", ""coordinates"": [-113.51666944444445, 53.57305777777778]}"
3012209.2024.5.14,2024-05-14 00:00:00,3012209,0,,28,,2.5,,14,5,2024,21.3,,15.5,,24,,9.8,,AB,,,35,,EDMONTON BLATCHFORD,27214,0,,,,,,"{""type"": ""Point"", ""coordinates"": [-113.51666944444445, 53.57305777777778]}"
3012209.2024.5.15,2024-05-15 00:00:00,3012209,0,,32,,5.2,,15,5,2024,16.2,,12.8,,38,,9.4,,AB,,,48,,EDMONTON BLATCHFORD,27214,0.4,,,,,,"{""type"": ""Point"", ""coordinates"": [-113.51666944444445, 53.57305777777778]}"
3012209.2024.5.16,2024-05-16 00:00:00,3012209,0,,29,,7.5,,16,5,2024,13.8,,10.5,,62,,7.2,,AB,,,32,,EDMONTON BLATCHFORD,27214,10,,,,,,"{""type"": ""Point"", ""coordinates"": [-113.51666944444445, 53.57305777777778]}"
3012209.2024.5.17,2024-05-17 00:00:00,3012209,0,,32,,11,,17,5,2024,9.1,,7,,48,,4.8,,AB,,,45,,EDMONTON BLATCHFORD,27214,0,,,,,,"{""type"": ""Point"", ""coordinates"": [-113.51666944444445, 53.57305777777778]}"
3012209.2024.5.18,2024-05-18 00:00:00,3012209,0,,34,,9.9,,18,5,2024,13.9,,8.1,,29,,2.2,,AB,,,40,,EDMONTON BLATCHFORD,27214,0,,,,,,"{""type"": ""Point"", ""coordinates"": [-113.51666944444445, 53.57305777777778]}"
3012209.2024.5.19,2024-05-19 00:00:00,3012209,0,,31,,10.9,,19,5,2024,9,,7.1,,67,,5.1,,AB,,,35,,EDMONTON BLATCHFORD,27214,2.5,,,,,,"{""type"": ""Point"", ""coordinates"": [-113.51666944444445, 53.57305777777778]}"
3012209.2024.5.20,2024-05-20 00:00:00,3012209,0,,,,10.3,,20,5,2024,10.3,,7.7,,58,,5.1,,AB,,,,,EDMONTON BLATCHFORD,27214,2.8,,,,,,"{""type"": ""Point"", ""coordinates"": [-113.51666944444445, 53.57305777777778]}"
3012209.2024.5.21,2024-05-21 00:00:00,3012209,0,,,,8.1,,21,5,2024,14.1,,9.9,,49,,5.6,,AB,,,,,EDMONTON BLATCHFORD,27214,0,,,,,,"{""type"": ""Point"", ""coordinates"": [-113.51666944444445, 53.57305777777778]}"
3012209.2024.5.22,2024-05-22 00:00:00,3012209,0,,,,7.9,,22,5,2024,14.2,,10.1,,47,,6.1,,AB,,,,,EDMONTON BLATCHFORD,27214,10,,,,,,"{""type"": ""Point"", ""coordinates"": [-113.51666944444445, 53.57305777777778]}"
3012209.2024.5.23,2024-05-23 00:00:00,3012209,0,,,,9.8,,23,5,2024,10.8,,8.2,,51,,5.5,,AB,,,,,EDMONTON BLATCHFORD,27214,1.1,,,,,,"{""type"": ""Point"", ""coordinates"": [-113.51666944444445, 53.57305777777778]}"
3012209.2024.5.24,2024-05-24 00:00:00,3012209,0,,,,8.2,,24,5,2024,14.5,,9.8,,40,,5.2,,AB,,,,,EDMONTON BLATCHFORD,27214,0,,,,,,"{""type"": ""Point"", ""coordinates"": [-113.51666944444445, 53.57305777777778]}"
3012209.2024.5.25,2024-05-25 00:00:00,3012209,0,,,,5.8,,25,5,2024,17.5,,12.2,,35,,7,,AB,,,,,EDMONTON BLATCHFORD,27214,0,,,,,,"{""type"": ""Point"", ""coordinates"": [-113.51666944444445, 53.57305777777778]}"
3012209.2024.5.26,2024-05-26 00:00:00,3012209,0,,29,,4.7,,26,5,2024,16.3,,13.3,,59,,10.4,,AB,,,33,,EDMONTON BLATCHFORD,27214,1.1,,,,,,"{""type"": ""Point"", ""coordinates"": [-113.51666944444445, 53.57305777777778]}"
3012209.2024.5.27,2024-05-27 00:00:00,3012209,0,,,,3.6,,27,5,2024,21.9,,14.4,,25,,6.9,,AB,,,,,EDMONTON BLATCHFORD,27214,0,,,,,,"{""type"": ""Point"", ""coordinates"": [-113.51666944444445, 53.57305777777778]}"
3012209.2024.5.28,2024-05-28 00:00:00,3012209,0,,14,,2,,28,5,2024,22.8,,16,,26,,9.1,,AB,,,31,,EDMONTON BLATCHFORD,27214,0,,,,,,"{""type"": ""Point"", ""coordinates"": [-113.51666944444445, 53.57305777777778]}"
3012209.2024.5.29,2024-05-29 00:00:00,3012209,0,,28,,4.1,,29,5,2024,19.2,,13.9,,38,,8.5,,AB,,,55,,EDMONTON BLATCHFORD,27214,0,,,,,,"{""type"": ""Point"", ""coordinates"": [-113.51666944444445, 53.57305777777778]}"
3012209.2024.5.30,2024-05-30 00:00:00,3012209,0,,32,,5.3,,30,5,2024,18.5,,12.7,,26,,6.9,,AB,,,59,,EDMONTON BLATCHFORD,27214,0,,,,,,"{""type"": ""Point"", ""coordinates"": [-113.51666944444445, 53.57305777777778]}"
3012209.2024.5.31,2024-05-31 00:00:00,3012209,0,,32,,5.6,,31,5,2024,16.2,,12.4,,30,,8.6,,AB,,,59,,EDMONTON BLATCHFORD,27214,0,,,,,,"{""type"": ""Point"", ""coordinates"": [-113.51666944444445, 53.57305777777778]}"
3012209.2024.6.1,2024-06-01 00:00:00,3012209,0,,34,,3.6,,1,6,2024,20.8,,14.4,,19,,7.9,,AB,,,33,,EDMONTON BLATCHFORD,27214,0,,,,,,"{""type"": ""Point"", ""coordinates"": [-113.51666944444445, 53.57305777777778]}"
3012209.2024.6.2,2024-06-02 00:00:00,3012209,0,,13,,2.8,,2,6,2024,20.6,,15.2,,25,,9.8,,AB,,,35,,EDMONTON BLATCHFORD,27214,0,,,,,,"{""type"": ""Point"", ""coordinates"": [-113.51666944444445, 53.57305777777778]}"
3012209.2024.6.3,2024-06-03 00:00:00,3012209,0,,13,,4.9,,3,6,2024,15.9,,13.1,,42,,10.3,,AB,,,38,,EDMONTON BLATCHFORD,27214,30.7,,,,,,"{""type"": ""Point"", ""coordinates"": [-113.51666944444445, 53.57305777777778]}"
3012209.2024.6.4,2024-06-04 00:00:00,3012209,0,,35,,3.5,,4,6,2024,19.3,,14.5,,38,,9.7,,AB,,,48,,EDMONTON BLATCHFORD,27214,1.6,,,,,,"{""type"": ""Point"", ""coordinates"": [-113.51666944444445, 53.57305777777778]}"
3012209.2024.6.5,2024-06-05 00:00:00,3012209,0,,31,,3.4,,5,6,2024,19.7,,14.6,,21,,9.6,,AB,,,59,,EDMONTON BLATCHFORD,27214,0,,,,,,"{""type"": ""Point"", ""coordinates"": [-113.51666944444445, 53.57305777777778]}"
3012209.2024.6.6,2024-06-06 00:00:00,3012209,0,,31,,3.5,,6,6,2024,19.5,,14.5,,20,,9.6,,AB,,,48,,EDMONTON BLATCHFORD,27214,0,,,,,,"{""type"": ""Point"", ""coordinates"": [-113.51666944444445, 53.57305777777778]}"
3012209.2024.6.7,2024-06-07 00:00:00,3012209,0,,30,,3.2,,7,6,2024,19.8,,14.8,,19,,9.7,,AB,,,60,,EDMONTON BLATCHFORD,27214,0.4,,,,,,"{""type"": ""Point"", ""coordinates"": [-113.51666944444445, 53.57305777777778]}"
3012209.2024.6.8,2024-06-08 00:00:00,3012209,0,,34,,10.3,,8,6,2024,12.1,,7.7,,57,,3.2,,AB,,,34,,EDMONTON BLATCHFORD,27214,2,,,,,,"{""type"": ""Point"", ""coordinates"": [-113.51666944444445, 53.57305777777778]}"
3012209.2024.6.9,2024-06-09 00:00:00,3012209,0,,,,8.2,,9,6,2024,14.8,,9.8,,50,,4.9,,AB,,,,,EDMONTON BLATCHFORD,27214,0,,,,,,"{""type"": ""Point"", ""coordinates"": [-113.51666944444445, 53.57305777777778]}"
3012209.2024.6.10,2024-06-10 00:00:00,3012209,0,,30,,2.4,,10,6,2024,22.2,,15.6,,36,,9,,AB,,,45,,EDMONTON BLATCHFORD,27214,0,,,,,,"{""type"": ""Point"", ""coordinates"": [-113.51666944444445, 53.57305777777778]}"
3012209.2024.6.11,2024-06-11 00:00:00,3012209,0,,31,,0.3,,11,6,2024,25,,17.7,,28,,10.5,,AB,,,64,,EDMONTON BLATCHFORD,27214,11.6,,,,,,"{""type"": ""Point"", ""coordinates"": [-113.51666944444445, 53.57305777777778]}"
3012209.2024.6.12,2024-06-12 00:00:00,3012209,0,,31,,5.6,,12,6,2024,15.1,,12.4,,64,,9.6,,AB,,,47,,EDMONTON BLATCHFORD,27214,6.6,,,,,,"{""type"": ""Point"", ""coordinates"": [-113.51666944444445, 53.57305777777778]}"
3012209.2024.6.13,2024-06-13 00:00:00,3012209,0,,32,,2.1,,13,6,2024,21.6,,15.9,,26,,10.3,,AB,,,33,,EDMONTON BLATCHFORD,27214,0.7,,,,,,"{""type"": ""Point"", ""coordinates"": [-113.51666944444445, 53.57305777777778]}"
3012209.2024.6.14,2024-06-14 00:00:00,3012209,0,,31,,0.8,,14,6,2024,22.8,,17.2,,37,,11.7,,AB,,,38,,EDMONTON BLATCHFORD,27214,0.7,,,,,,"{""type"": ""Point"", ""coordinates"": [-113.51666944444445, 53.57305777777778]}"
3012209.2024.6.15,2024-06-15 00:00:00,3012209,0,,35,,4.9,,15,6,2024,19,,13.1,,31,,7.2,,AB,,,33,,EDMONTON BLATCHFORD,27214,0,,,,,,"{""type"": ""Point"", ""coordinates"": [-113.51666944444445, 53.57305777777778]}"
3012209.2024.6.16,2024-06-16 00:00:00,3012209,0,,36,,5.9,,16,6,2024,16.5,,12.1,,31,,7.8,,AB,,,47,,EDMONTON BLATCHFORD,27214,0.3,,,,,,"{""type"": ""Point"", ""coordinates"": [-113.51666944444445, 53.57305777777778]}"
3012209.2024.6.17,2024-06-17 00:00:00,3012209,0,,1,,8,,17,6,2024,13.8,,10,,40,,6.1,,AB,,,50,,EDMONTON BLATCHFORD,27214,3.1,,,,,,"{""type"": ""Point"", ""coordinates"": [-113.51666944444445, 53.57305777777778]}"
3012209.2024.6.18,2024-06-18 00:00:00,3012209,0,,,,8.9,,18,6,2024,13.6,,9.1,,42,,4.6,,AB,,,,,EDMONTON BLATCHFORD,27214,0,,,,,,"{""type"": ""Point"", ""coordinates"": [-113.51666944444445, 53.57305777777778]}"
3012209.2024.6.19,2024-06-19 00:00:00,3012209,0,,,,6.3,,19,6,2024,19.2,,11.7,,26,,4.3,,AB,,,,,EDMONTON BLATCHFORD,27214,0,,,,,,"{""type"": ""Point"", ""coordinates"": [-113.51666944444445, 53.57305777777778]}"
3012209.2024.6.20,2024-06-20 00:00:00,3012209,0,,,,3.6,,20,6,2024,21.9,,14.4,,26,,6.9,,AB,,,,,EDMONTON BLATCHFORD,27214,0,,,,,,"{""type"": ""Point"", ""coordinates"": [-113.51666944444445, 53.57305777777778]}"
3012209.2024.6.21,2024-06-21 00:00:00,3012209,0,,16,,0.9,,21,6,2024,24.3,,17.1,,25,,9.9,,AB,,,35,,EDMONTON BLATCHFORD,27214,0,,,,,,"{""type"": ""Point"", ""coordinates"": [-113.51666944444445, 53.57305777777778]}"
3012209.2024.6.22,2024-06-22 00:00:00,3012209,0,,,,0.2,,22,6,2024,25.5,,17.8,,22,,10,,AB,,,,,EDMONTON BLATCHFORD,27214,0,,,,,,"{""type"": ""Point"", ""coordinates"": [-113.51666944444445, 53.57305777777778]}"
3012209.2024.6.23,2024-06-23 00:00:00,3012209,3.2,,35,,0,,23,6,2024,27.3,,21.2,,25,,15.2,,AB,,,48,,EDMONTON BLATCHFORD,27214,1.4,,,,,,"{""type"": ""Point"", ""coordinates"": [-113.51666944444445, 53.57305777777778]}"
3012209.2024.6.24,2024-06-24 00:00:00,3012209,0,,32,,0.4,,24,6,2024,22.5,,17.6,,29,,12.7,,AB,,,51,,EDMONTON BLATCHFORD,27214,0,,,,,,"{""type"": ""Point"", ""coordinates"": [-113.51666944444445, 53.57305777777778]}"
3012209.2024.6.25,2024-06-25 00:00:00,3012209,0,,32,,2.3,,25,6,2024,20.9,,15.7,,50,,10.5,,AB,,,34,,EDMONTON BLATCHFORD,27214,1.2,,,,,,"{""type"": ""Point"", ""coordinates"": [-113.51666944444445, 53.57305777777778]}"
3012209.2024.6.26,2024-06-26 00:00:00,3012209,0.4,,13,,0,,26,6,2024,23.8,,18.4,,43,,13.1,,AB,,,41,,EDMONTON BLATCHFORD,27214,0,,,,,,"{""type"": ""Point"", ""coordinates"": [-113.51666944444445, 53.57305777777778]}"
3012209.2024.6.27,2024-06-27 00:00:00,3012209,0,,9,,1.9,,27,6,2024,18.1,,16.1,,66,,14.1,,AB,,,37,,EDMONTON BLATCHFORD,27214,5.1,,,,,,"{""type"": ""Point"", ""coordinates"": [-113.51666944444445, 53.57305777777778]}"
3012209.2024.6.28,2024-06-28 00:00:00,3012209,0,,,,2.8,,28,6,2024,21.1,,15.2,,29,,9.2,,AB,,,,,EDMONTON BLATCHFORD,27214,0.3,,,,,,"{""type"": ""Point"", ""coordinates"": [-113.51666944444445, 53.57305777777778]}"
3012209.2024.6.29,2024-06-29 00:00:00,3012209,0,,,,0.2,,29,6,2024,25,,17.8,,31,,10.5,,AB,,,,,EDMONTON BLATCHFORD,27214,0,,,,,,"{""type"": ""Point"", ""coordinates"": [-113.51666944444445, 53.57305777777778]}"
3012209.2024.6.30,2024-06-30 00:00:00,3012209,1,,15,,0,,30,6,2024,22.8,,19,,42,,15.2,,AB,,,44,,EDMONTON BLATCHFORD,27214,1.3,,,,,,"{""type"": ""Point"", ""coordinates"": [-113.51666944444445, 53.57305777777778]}"
3012209.2024.7.1,2024-07-01 00:00:00,3012209,1.2,,30,,0,,1,7,2024,24.4,,19.2,,39,,13.9,,AB,,,35,,EDMONTON BLATCHFORD,27214,0,,,,,,"{""type"": ""Point"", ""coordinates"": [-113.51666944444445, 53.57305777777778]}"
3012209.2024.7.2,2024-07-02 00:00:00,3012209,0,,31,,0.1,,2,7,2024,22.4,,17.9,,37,,13.4,,AB,,,39,,EDMONTON BLATCHFORD,27214,2.8,,,,,,"{""type"": ""Point"", ""coordinates"": [-113.51666944444445, 53.57305777777778]}"
3012209.2024.7.3,2024-07-03 00:00:00,3012209,0,,31,,2,,3,7,2024,19.2,,16,,66,,12.9,,AB,,,33,,EDMONTON BLATCHFORD,27214,11.2,,,,,,"{""type"": ""Point"", ""coordinates"": [-113.51666944444445, 53.57305777777778]}"
3012209.2024.7.4,2024-07-04 00:00:00,3012209,0.1,,28,,0,,4,7,2024,23.8,,18.1,,34,,12.5,,AB,,,31,,EDMONTON BLATCHFORD,27214,0,,,,,,"{""type"": ""Point"", ""coordinates"": [-113.51666944444445, 53.57305777777778]}"
3012209.2024.7.5,2024-07-05 00:00:00,3012209,1.9,,30,,0,,5,7,2024,26.3,,19.9,,26,,13.5,,AB,,,38,,EDMONTON BLATCHFORD,27214,0,,,,,,"{""type"": ""Point"", ""coordinates"": [-113.51666944444445, 53.57305777777778]}"
3012209.2024.7.6,2024-07-06 00:00:00,3012209,3,,32,,0,,6,7,2024,26,,21,,34,,16.1,,AB,,,39,,EDMONTON BLATCHFORD,27214,0,,,,,,"{""type"": ""Point"", ""coordinates"": [-113.51666944444445, 53.57305777777778]}"
3012209.2024.7.7,2024-07-07 00:00:00,3012209,3.3,,,,0,,7,7,2024,29.3,,21.3,,33,,13.3,,AB,,,,,EDMONTON BLATCHFORD,27214,0,,,,,,"{""type"": ""Point"", ""coordinates"": [-113.51666944444445, 53.57305777777778]}"
3012209.2024.7.8,2024-07-08 00:00:00,3012209,6.9,,29,,0,,8,7,2024,32.6,,24.9,,21,,17.2,,AB,,,35,,EDMONTON BLATCHFORD,27214,0,,,,,,"{""type"": ""Point"", ""coordinates"": [-113.51666944444445, 53.57305777777778]}"
3012209.2024.7.9,2024-07-09 00:00:00,3012209,8.2,,17,,0,,9,7,2024,34.1,,26.2,,22,,18.4,,AB,,,36,,EDMONTON BLATCHFORD,27214,0,,,,,,"{""type"": ""Point"", ""coordinates"": [-113.51666944444445, 53.57305777777778]}"
3012209.2024.7.10,2024-07-10 00:00:00,3012209,10.5,,,,0,,10,7,2024,36.2,,28.5,,28,,20.9,,AB,,,,,EDMONTON BLATCHFORD,27214,0,,,,,,"{""type"": ""Point"", ""coordinates"": [-113.51666944444445, 53.57305777777778]}"
3012209.2024.7.11,2024-07-11 00:00:00,3012209,7.1,,33,,0,,11,7,2024,29.8,,25.1,,31,,20.4,,AB,,,43,,EDMONTON BLATCHFORD,27214,0.6,,,,,,"{""type"": ""Point"", ""coordinates"": [-113.51666944444445, 53.57305777777778]}"
3012209.2024.7.12,2024-07-12 00:00:00,3012209,1.6,,30,,0,,12,7,2024,24.6,,19.6,,27,,14.7,,AB,,,40,,EDMONTON BLATCHFORD,27214,0,,,,,,"{""type"": ""Point"", ""coordinates"": [-113.51666944444445, 53.57305777777778]}"
3012209.2024.7.13,2024-07-13 00:00:00,3012209,1.4,,3,,0,,13,7,2024,24.9,,19.4,,38,,13.9,,AB,,,39,,EDMONTON BLATCHFORD,27214,0,,,,,,"{""type"": ""Point"", ""coordinates"": [-113.51666944444445, 53.57305777777778]}"
3012209.2024.7.14,2024-07-14 00:00:00,3012209,1.3,,33,,0,,14,7,2024,24,,19.3,,39,,14.5,,AB,,,37,,EDMONTON BLATCHFORD,27214,1.5,,,,,,"{""type"": ""Point"", ""coordinates"": [-113.51666944444445, 53.57305777777778]}"
3012209.2024.7.15,2024-07-15 00:00:00,3012209,3.7,,,,0,,15,7,2024,28.8,,21.7,,35,,14.7,,AB,,,,,EDMONTON BLATCHFORD,27214,0,,,,,,"{""type"": ""Point"", ""coordinates"": [-113.51666944444445, 53.57305777777778]}"
3012209.2024.7.16,2024-07-16 00:00:00,3012209,8.2,,,,0,,16,7,2024,31.7,,26.2,,31,,20.8,,AB,,,,,EDMONTON BLATCHFORD,27214,0,,,,,,"{""type"": ""Point"", ""coordinates"": [-113.51666944444445, 53.57305777777778]}"
3012209.2024.7.17,2024-07-17 00:00:00,3012209,8.5,,6,,0,,17,7,2024,34,,26.5,,27,,19.1,,AB,,,31,,EDMONTON BLATCHFORD,27214,0.8,,,,,,"{""type"": ""Point"", ""coordinates"": [-113.51666944444445, 53.57305777777778]}"
3012209.2024.7.18,2024-07-18 00:00:00,3012209,9.1,,,,0,,18,7,2024,35.3,,27.1,,16,,19,,AB,,,,,EDMONTON BLATCHFORD,27214,0,,,,,,"{""type"": ""Point"", ""coordinates"": [-113.51666944444445, 53.57305777777778]}"
3012209.2024.7.19,2024-07-19 00:00:00,3012209,8.5,,14,,0,,19,7,2024,33.4,,26.5,,29,,19.5,,AB,,,36,,EDMONTON BLATCHFORD,27214,0,,,,,,"{""type"": ""Point"", ""coordinates"": [-113.51666944444445, 53.57305777777778]}"
3012209.2024.7.20,2024-07-20 00:00:00,3012209,7.1,,,,0,,20,7,2024,31.3,,25.1,,43,,18.9,,AB,,,,,EDMONTON BLATCHFORD,27214,0,,,,,,"{""type"": ""Point"", ""coordinates"": [-113.51666944444445, 53.57305777777778]}"
3012209.2024.7.21,2024-07-21 00:00:00,3012209,9.1,,7,,0,,21,7,2024,33.8,,27.1,,34,,20.4,,AB,,,35,,EDMONTON BLATCHFORD,27214,0,,,,,,"{""type"": ""Point"", ""coordinates"": [-113.51666944444445, 53.57305777777778]}"
3012209.2024.7.22,2024-07-22 00:00:00,3012209,9.5,,13,,0,,22,7,2024,33.5,,27.5,,32,,21.6,,AB,,,42,,EDMONTON BLATCHFORD,27214,0,,,,,,"{""type"": ""Point"", ""coordinates"": [-113.51666944444445, 53.57305777777778]}"
3012209.2024.7.23,2024-07-23 00:00:00,3012209,7,,13,,0,,23,7,2024,29.1,,25,,47,,21,,AB,,,48,,EDMONTON BLATCHFORD,27214,0,,,,,,"{""type"": ""Point"", ""coordinates"": [-113.51666944444445, 53.57305777777778]}"
3012209.2024.7.24,2024-07-24 00:00:00,3012209,3,,,,0,,24,7,2024,23.7,,21,,50,,18.3,,AB,,,,,EDMONTON BLATCHFORD,27214,0,,,,,,"{""type"": ""Point"", ""coordinates"": [-113.51666944444445, 53.57305777777778]}"
3012209.2024.7.25,2024-07-25 00:00:00,3012209,0,,27,,3.5,,25,7,2024,18.6,,14.5,,77,,10.5,,AB,,,50,,EDMONTON BLATCHFORD,27214,6.3,,,,,,"{""type"": ""Point"", ""coordinates"": [-113.51666944444445, 53.57305777777778]}"
3012209.2024.7.26,2024-07-26 00:00:00,3012209,0,,28,,3.8,,26,7,2024,17.9,,14.2,,58,,10.6,,AB,,,56,,EDMONTON BLATCHFORD,27214,4.9,,,,,,"{""type"": ""Point"", ""coordinates"": [-113.51666944444445, 53.57305777777778]}"
3012209.2024.7.27,2024-07-27 00:00:00,3012209,0,,29,,0.1,,27,7,2024,23.4,,17.9,,42,,12.3,,AB,,,37,,EDMONTON BLATCHFORD,27214,3.9,,,,,,"{""type"": ""Point"", ""coordinates"": [-113.51666944444445, 53.57305777777778]}"
3012209.2024.7.28,2024-07-28 00:00:00,3012209,2.4,,25,,0,,28,7,2024,27.7,,20.4,,29,,13.1,,AB,,,33,,EDMONTON BLATCHFORD,27214,0,,,,,,"{""type"": ""Point"", ""coordinates"": [-113.51666944444445, 53.57305777777778]}"
3012209.2024.7.29,2024-07-29 00:00:00,3012209,3.8,,33,,0,,29,7,2024,28.1,,21.8,,34,,15.4,,AB,,,35,,EDMONTON BLATCHFORD,27214,0,,,,,,"{""type"": ""Point"", ""coordinates"": [-113.51666944444445, 53.57305777777778]}"
3012209.2024.7.30,2024-07-30 00:00:00,3012209,2.6,,,,0,,30,7,2024,26.2,,20.6,,37,,15.1,,AB,,,,,EDMONTON BLATCHFORD,27214,0,,,,,,"{""type"": ""Point"", ""coordinates"": [-113.51666944444445, 53.57305777777778]}"
3012209.2024.7.31,2024-07-31 00:00:00,3012209,5,,33,,0,,31,7,2024,30,,23,,29,,16,,AB,,,68,,EDMONTON BLATCHFORD,27214,0,,,,,,"{""type"": ""Point"", ""coordinates"": [-113.51666944444445, 53.57305777777778]}"
3012209.2024.8.1,2024-08-01 00:00:00,3012209,3.5,,,,0,,1,8,2024,28.7,,21.5,,33,,14.3,,AB,,,,,EDMONTON BLATCHFORD,27214,0,,,,,,"{""type"": ""Point"", ""coordinates"": [-113.51666944444445, 53.57305777777778]}"
3012209.2024.8.2,2024-08-02 00:00:00,3012209,3.6,,,,0,,2,8,2024,25.6,,21.6,,27,,17.7,,AB,,,,,EDMONTON BLATCHFORD,27214,0,,,,,,"{""type"": ""Point"", ""coordinates"": [-113.51666944444445, 53.57305777777778]}"
3012209.2024.8.3,2024-08-03 00:00:00,3012209,4.2,,1,,0,,3,8,2024,28.5,,22.2,,31,,15.9,,AB,,,34,,EDMONTON BLATCHFORD,27214,0.2,,,,,,"{""type"": ""Point"", ""coordinates"": [-113.51666944444445, 53.57305777777778]}"
3012209.2024.8.4,2024-08-04 00:00:00,3012209,0.5,,7,,0,,4,8,2024,24.1,,18.5,,50,,12.9,,AB,,,39,,EDMONTON BLATCHFORD,27214,15.6,,,,,,"{""type"": ""Point"", ""coordinates"": [-113.51666944444445, 53.57305777777778]}"
3012209.2024.8.5,2024-08-05 00:00:00,3012209,0,,,,1.6,,5,8,2024,18.4,,16.4,,76,,14.4,,AB,,,,,EDMONTON BLATCHFORD,27214,11.2,,,,,,"{""type"": ""Point"", ""coordinates"": [-113.51666944444445, 53.57305777777778]}"
3012209.2024.8.6,2024-08-06 00:00:00,3012209,0,,,,1.9,,6,8,2024,20.1,,16.1,,53,,12.2,,AB,,,,,EDMONTON BLATCHFORD,27214,0,,,,,,"{""type"": ""Point"", ""coordinates"": [-113.51666944444445, 53.57305777777778]}"
3012209.2024.8.7,2024-08-07 00:00:00,3012209,0,,,,0.4,,7,8,2024,22.4,,17.6,,39,,12.9,,AB,,,,,EDMONTON BLATCHFORD,27214,0,,,,,,"{""type"": ""Point"", ""coordinates"": [-113.51666944444445, 53.57305777777778]}"
3012209.2024.8.8,2024-08-08 00:00:00,3012209,0,,,,1,,8,8,2024,22.7,,17,,36,,11.2,,AB,,,,,EDMONTON BLATCHFORD,27214,0,,,,,,"{""type"": ""Point"", ""coordinates"": [-113.51666944444445, 53.57305777777778]}"
3012209.2024.8.9,2024-08-09 00:00:00,3012209,0.4,,13,,0,,9,8,2024,24,,18.4,,32,,12.8,,AB,,,35,,EDMONTON BLATCHFORD,27214,0,,,,,,"{""type"": ""Point"", ""coordinates"": [-113.51666944444445, 53.57305777777778]}"
3012209.2024.8.10,2024-08-10 00:00:00,3012209,2.5,,14,,0,,10,8,2024,26.9,,20.5,,28,,14.1,,AB,,,44,,EDMONTON BLATCHFORD,27214,0,,,,,,"{""type"": ""Point"", ""coordinates"": [-113.51666944444445, 53.57305777777778]}"
3012209.2024.8.11,2024-08-11 00:00:00,3012209,4,,16,,0,,11,8,2024,28.8,,22,,25,,15.2,,AB,,,33,,EDMONTON BLATCHFORD,27214,0,,,,,,"{""type"": ""Point"", ""coordinates"": [-113.51666944444445, 53.57305777777778]}"
3012209.2024.8.12,2024-08-12 00:00:00,3012209,4.9,,,,0,,12,8,2024,29.4,,22.9,,27,,16.5,,AB,,,,,EDMONTON BLATCHFORD,27214,0,,,,,,"{""type"": ""Point"", ""coordinates"": [-113.51666944444445, 53.57305777777778]}"
3012209.2024.8.13,2024-08-13 00:00:00,3012209,2.9,,,,0,,13,8,2024,27.8,,20.9,,32,,13.9,,AB,,,,,EDMONTON BLATCHFORD,27214,1.7,,,,,,"{""type"": ""Point"", ""coordinates"": [-113.51666944444445, 53.57305777777778]}"
3012209.2024.8.14,2024-08-14 00:00:00,3012209,2.6,,32,,0,,14,8,2024,24.9,,20.6,,49,,16.3,,AB,,,32,,EDMONTON BLATCHFORD,27214,0,,,,,,"{""type"": ""Point"", ""coordinates"": [-113.51666944444445, 53.57305777777778]}"
3012209.2024.8.15,2024-08-15 00:00:00,3012209,1.7,,,,0,,15,8,2024,26.8,,19.7,,32,,12.5,,AB,,,,,EDMONTON BLATCHFORD,27214,10.1,,,,,,"{""type"": ""Point"", ""coordinates"": [-113.51666944444445, 53.57305777777778]}"
3012209.2024.8.16,2024-08-16 00:00:00,3012209,0,,,,1.3,,16,8,2024,17.5,,16.7,,81,,15.8,,AB,,,,,EDMONTON BLATCHFORD,27214,6.8,,,,,,"{""type"": ""Point"", ""coordinates"": [-113.51666944444445, 53.57305777777778]}"
3012209.2024.8.17,2024-08-17 00:00:00,3012209,0,,,,0.4,,17,8,2024,21.9,,17.6,,63,,13.3,,AB,,,,,EDMONTON BLATCHFORD,27214,1.4,,,,,,"{""type"": ""Point"", ""coordinates"": [-113.51666944444445, 53.57305777777778]}"
3012209.2024.8.18,2024-08-18 00:00:00,3012209,0.6,,,,0,,18,8,2024,24.4,,18.6,,51,,12.9,,AB,,,,,EDMONTON BLATCHFORD,27214,0.2,,,,,,"{""type"": ""Point"", ""coordinates"": [-113.51666944444445, 53.57305777777778]}"
3012209.2024.8.19,2024-08-19 00:00:00,3012209,3.8,,,,0,,19,8,2024,27.6,,21.8,,43,,16.1,,AB,,,,,EDMONTON BLATCHFORD,27214,0,,,,,,"{""type"": ""Point"", ""coordinates"": [-113.51666944444445, 53.57305777777778]}"
3012209.2024.8.20,2024-08-20 00:00:00,3012209,,M,,M,,M,20,8,2024,,M,,M,,M,,M,AB,,,,M,EDMONTON BLATCHFORD,27214,,M,,,,,"{""type"": ""Point"", ""coordinates"": [-113.51666944444445, 53.57305777777778]}"
3012209.2024.8.21,2024-08-21 00:00:00,3012209,0.7,,34,,0,,21,8,2024,24.4,,18.7,,38,,12.9,,AB,,,31,,EDMONTON BLATCHFORD,27214,0,,,,,,"{""type"": ""Point"", ""coordinates"": [-113.51666944444445, 53.57305777777778]}"
3012209.2024.8.22,2024-08-22 00:00:00,3012209,0,,,,2.1,,22,8,2024,19.8,,15.9,,58,,11.9,,AB,,,,,EDMONTON BLATCHFORD,27214,0,,,,,,"{""type"": ""Point"", ""coordinates"": [-113.51666944444445, 53.57305777777778]}"
3012209.2024.8.23,2024-08-23 00:00:00,3012209,2.9,,12,,0,,23,8,2024,28.7,,20.9,,30,,13.2,,AB,,,35,,EDMONTON BLATCHFORD,27214,0,,,,,,"{""type"": ""Point"", ""coordinates"": [-113.51666944444445, 53.57305777777778]}"
3012209.2024.8.24,2024-08-24 00:00:00,3012209,0,,28,,0.7,,24,8,2024,21.7,,17.3,,55,,12.8,,AB,,,48,,EDMONTON BLATCHFORD,27214,9.2,,,,,,"{""type"": ""Point"", ""coordinates"": [-113.51666944444445, 53.57305777777778]}"
3012209.2024.8.25,2024-08-25 00:00:00,3012209,0,,29,,1.1,,25,8,2024,23.2,,16.9,,39,,10.6,,AB,,,36,,EDMONTON BLATCHFORD,27214,4.1,,,,,,"{""type"": ""Point"", ""coordinates"": [-113.51666944444445, 53.57305777777778]}"
3012209.2024.8.26,2024-08-26 00:00:00,3012209,1.5,,19,,0,,26,8,2024,26.2,,19.5,,28,,12.8,,AB,,,35,,EDMONTON BLATCHFORD,27214,0,,,,,,"{""type"": ""Point"", ""coordinates"": [-113.51666944444445, 53.57305777777778]}"
3012209.2024.8.27,2024-08-27 00:00:00,3012209,0,,33,,1.4,,27,8,2024,21.2,,16.6,,39,,12,,AB,,,39,,EDMONTON BLATCHFORD,27214,7,,,,,,"{""type"": ""Point"", ""coordinates"": [-113.51666944444445, 53.57305777777778]}"
3012209.2024.8.28,2024-08-28 00:00:00,3012209,0,,35,,2.6,,28,8,2024,19.1,,15.4,,55,,11.8,,AB,,,40,,EDMONTON BLATCHFORD,27214,1.3,,,,,,"{""type"": ""Point"", ""coordinates"": [-113.51666944444445, 53.57305777777778]}"
3012209.2024.8.29,2024-08-29 00:00:00,3012209,0,,30,,1.9,,29,8,2024,23.9,,16.1,,37,,8.3,,AB,,,45,,EDMONTON BLATCHFORD,27214,0.2,,,,,,"{""type"": ""Point"", ""coordinates"": [-113.51666944444445, 53.57305777777778]}"
3012209.2024.8.30,2024-08-30 00:00:00,3012209,0,,33,,1.1,,30,8,2024,23.4,,16.9,,36,,10.4,,AB,,,37,,EDMONTON BLATCHFORD,27214,0,,,,,,"{""type"": ""Point"", ""coordinates"": [-113.51666944444445, 53.57305777777778]}"
3012209.2024.8.31,2024-08-31 00:00:00,3012209,1.2,,,,0,,31,8,2024,25.3,,19.2,,37,,13,,AB,,,,,EDMONTON BLATCHFORD,27214,0,,,,,,"{""type"": ""Point"", ""coordinates"": [-113.51666944444445, 53.57305777777778]}"
3012209.2024.9.1,2024-09-01 00:00:00,3012209,3.7,,,,0,,1,9,2024,30.6,,21.7,,26,,12.8,,AB,,,,,EDMONTON BLATCHFORD,27214,0,,,,,,"{""type"": ""Point"", ""coordinates"": [-113.51666944444445, 53.57305777777778]}"
3012209.2024.9.2,2024-09-02 00:00:00,3012209,4.8,,31,,0,,2,9,2024,31.5,,22.8,,24,,14,,AB,,,31,,EDMONTON BLATCHFORD,27214,0,,,,,,"{""type"": ""Point"", ""coordinates"": [-113.51666944444445, 53.57305777777778]}"
3012209.2024.9.3,2024-09-03 00:00:00,3012209,1.5,,,,0,,3,9,2024,24.1,,19.5,,41,,15,,AB,,,,,EDMONTON BLATCHFORD,27214,0.5,,,,,,"{""type"": ""Point"", ""coordinates"": [-113.51666944444445, 53.57305777777778]}"
3012209.2024.9.4,2024-09-04 00:00:00,3012209,0,,32,,1.6,,4,9,2024,20.6,,16.4,,30,,12.2,,AB,,,31,,EDMONTON BLATCHFORD,27214,0,,,,,,"{""type"": ""Point"", ""coordinates"": [-113.51666944444445, 53.57305777777778]}"
3012209.2024.9.5,2024-09-05 00:00:00,3012209,0,,,,0.7,,5,9,2024,26,,17.3,,27,,8.5,,AB,,,,,EDMONTON BLATCHFORD,27214,0,,,,,,"{""type"": ""Point"", ""coordinates"": [-113.51666944444445, 53.57305777777778]}"
3012209.2024.9.6,2024-09-06 00:00:00,3012209,3.9,,,,0,,6,9,2024,32.1,,21.9,,20,,11.6,,AB,,,,,EDMONTON BLATCHFORD,27214,,M,,,,,"{""type"": ""Point"", ""coordinates"": [-113.51666944444445, 53.57305777777778]}"
3012209.2024.9.7,2024-09-07 00:00:00,3012209,4.3,,,,0,,7,9,2024,30.9,,22.3,,25,,13.7,,AB,,,,,EDMONTON BLATCHFORD,27214,0,,,,,,"{""type"": ""Point"", ""coordinates"": [-113.51666944444445, 53.57305777777778]}"
3012209.2024.9.8,2024-09-08 00:00:00,3012209,3.8,,,,0,,8,9,2024,30.8,,21.8,,24,,12.8,,AB,,,,,EDMONTON BLATCHFORD,27214,0,,,,,,"{""type"": ""Point"", ""coordinates"": [-113.51666944444445, 53.57305777777778]}"
3012209.2024.9.9,2024-09-09 00:00:00,3012209,0,,32,,2.6,,9,9,2024,20.6,,15.4,,31,,10.2,,AB,,,46,,EDMONTON BLATCHFORD,27214,0,,,,,,"{""type"": ""Point"", ""coordinates"": [-113.51666944444445, 53.57305777777778]}"
3012209.2024.9.10,2024-09-10 00:00:00,3012209,0,,,,5.3,,10,9,2024,20.1,,12.7,,32,,5.4,,AB,,,,,EDMONTON BLATCHFORD,27214,0,,,,,,"{""type"": ""Point"", ""coordinates"": [-113.51666944444445, 53.57305777777778]}"
3012209.2024.9.11,2024-09-11 00:00:00,3012209,0,,10,,4.1,,11,9,2024,18.7,,13.9,,41,,9,,AB,,,38,,EDMONTON BLATCHFORD,27214,1.3,,,,,,"{""type"": ""Point"", ""coordinates"": [-113.51666944444445, 53.57305777777778]}"
3012209.2024.9.12,2024-09-12 00:00:00,3012209,0,,,,6.2,,12,9,2024,13.7,,11.8,,74,,9.9,,AB,,,,,EDMONTON BLATCHFORD,27214,5,,,,,,"{""type"": ""Point"", ""coordinates"": [-113.51666944444445, 53.57305777777778]}"
3012209.2024.9.13,2024-09-13 00:00:00,3012209,0,,33,,3.6,,13,9,2024,19,,14.4,,48,,9.9,,AB,,,34,,EDMONTON BLATCHFORD,27214,0,,,,,,"{""type"": ""Point"", ""coordinates"": [-113.51666944444445, 53.57305777777778]}"
3012209.2024.9.14,2024-09-14 00:00:00,3012209,0,,36,,4.7,,14,9,2024,18.5,,13.3,,50,,8.1,,AB,,,31,,EDMONTON BLATCHFORD,27214,1.4,,,,,,"{""type"": ""Point"", ""coordinates"": [-113.51666944444445, 53.57305777777778]}"
3012209.2024.9.15,2024-09-15 00:00:00,3012209,0,,27,,3.7,,15,9,2024,20.4,,14.3,,37,,8.1,,AB,,,37,,EDMONTON BLATCHFORD,27214,0.2,,,,,,"{""type"": ""Point"", ""coordinates"": [-113.51666944444445, 53.57305777777778]}"
3012209.2024.9.16,2024-09-16 00:00:00,3012209,0,,,,3.5,,16,9,2024,21.8,,14.5,,30,,7.1,,AB,,,,,EDMONTON BLATCHFORD,27214,0.2,,,,,,"{""type"": ""Point"", ""coordinates"": [-113.51666944444445, 53.57305777777778]}"
3012209.2024.9.17,2024-09-17 00:00:00,3012209,0,,,,2.2,,17,9,2024,24.3,,15.8,,30,,7.3,,AB,,,,,EDMONTON BLATCHFORD,27214,0,,,,,,"{""type"": ""Point"", ""coordinates"": [-113.51666944444445, 53.57305777777778]}"
3012209.2024.9.18,2024-09-18 00:00:00,3012209,0,,32,,2.5,,18,9,2024,22.2,,15.5,,41,,8.7,,AB,,,32,,EDMONTON BLATCHFORD,27214,0,,,,,,"{""type"": ""Point"", ""coordinates"": [-113.51666944444445, 53.57305777777778]}"
3012209.2024.9.19,2024-09-19 00:00:00,3012209,0,,,,4.9,,19,9,2024,18.3,,13.1,,33,,7.9,,AB,,,,,EDMONTON BLATCHFORD,27214,0,,,,,,"{""type"": ""Point"", ""coordinates"": [-113.51666944444445, 53.57305777777778]}"
3012209.2024.9.20,2024-09-20 00:00:00,3012209,0,,32,,7.4,,20,9,2024,14.3,,10.6,,56,,6.8,,AB,,,42,,EDMONTON BLATCHFORD,27214,0,,,,,,"{""type"": ""Point"", ""coordinates"": [-113.51666944444445, 53.57305777777778]}"
3012209.2024.9.21,2024-09-21 00:00:00,3012209,0,,,,8,,21,9,2024,16.9,,10,,36,,3.2,,AB,,,,,EDMONTON BLATCHFORD,27214,0,,,,,,"{""type"": ""Point"", ""coordinates"": [-113.51666944444445, 53.57305777777778]}"
3012209.2024.9.22,2024-09-22 00:00:00,3012209,0,,,,2.7,,22,9,2024,21.2,,15.3,,40,,9.5,,AB,,,,,EDMONTON BLATCHFORD,27214,1.9,,,,,,"{""type"": ""Point"", ""coordinates"": [-113.51666944444445, 53.57305777777778]}"
3012209.2024.9.23,2024-09-23 00:00:00,3012209,0,,,,3,,23,9,2024,20.9,,15,,42,,9.1,,AB,,,,,EDMONTON BLATCHFORD,27214,0.5,,,,,,"{""type"": ""Point"", ""coordinates"": [-113.51666944444445, 53.57305777777778]}"
3012209.2024.9.24,2024-09-24 00:00:00,3012209,0,,,,0,,24,9,2024,26.1,,18,,31,,9.9,,AB,,,,,EDMONTON BLATCHFORD,27214,0,,,,,,"{""type"": ""Point"", ""coordinates"": [-113.51666944444445, 53.57305777777778]}"
3012209.2024.9.25,2024-09-25 00:00:00,3012209,1.3,,34,,0,,25,9,2024,24.1,,19.3,,39,,14.5,,AB,,,46,,EDMONTON BLATCHFORD,27214,0,,,,,,"{""type"": ""Point"", ""coordinates"": [-113.51666944444445, 53.57305777777778]}"
3012209.2024.9.26,2024-09-26 00:00:00,3012209,0,,30,,5.3,,26,9,2024,17.2,,12.7,,30,,8.2,,AB,,,52,,EDMONTON BLATCHFORD,27214,10.7,,,,,,"{""type"": ""Point"", ""coordinates"": [-113.51666944444445, 53.57305777777778]}"
3012209.2024.9.27,2024-09-27 00:00:00,3012209,0,,27,,3.4,,27,9,2024,21.4,,14.6,,24,,7.8,,AB,,,42,,EDMONTON BLATCHFORD,27214,0,,,,,,"{""type"": ""Point"", ""coordinates"": [-113.51666944444445, 53.57305777777778]}"
3012209.2024.9.28,2024-09-28 00:00:00,3012209,0,,,,7.8,,28,9,2024,16,,10.2,,29,,4.3,,AB,,,,,EDMONTON BLATCHFORD,27214,0,,,,,,"{""type"": ""Point"", ""coordinates"": [-113.51666944444445, 53.57305777777778]}"
3012209.2024.9.29,2024-09-29 00:00:00,3012209,0,,31,,9,,29,9,2024,12.3,,9,,51,,5.6,,AB,,,45,,EDMONTON BLATCHFORD,27214,0.5,,,,,,"{""type"": ""Point"", ""coordinates"": [-113.51666944444445, 53.57305777777778]}"
3012209.2024.9.30,2024-09-30 00:00:00,3012209,0,,31,,9.5,,30,9,2024,13,,8.5,,28,,4,,AB,,,49,,EDMONTON BLATCHFORD,27214,0,,,,,,"{""type"": ""Point"", ""coordinates"": [-113.51666944444445, 53.57305777777778]}"
3012209.2024.10.1,2024-10-01 00:00:00,3012209,0,,,,10,,1,10,2024,11.9,,8,,52,,4.2,,AB,,,,,EDMONTON BLATCHFORD,27214,0,,,,,,"{""type"": ""Point"", ""coordinates"": [-113.51666944444445, 53.57305777777778]}"
3012209.2024.10.2,2024-10-02 00:00:00,3012209,0,,30,,11.1,,2,10,2024,10.2,,6.9,,51,,3.6,,AB,,,36,,EDMONTON BLATCHFORD,27214,0,,,,,,"{""type"": ""Point"", ""coordinates"": [-113.51666944444445, 53.57305777777778]}"
3012209.2024.10.3,2024-10-03 00:00:00,3012209,0,,,,10.4,,3,10,2024,12.3,,7.6,,46,,2.9,,AB,,,,,EDMONTON BLATCHFORD,27214,0,,,,,,"{""type"": ""Point"", ""coordinates"": [-113.51666944444445, 53.57305777777778]}"
3012209.2024.10.4,2024-10-04 00:00:00,3012209,0,,,,9.3,,4,10,2024,12.1,,8.7,,45,,5.3,,AB,,,,,EDMONTON BLATCHFORD,27214,0,,,,,,"{""type"": ""Point"", ""coordinates"": [-113.51666944444445, 53.57305777777778]}"
3012209.2024.10.5,2024-10-05 00:00:00,3012209,0,,32,,8.2,,5,10,2024,15,,9.8,,34,,4.7,,AB,,,40,,EDMONTON BLATCHFORD,27214,0,,,,,,"{""type"": ""Point"", ""coordinates"": [-113.51666944444445, 53.57305777777778]}"
3012209.2024.10.6,2024-10-06 00:00:00,3012209,0,,,,7.3,,6,10,2024,17.5,,10.7,,39,,4,,AB,,,,,EDMONTON BLATCHFORD,27214,0,,,,,,"{""type"": ""Point"", ""coordinates"": [-113.51666944444445, 53.57305777777778]}"
3012209.2024.10.7,2024-10-07 00:00:00,3012209,0,,,,4.2,,7,10,2024,23,,13.8,,30,,4.7,,AB,,,,,EDMONTON BLATCHFORD,27214,0,,,,,,"{""type"": ""Point"", ""coordinates"": [-113.51666944444445, 53.57305777777778]}"
3012209.2024.10.8,2024-10-08 00:00:00,3012209,0,,30,,4.1,,8,10,2024,21.4,,13.9,,36,,6.3,,AB,,,60,,EDMONTON BLATCHFORD,27214,0,,,,,,"{""type"": ""Point"", ""coordinates"": [-113.51666944444445, 53.57305777777778]}"
3012209.2024.10.9,2024-10-09 00:00:00,3012209,0,,,,9.9,,9,10,2024,11.6,,8.1,,52,,4.6,,AB,,,,,EDMONTON BLATCHFORD,27214,0,,,,,,"{""type"": ""Point"", ""coordinates"": [-113.51666944444445, 53.57305777777778]}"
3012209.2024.10.10,2024-10-10 00:00:00,3012209,0,,,,9.8,,10,10,2024,13.4,,8.2,,35,,3,,AB,,,,,EDMONTON BLATCHFORD,27214,0,,,,,,"{""type"": ""Point"", ""coordinates"": [-113.51666944444445, 53.57305777777778]}"
3012209.2024.10.11,2024-10-11 00:00:00,3012209,0,,,,11,,11,10,2024,11.6,,7,,49,,2.5,,AB,,,,,EDMONTON BLATCHFORD,27214,0.2,,,,,,"{""type"": ""Point"", ""coordinates"": [-113.51666944444445, 53.57305777777778]}"
3012209.2024.10.12,2024-10-12 00:00:00,3012209,0,,,,11.8,,12,10,2024,14,,6.2,,32,,-1.5,,AB,,,,,EDMONTON BLATCHFORD,27214,0,,,,,,"{""type"": ""Point"", ""coordinates"": [-113.51666944444445, 53.57305777777778]}"
3012209.2024.10.13,2024-10-13 00:00:00,3012209,0,,17,,6.5,,13,10,2024,17.7,,11.5,,35,,5.2,,AB,,,37,,EDMONTON BLATCHFORD,27214,0,,,,,,"{""type"": ""Point"", ""coordinates"": [-113.51666944444445, 53.57305777777778]}"
3012209.2024.10.14,2024-10-14 00:00:00,3012209,0,,,,8.3,,14,10,2024,15.8,,9.7,,50,,3.7,,AB,,,,,EDMONTON BLATCHFORD,27214,0,,,,,,"{""type"": ""Point"", ""coordinates"": [-113.51666944444445, 53.57305777777778]}"
3012209.2024.10.15,2024-10-15 00:00:00,3012209,0,,,,8.5,,15,10,2024,14.5,,9.5,,39,,4.4,,AB,,,,,EDMONTON BLATCHFORD,27214,0,,,,,,"{""type"": ""Point"", ""coordinates"": [-113.51666944444445, 53.57305777777778]}"
3012209.2024.10.16,2024-10-16 00:00:00,3012209,0,,,,8.8,,16,10,2024,12.6,,9.2,,65,,5.8,,AB,,,,,EDMONTON BLATCHFORD,27214,0.6,,,,,,"{""type"": ""Point"", ""coordinates"": [-113.51666944444445, 53.57305777777778]}"
3012209.2024.10.17,2024-10-17 00:00:00,3012209,0,,31,,11.2,,17,10,2024,10.9,,6.8,,33,,2.7,,AB,,,57,,EDMONTON BLATCHFORD,27214,0,,,,,,"{""type"": ""Point"", ""coordinates"": [-113.51666944444445, 53.57305777777778]}"
3012209.2024.10.18,2024-10-18 00:00:00,3012209,0,,19,,11.9,,18,10,2024,10.5,,6.1,,32,,1.7,,AB,,,32,,EDMONTON BLATCHFORD,27214,0,,,,,,"{""type"": ""Point"", ""coordinates"": [-113.51666944444445, 53.57305777777778]}"
3012209.2024.10.19,2024-10-19 00:00:00,3012209,0,,30,,9.3,,19,10,2024,16.3,,8.7,,34,,1,,AB,,,41,,EDMONTON BLATCHFORD,27214,0,,,,,,"{""type"": ""Point"", ""coordinates"": [-113.51666944444445, 53.57305777777778]}"
3012209.2024.10.20,2024-10-20 00:00:00,3012209,0,,29,,10.3,,20,10,2024,10.5,,7.7,,62,,5,,AB,,,36,,EDMONTON BLATCHFORD,27214,0.5,,,,,,"{""type"": ""Point"", ""coordinates"": [-113.51666944444445, 53.57305777777778]}"
3012209.2024.10.21,2024-10-21 00:00:00,3012209,0,,33,,16.4,,21,10,2024,5.8,,1.6,,75,,-2.6,,AB,,,44,,EDMONTON BLATCHFORD,27214,0.7,,,,,,"{""type"": ""Point"", ""coordinates"": [-113.51666944444445, 53.57305777777778]}"
3012209.2024.10.22,2024-10-22 00:00:00,3012209,0,,,,15.3,,22,10,2024,8,,2.7,,37,,-2.7,,AB,,,,,EDMONTON BLATCHFORD,27214,0,,,,,,"{""type"": ""Point"", ""coordinates"": [-113.51666944444445, 53.57305777777778]}"
3012209.2024.10.23,2024-10-23 00:00:00,3012209,0,,29,,13.4,,23,10,2024,9.2,,4.6,,37,,0,,AB,,,37,,EDMONTON BLATCHFORD,27214,0,,,,,,"{""type"": ""Point"", ""coordinates"": [-113.51666944444445, 53.57305777777778]}"
3012209.2024.10.24,2024-10-24 00:00:00,3012209,0,,32,,13.7,,24,10,2024,8.1,,4.3,,33,,0.6,,AB,,,50,,EDMONTON BLATCHFORD,27214,0,,,,,,"{""type"": ""Point"", ""coordinates"": [-113.51666944444445, 53.57305777777778]}"
3012209.2024.10.25,2024-10-25 00:00:00,3012209,0,,,,14.2,,25,10,2024,9.6,,3.8,,27,,-1.9,,AB,,,,,EDMONTON BLATCHFORD,27214,0,,,,,,"{""type"": ""Point"", ""coordinates"": [-113.51666944444445, 53.57305777777778]}"
3012209.2024.10.26,2024-10-26 00:00:00,3012209,0,,,,15.1,,26,10,2024,6.7,,2.9,,49,,-1,,AB,,,,,EDMONTON BLATCHFORD,27214,0,,,,,,"{""type"": ""Point"", ""coordinates"": [-113.51666944444445, 53.57305777777778]}"
3012209.2024.10.27,2024-10-27 00:00:00,3012209,0,,,,13.5,,27,10,2024,9,,4.5,,60,,0,,AB,,,,,EDMONTON BLATCHFORD,27214,0,,,,,,"{""type"": ""Point"", ""coordinates"": [-113.51666944444445, 53.57305777777778]}"
3012209.2024.10.28,2024-10-28 00:00:00,3012209,0,,,,16.9,,28,10,2024,3.3,,1.1,,72,,-1,,AB,,,,,EDMONTON BLATCHFORD,27214,0,,,,,,"{""type"": ""Point"", ""coordinates"": [-113.51666944444445, 53.57305777777778]}"
3012209.2024.10.29,2024-10-29 00:00:00,3012209,0,,,,15.7,,29,10,2024,6,,2.3,,49,,-1.3,,AB,,,,,EDMONTON BLATCHFORD,27214,0,,,,,,"{""type"": ""Point"", ""coordinates"": [-113.51666944444445, 53.57305777777778]}"
3012209.2024.10.30,2024-10-30 00:00:00,3012209,0,,,,16.2,,30,10,2024,7.7,,1.8,,56,,-4.1,,AB,,,,,EDMONTON BLATCHFORD,27214,0,,,,,,"{""type"": ""Point"", ""coordinates"": [-113.51666944444445, 53.57305777777778]}"
3012209.2024.10.31,2024-10-31 00:00:00,3012209,0,,,,19.1,,31,10,2024,0.4,,-1.1,,82,,-2.6,,AB,,,,,EDMONTON BLATCHFORD,27214,0,,,,,,"{""type"": ""Point"", ""coordinates"": [-113.51666944444445, 53.57305777777778]}"
3012209.2024.11.1,2024-11-01 00:00:00,3012209,0,,,,19.2,,1,11,2024,-0.2,,-1.2,,81,,-2.2,,AB,,,,,EDMONTON BLATCHFORD,27214,0,,,,,,"{""type"": ""Point"", ""coordinates"": [-113.51666944444445, 53.57305777777778]}"
3012209.2024.11.2,2024-11-02 00:00:00,3012209,0,,,,19.7,,2,11,2024,-0.3,,-1.7,,84,,-3,,AB,,,,,EDMONTON BLATCHFORD,27214,0.9,,,,,,"{""type"": ""Point"", ""coordinates"": [-113.51666944444445, 53.57305777777778]}"
3012209.2024.11.3,2024-11-03 00:00:00,3012209,0,,,,16.6,,3,11,2024,8,,1.4,,41,,-5.2,,AB,,,,,EDMONTON BLATCHFORD,27214,0.2,,,,,,"{""type"": ""Point"", ""coordinates"": [-113.51666944444445, 53.57305777777778]}"
3012209.2024.11.4,2024-11-04 00:00:00,3012209,0,,,,16,,4,11,2024,7.6,,2,,35,,-3.5,,AB,,,,,EDMONTON BLATCHFORD,27214,0,,,,,,"{""type"": ""Point"", ""coordinates"": [-113.51666944444445, 53.57305777777778]}"
3012209.2024.11.5,2024-11-05 00:00:00,3012209,0,,33,,17.6,,5,11,2024,3.9,,0.4,,52,,-3.1,,AB,,,39,,EDMONTON BLATCHFORD,27214,1,,,,,,"{""type"": ""Point"", ""coordinates"": [-113.51666944444445, 53.57305777777778]}"
3012209.2024.11.6,2024-11-06 00:00:00,3012209,0,,,,14.5,,6,11,2024,10.6,,3.5,,41,,-3.7,,AB,,,,,EDMONTON BLATCHFORD,27214,0,,,,,,"{""type"": ""Point"", ""coordinates"": [-113.51666944444445, 53.57305777777778]}"
3012209.2024.11.7,2024-11-07 00:00:00,3012209,0,,24,,8.3,,7,11,2024,14.3,,9.7,,46,,5.2,,AB,,,33,,EDMONTON BLATCHFORD,27214,0,,,,,,"{""type"": ""Point"", ""coordinates"": [-113.51666944444445, 53.57305777777778]}"
3012209.2024.11.8,2024-11-08 00:00:00,3012209,0,,36,,8.9,,8,11,2024,15.6,,9.1,,41,,2.7,,AB,,,43,,EDMONTON BLATCHFORD,27214,0,,,,,,"{""type"": ""Point"", ""coordinates"": [-113.51666944444445, 53.57305777777778]}"
3012209.2024.11.9,2024-11-09 00:00:00,3012209,0,,35,,13.5,,9,11,2024,7.3,,4.5,,53,,1.6,,AB,,,43,,EDMONTON BLATCHFORD,27214,0,,,,,,"{""type"": ""Point"", ""coordinates"": [-113.51666944444445, 53.57305777777778]}"
3012209.2024.11.10,2024-11-10 00:00:00,3012209,0,,15,,18.3,,10,11,2024,1.8,,-0.3,,82,,-2.4,,AB,,,36,,EDMONTON BLATCHFORD,27214,0,,,,,,"{""type"": ""Point"", ""coordinates"": [-113.51666944444445, 53.57305777777778]}"
3012209.2024.11.11,2024-11-11 00:00:00,3012209,0,,15,,15.9,,11,11,2024,3.1,,2.1,,83,,1,,AB,,,31,,EDMONTON BLATCHFORD,27214,0,,,,,,"{""type"": ""Point"", ""coordinates"": [-113.51666944444445, 53.57305777777778]}"
3012209.2024.11.12,2024-11-12 00:00:00,3012209,0,,31,,14.2,,12,11,2024,9.5,,3.8,,38,,-1.8,,AB,,,33,,EDMONTON BLATCHFORD,27214,0,,,,,,"{""type"": ""Point"", ""coordinates"": [-113.51666944444445, 53.57305777777778]}"
3012209.2024.11.13,2024-11-13 00:00:00,3012209,0,,,,17.7,,13,11,2024,4.9,,0.3,,60,,-4.2,,AB,,,,,EDMONTON BLATCHFORD,27214,0.2,,,,,,"{""type"": ""Point"", ""coordinates"": [-113.51666944444445, 53.57305777777778]}"
3012209.2024.11.14,2024-11-14 00:00:00,3012209,0,,,,19.6,,14,11,2024,0.2,,-1.6,,83,,-3.4,,AB,,,,,EDMONTON BLATCHFORD,27214,0,,,,,,"{""type"": ""Point"", ""coordinates"": [-113.51666944444445, 53.57305777777778]}"
3012209.2024.11.15,2024-11-15 00:00:00,3012209,0,,,,19.2,,15,11,2024,0.4,,-1.2,,87,,-2.8,,AB,,,,,EDMONTON BLATCHFORD,27214,2.6,,,,,,"{""type"": ""Point"", ""coordinates"": [-113.51666944444445, 53.57305777777778]}"
3012209.2024.11.16,2024-11-16 00:00:00,3012209,0,,,,19.1,,16,11,2024,0.6,,-1.1,,78,,-2.9,,AB,,,,,EDMONTON BLATCHFORD,27214,0,,,,,,"{""type"": ""Point"", ""coordinates"": [-113.51666944444445, 53.57305777777778]}"
3012209.2024.11.17,2024-11-17 00:00:00,3012209,0,,,,18.8,,17,11,2024,3.1,,-0.8,,56,,-4.7,,AB,,,,,EDMONTON BLATCHFORD,27214,0,,,,,,"{""type"": ""Point"", ""coordinates"": [-113.51666944444445, 53.57305777777778]}"
3012209.2024.11.18,2024-11-18 00:00:00,3012209,0,,,,21.7,,18,11,2024,-0.4,,-3.7,,65,,-7,,AB,,,,,EDMONTON BLATCHFORD,27214,0,,,,,,"{""type"": ""Point"", ""coordinates"": [-113.51666944444445, 53.57305777777778]}"
3012209.2024.11.19,2024-11-19 00:00:00,3012209,0,,,,25.8,,19,11,2024,-6,,-7.8,,81,,-9.7,,AB,,,,,EDMONTON BLATCHFORD,27214,0,,,,,,"{""type"": ""Point"", ""coordinates"": [-113.51666944444445, 53.57305777777778]}"
3012209.2024.11.20,2024-11-20 00:00:00,3012209,0,,,,29.4,,20,11,2024,-8.4,,-11.4,,75,,-14.5,,AB,,,,,EDMONTON BLATCHFORD,27214,0,,,,,,"{""type"": ""Point"", ""coordinates"": [-113.51666944444445, 53.57305777777778]}"
3012209.2024.11.21,2024-11-21 00:00:00,3012209,0,,,,30.5,,21,11,2024,-11.1,,-12.5,,81,,-13.9,,AB,,,,,EDMONTON BLATCHFORD,27214,3.2,,,,,,"{""type"": ""Point"", ""coordinates"": [-113.51666944444445, 53.57305777777778]}"
3012209.2024.11.22,2024-11-22 00:00:00,3012209,0,,,,29.7,,22,11,2024,-8.1,,-11.7,,69,,-15.2,,AB,,,,,EDMONTON BLATCHFORD,27214,0,,,,,,"{""type"": ""Point"", ""coordinates"": [-113.51666944444445, 53.57305777777778]}"
3012209.2024.11.23,2024-11-23 00:00:00,3012209,0,,,,30.3,,23,11,2024,-10.3,,-12.3,,85,,-14.2,,AB,,,,,EDMONTON BLATCHFORD,27214,13.4,,,,,,"{""type"": ""Point"", ""coordinates"": [-113.51666944444445, 53.57305777777778]}"
3012209.2024.11.24,2024-11-24 00:00:00,3012209,0,,,,31.6,,24,11,2024,-12.8,,-13.6,,81,,-14.4,,AB,,,,,EDMONTON BLATCHFORD,27214,0.2,,,,,,"{""type"": ""Point"", ""coordinates"": [-113.51666944444445, 53.57305777777778]}"
3012209.2024.11.25,2024-11-25 00:00:00,3012209,0,,,,31.3,,25,11,2024,-11.5,,-13.3,,69,,-15.1,,AB,,,,,EDMONTON BLATCHFORD,27214,0.2,,,,,,"{""type"": ""Point"", ""coordinates"": [-113.51666944444445, 53.57305777777778]}"
3012209.2024.11.26,2024-11-26 00:00:00,3012209,0,,,,30.1,,26,11,2024,-7.7,,-12.1,,69,,-16.6,,AB,,,,,EDMONTON BLATCHFORD,27214,0.2,,,,,,"{""type"": ""Point"", ""coordinates"": [-113.51666944444445, 53.57305777777778]}"
3012209.2024.11.27,2024-11-27 00:00:00,3012209,0,,,,31.2,,27,11,2024,-8.1,,-13.2,,70,,-18.3,,AB,,,,,EDMONTON BLATCHFORD,27214,0,,,,,,"{""type"": ""Point"", ""coordinates"": [-113.51666944444445, 53.57305777777778]}"
3012209.2024.11.28,2024-11-28 00:00:00,3012209,0,,,,35.8,,28,11,2024,-16.1,,-17.8,,73,,-19.5,,AB,,,,,EDMONTON BLATCHFORD,27214,0.2,,,,,,"{""type"": ""Point"", ""coordinates"": [-113.51666944444445, 53.57305777777778]}"
3012209.2024.11.29,2024-11-29 00:00:00,3012209,0,,,,35.2,,29,11,2024,-15.6,,-17.2,,68,,-18.9,,AB,,,,,EDMONTON BLATCHFORD,27214,0.2,,,,,,"{""type"": ""Point"", ""coordinates"": [-113.51666944444445, 53.57305777777778]}"
3012209.2024.11.30,2024-11-30 00:00:00,3012209,0,,,,35.3,,30,11,2024,-15.9,,-17.3,,75,,-18.6,,AB,,,,,EDMONTON BLATCHFORD,27214,6.5,,,,,,"{""type"": ""Point"", ""coordinates"": [-113.51666944444445, 53.57305777777778]}"
3012209.2024.12.1,2024-12-01 00:00:00,3012209,0,,,,37.5,,1,12,2024,-14,,-19.5,,70,,-25,,AB,,,,,EDMONTON BLATCHFORD,27214,0,,,,,,"{""type"": ""Point"", ""coordinates"": [-113.51666944444445, 53.57305777777778]}"
3012209.2024.12.2,2024-12-02 00:00:00,3012209,0,,,,24.2,,2,12,2024,1.8,,-6.2,,65,,-14.2,,AB,,,,,EDMONTON BLATCHFORD,27214,0,,,,,,"{""type"": ""Point"", ""coordinates"": [-113.51666944444445, 53.57305777777778]}"
3012209.2024.12.3,2024-12-03 00:00:00,3012209,,M,,M,,M,3,12,2024,,M,,M,,M,,M,AB,,,,M,EDMONTON BLATCHFORD,27214,,M,,,,,"{""type"": ""Point"", ""coordinates"": [-113.51666944444445, 53.57305777777778]}"
3012209.2024.12.4,2024-12-04 00:00:00,3012209,0,,,,26.2,,4,12,2024,-4.9,,-8.2,,73,,-11.6,,AB,,,,,EDMONTON BLATCHFORD,27214,5.8,,,,,,"{""type"": ""Point"", ""coordinates"": [-113.51666944444445, 53.57305777777778]}"
3012209.2024.12.5,2024-12-05 00:00:00,3012209,0,,,,18.6,,5,12,2024,5.7,,-0.6,,69,,-7,,AB,,,,,EDMONTON BLATCHFORD,27214,0.2,,,,,,"{""type"": ""Point"", ""coordinates"": [-113.51666944444445, 53.57305777777778]}"
3012209.2024.12.6,2024-12-06 00:00:00,3012209,0,,,,14.7,,6,12,2024,7.5,,3.3,,54,,-0.9,,AB,,,,,EDMONTON BLATCHFORD,27214,0,,,,,,"{""type"": ""Point"", ""coordinates"": [-113.51666944444445, 53.57305777777778]}"
3012209.2024.12.7,2024-12-07 00:00:00,3012209,0,,,,16.3,,7,12,2024,4.7,,1.7,,70,,-1.3,,AB,,,,,EDMONTON BLATCHFORD,27214,1,,,,,,"{""type"": ""Point"", ""coordinates"": [-113.51666944444445, 53.57305777777778]}"
3012209.2024.12.8,2024-12-08 00:00:00,3012209,0,,32,,17.9,,8,12,2024,1.4,,0.1,,81,,-1.1,,AB,,,37,,EDMONTON BLATCHFORD,27214,5.3,,,,,,"{""type"": ""Point"", ""coordinates"": [-113.51666944444445, 53.57305777777778]}"
3012209.2024.12.9,2024-12-09 00:00:00,3012209,0,,31,,20.1,,9,12,2024,0.5,,-2.1,,67,,-4.7,,AB,,,34,,EDMONTON BLATCHFORD,27214,0.2,,,,,,"{""type"": ""Point"", ""coordinates"": [-113.51666944444445, 53.57305777777778]}"
3012209.2024.12.10,2024-12-10 00:00:00,3012209,0,,,,26.4,,10,12,2024,-4.6,,-8.4,,79,,-12.2,,AB,,,,,EDMONTON BLATCHFORD,27214,4.6,,,,,,"{""type"": ""Point"", ""coordinates"": [-113.51666944444445, 53.57305777777778]}"
3012209.2024.12.11,2024-12-11 00:00:00,3012209,0,,,,28,,11,12,2024,-8,,-10,,80,,-12,,AB,,,,,EDMONTON BLATCHFORD,27214,0.2,,,,,,"{""type"": ""Point"", ""coordinates"": [-113.51666944444445, 53.57305777777778]}"
3012209.2024.12.12,2024-12-12 00:00:00,3012209,0,,,,27.4,,12,12,2024,-6.7,,-9.4,,78,,-12.1,,AB,,,,,EDMONTON BLATCHFORD,27214,0,,,,,,"{""type"": ""Point"", ""coordinates"": [-113.51666944444445, 53.57305777777778]}"
3012209.2024.12.13,2024-12-13 00:00:00,3012209,0,,,,23.8,,13,12,2024,-2.7,,-5.8,,73,,-9,,AB,,,,,EDMONTON BLATCHFORD,27214,0,,,,,,"{""type"": ""Point"", ""coordinates"": [-113.51666944444445, 53.57305777777778]}"
3012209.2024.12.14,2024-12-14 00:00:00,3012209,0,,,,24.4,,14,12,2024,-2.8,,-6.4,,72,,-10,,AB,,,,,EDMONTON BLATCHFORD,27214,0,,,,,,"{""type"": ""Point"", ""coordinates"": [-113.51666944444445, 53.57305777777778]}"
3012209.2024.12.15,2024-12-15 00:00:00,3012209,0,,,,27.4,,15,12,2024,-6.9,,-9.4,,77,,-11.8,,AB,,,,,EDMONTON BLATCHFORD,27214,0.2,,,,,,"{""type"": ""Point"", ""coordinates"": [-113.51666944444445, 53.57305777777778]}"
3012209.2024.12.16,2024-12-16 00:00:00,3012209,0,,,,33.1,,16,12,2024,-11.8,,-15.1,,71,,-18.5,,AB,,,,,EDMONTON BLATCHFORD,27214,0,,,,,,"{""type"": ""Point"", ""coordinates"": [-113.51666944444445, 53.57305777777778]}"
3012209.2024.12.17,2024-12-17 00:00:00,3012209,0,,,,35.7,,17,12,2024,-16.9,,-17.7,,65,,-18.5,,AB,,,,,EDMONTON BLATCHFORD,27214,0,,,,,,"{""type"": ""Point"", ""coordinates"": [-113.51666944444445, 53.57305777777778]}"
3012209.2024.12.18,2024-12-18 00:00:00,3012209,0,,,,36.3,,18,12,2024,-16.9,,-18.3,,67,,-19.7,,AB,,,,,EDMONTON BLATCHFORD,27214,9.4,,,,,,"{""type"": ""Point"", ""coordinates"": [-113.51666944444445, 53.57305777777778]}"
3012209.2024.12.19,2024-12-19 00:00:00,3012209,0,,,,35.5,,19,12,2024,-15.2,,-17.5,,72,,-19.8,,AB,,,,,EDMONTON BLATCHFORD,27214,0.2,,,,,,"{""type"": ""Point"", ""coordinates"": [-113.51666944444445, 53.57305777777778]}"
3012209.2024.12.20,2024-12-20 00:00:00,3012209,0,,14,,29.5,,20,12,2024,-7.5,,-11.5,,65,,-15.5,,AB,,,31,,EDMONTON BLATCHFORD,27214,0.9,,,,,,"{""type"": ""Point"", ""coordinates"": [-113.51666944444445, 53.57305777777778]}"
3012209.2024.12.21,2024-12-21 00:00:00,3012209,0,,,,21.1,,21,12,2024,4.5,,-3.1,,69,,-10.8,,AB,,,,,EDMONTON BLATCHFORD,27214,0,,,,,,"{""type"": ""Point"", ""coordinates"": [-113.51666944444445, 53.57305777777778]}"
3012209.2024.12.22,2024-12-22 00:00:00,3012209,0,,,,22.7,,22,12,2024,0.9,,-4.7,,78,,-10.2,,AB,,,,,EDMONTON BLATCHFORD,27214,0,,,,,,"{""type"": ""Point"", ""coordinates"": [-113.51666944444445, 53.57305777777778]}"
3012209.2024.12.23,2024-12-23 00:00:00,3012209,0,,,,18.8,,23,12,2024,4.5,,-0.8,,59,,-6,,AB,,,,,EDMONTON BLATCHFORD,27214,0,,,,,,"{""type"": ""Point"", ""coordinates"": [-113.51666944444445, 53.57305777777778]}"
3012209.2024.12.24,2024-12-24 00:00:00,3012209,0,,16,,20.2,,24,12,2024,3.7,,-2.2,,49,,-8,,AB,,,35,,EDMONTON BLATCHFORD,27214,0,,,,,,"{""type"": ""Point"", ""coordinates"": [-113.51666944444445, 53.57305777777778]}"
3012209.2024.12.25,2024-12-25 00:00:00,3012209,0,,,,18.1,,25,12,2024,5.4,,-0.1,,38,,-5.7,,AB,,,,,EDMONTON BLATCHFORD,27214,0,,,,,,"{""type"": ""Point"", ""coordinates"": [-113.51666944444445, 53.57305777777778]}"
3012209.2024.12.26,2024-12-26 00:00:00,3012209,0,,,,22.4,,26,12,2024,1.3,,-4.4,,51,,-10,,AB,,,,,EDMONTON BLATCHFORD,27214,0,,,,,,"{""type"": ""Point"", ""coordinates"": [-113.51666944444445, 53.57305777777778]}"
3012209.2024.12.27,2024-12-27 00:00:00,3012209,0,,,,20.8,,27,12,2024,1.2,,-2.8,,73,,-6.7,,AB,,,,,EDMONTON BLATCHFORD,27214,0,,,,,,"{""type"": ""Point"", ""coordinates"": [-113.51666944444445, 53.57305777777778]}"
3012209.2024.12.28,2024-12-28 00:00:00,3012209,0,,,,22.7,,28,12,2024,-1.2,,-4.7,,60,,-8.1,,AB,,,,,EDMONTON BLATCHFORD,27214,0,,,,,,"{""type"": ""Point"", ""coordinates"": [-113.51666944444445, 53.57305777777778]}"
3012209.2024.12.29,2024-12-29 00:00:00,3012209,0,,,,26.3,,29,12,2024,-4.5,,-8.3,,74,,-12.2,,AB,,,,,EDMONTON BLATCHFORD,27214,0,,,,,,"{""type"": ""Point"", ""coordinates"": [-113.51666944444445, 53.57305777777778]}"
3012209.2024.12.30,2024-12-30 00:00:00,3012209,0,,,,27.4,,30,12,2024,-7.5,,-9.4,,76,,-11.2,,AB,,,,,EDMONTON BLATCHFORD,27214,0,,,,,,"{""type"": ""Point"", ""coordinates"": [-113.51666944444445, 53.57305777777778]}"
3012209.2024.12.31,2024-12-31 00:00:00,3012209,0,,,,29.6,,31,12,2024,-10,,-11.6,,73,,-13.3,,AB,,,,,EDMONTON BLATCHFORD,27214,0,,,,,,"{""type"": ""Point"", ""coordinates"": [-113.51666944444445, 53.57305777777778]}"
3012209.2025.1.1,2025-01-01 00:00:00,3012209,0,,,,32.7,,1,1,2025,-12.9,,-14.7,,72,,-16.5,,AB,,,,,EDMONTON BLATCHFORD,27214,0,,,,,,"{""type"": ""Point"", ""coordinates"": [-113.51666944444445, 53.57305777777778]}"
3012209.2025.1.2,2025-01-02 00:00:00,3012209,0,,,,38.1,,2,1,2025,-16.5,,-20.1,,71,,-23.7,,AB,,,,,EDMONTON BLATCHFORD,27214,0,,,,,,"{""type"": ""Point"", ""coordinates"": [-113.51666944444445, 53.57305777777778]}"
3012209.2025.1.3,2025-01-03 00:00:00,3012209,0,,15,,38.1,,3,1,2025,-16,,-20.1,,68,,-24.3,,AB,,,35,,EDMONTON BLATCHFORD,27214,0,,,,,,"{""type"": ""Point"", ""coordinates"": [-113.51666944444445, 53.57305777777778]}"
3012209.2025.1.4,2025-01-04 00:00:00,3012209,0,,12,,34.6,,4,1,2025,-14.8,,-16.6,,67,,-18.4,,AB,,,32,,EDMONTON BLATCHFORD,27214,0,,,,,,"{""type"": ""Point"", ""coordinates"": [-113.51666944444445, 53.57305777777778]}"
3012209.2025.1.5,2025-01-05 00:00:00,3012209,0,,,,32.6,,5,1,2025,-13.8,,-14.6,,68,,-15.4,,AB,,,,,EDMONTON BLATCHFORD,27214,0,,,,,,"{""type"": ""Point"", ""coordinates"": [-113.51666944444445, 53.57305777777778]}"
3012209.2025.1.6,2025-01-06 00:00:00,3012209,0,,,,28.6,,6,1,2025,-7.1,,-10.6,,63,,-14.1,,AB,,,,,EDMONTON BLATCHFORD,27214,0.2,,,,,,"{""type"": ""Point"", ""coordinates"": [-113.51666944444445, 53.57305777777778]}"
3012209.2025.1.7,2025-01-07 00:00:00,3012209,0,,,,23,,7,1,2025,2.7,,-5,,52,,-12.8,,AB,,,,,EDMONTON BLATCHFORD,27214,0,,,,,,"{""type"": ""Point"", ""coordinates"": [-113.51666944444445, 53.57305777777778]}"
3012209.2025.1.8,2025-01-08 00:00:00,3012209,0,,30,,17.1,,8,1,2025,4.8,,0.9,,59,,-3,,AB,,,39,,EDMONTON BLATCHFORD,27214,0,,,,,,"{""type"": ""Point"", ""coordinates"": [-113.51666944444445, 53.57305777777778]}"
3012209.2025.1.9,2025-01-09 00:00:00,3012209,0,,,,19.7,,9,1,2025,3.1,,-1.7,,53,,-6.5,,AB,,,,,EDMONTON BLATCHFORD,27214,0,,,,,,"{""type"": ""Point"", ""coordinates"": [-113.51666944444445, 53.57305777777778]}"
3012209.2025.1.10,2025-01-10 00:00:00,3012209,0,,30,,15.8,,10,1,2025,5.5,,2.2,,60,,-1.1,,AB,,,51,,EDMONTON BLATCHFORD,27214,1.3,,,,,,"{""type"": ""Point"", ""coordinates"": [-113.51666944444445, 53.57305777777778]}"
3012209.2025.1.11,2025-01-11 00:00:00,3012209,0,,31,,19.5,,11,1,2025,2.6,,-1.5,,78,,-5.6,,AB,,,38,,EDMONTON BLATCHFORD,27214,4.2,,,,,,"{""type"": ""Point"", ""coordinates"": [-113.51666944444445, 53.57305777777778]}"
3012209.2025.1.12,2025-01-12 00:00:00,3012209,0,,,,20.2,,12,1,2025,1.3,,-2.2,,70,,-5.6,,AB,,,,,EDMONTON BLATCHFORD,27214,1.3,,,,,,"{""type"": ""Point"", ""coordinates"": [-113.51666944444445, 53.57305777777778]}"
3012209.2025.1.13,2025-01-13 00:00:00,3012209,0,,30,,18.8,,13,1,2025,3.8,,-0.8,,53,,-5.5,,AB,,,36,,EDMONTON BLATCHFORD,27214,0,,,,,,"{""type"": ""Point"", ""coordinates"": [-113.51666944444445, 53.57305777777778]}"
3012209.2025.1.14,2025-01-14 00:00:00,3012209,0,,,,17.5,,14,1,2025,5.8,,0.5,,54,,-4.9,,AB,,,,,EDMONTON BLATCHFORD,27214,0,,,,,,"{""type"": ""Point"", ""coordinates"": [-113.51666944444445, 53.57305777777778]}"
3012209.2025.1.15,2025-01-15 00:00:00,3012209,0,,,,14.4,,15,1,2025,6.2,,3.6,,53,,1,,AB,,,,,EDMONTON BLATCHFORD,27214,0,,,,,,"{""type"": ""Point"", ""coordinates"": [-113.51666944444445, 53.57305777777778]}"
3012209.2025.1.16,2025-01-16 00:00:00,3012209,0,,31,,19.4,,16,1,2025,3.9,,-1.4,,52,,-6.7,,AB,,,71,,EDMONTON BLATCHFORD,27214,4.9,,,,,,"{""type"": ""Point"", ""coordinates"": [-113.51666944444445, 53.57305777777778]}"
3012209.2025.1.17,2025-01-17 00:00:00,3012209,0,,35,,29.6,,17,1,2025,-6.7,,-11.6,,67,,-16.4,,AB,,,44,,EDMONTON BLATCHFORD,27214,2.5,,,,,,"{""type"": ""Point"", ""coordinates"": [-113.51666944444445, 53.57305777777778]}"
3012209.2025.1.18,2025-01-18 00:00:00,3012209,0,,,,37.3,,18,1,2025,-16.1,,-19.3,,61,,-22.5,,AB,,,,,EDMONTON BLATCHFORD,27214,0,,,,,,"{""type"": ""Point"", ""coordinates"": [-113.51666944444445, 53.57305777777778]}"
3012209.2025.1.19,2025-01-19 00:00:00,3012209,0,,,,41.5,,19,1,2025,-19.3,,-23.5,,67,,-27.6,,AB,,,,,EDMONTON BLATCHFORD,27214,0,,,,,,"{""type"": ""Point"", ""coordinates"": [-113.51666944444445, 53.57305777777778]}"
3012209.2025.1.20,2025-01-20 00:00:00,3012209,0,,,,31.6,,20,1,2025,-1.8,,-13.6,,58,,-25.3,,AB,,,,,EDMONTON BLATCHFORD,27214,0,,,,,,"{""type"": ""Point"", ""coordinates"": [-113.51666944444445, 53.57305777777778]}"
3012209.2025.1.21,2025-01-21 00:00:00,3012209,0,,31,,19.2,,21,1,2025,0.4,,-1.2,,54,,-2.9,,AB,,,69,,EDMONTON BLATCHFORD,27214,0,,,,,,"{""type"": ""Point"", ""coordinates"": [-113.51666944444445, 53.57305777777778]}"
3012209.2025.1.22,2025-01-22 00:00:00,3012209,0,,33,,22.4,,22,1,2025,-1.2,,-4.4,,61,,-7.6,,AB,,,50,,EDMONTON BLATCHFORD,27214,0.7,,,,,,"{""type"": ""Point"", ""coordinates"": [-113.51666944444445, 53.57305777777778]}"
3012209.2025.1.23,2025-01-23 00:00:00,3012209,0,,31,,19.4,,23,1,2025,4,,-1.4,,56,,-6.8,,AB,,,45,,EDMONTON BLATCHFORD,27214,0,,,,,,"{""type"": ""Point"", ""coordinates"": [-113.51666944444445, 53.57305777777778]}"
3012209.2025.1.24,2025-01-24 00:00:00,3012209,0,,33,,22.8,,24,1,2025,-1.2,,-4.8,,59,,-8.3,,AB,,,48,,EDMONTON BLATCHFORD,27214,0,,,,,,"{""type"": ""Point"", ""coordinates"": [-113.51666944444445, 53.57305777777778]}"
3012209.2025.1.25,2025-01-25 00:00:00,3012209,0,,,,22.3,,25,1,2025,1.4,,-4.3,,47,,-9.9,,AB,,,,,EDMONTON BLATCHFORD,27214,0,,,,,,"{""type"": ""Point"", ""coordinates"": [-113.51666944444445, 53.57305777777778]}"
3012209.2025.1.26,2025-01-26 00:00:00,3012209,0,,,,17,,26,1,2025,5.9,,1,,44,,-3.9,,AB,,,,,EDMONTON BLATCHFORD,27214,0,,,,,,"{""type"": ""Point"", ""coordinates"": [-113.51666944444445, 53.57305777777778]}"
3012209.2025.1.27,2025-01-27 00:00:00,3012209,0,,31,,13.2,,27,1,2025,7.7,,4.8,,32,,1.8,,AB,,,35,,EDMONTON BLATCHFORD,27214,0,,,,,,"{""type"": ""Point"", ""coordinates"": [-113.51666944444445, 53.57305777777778]}"
3012209.2025.1.28,2025-01-28 00:00:00,3012209,0,,,,14.5,,28,1,2025,7,,3.5,,43,,0,,AB,,,,,EDMONTON BLATCHFORD,27214,1.2,,,,,,"{""type"": ""Point"", ""coordinates"": [-113.51666944444445, 53.57305777777778]}"
3012209.2025.1.29,2025-01-29 00:00:00,3012209,0,,,,17.5,,29,1,2025,2.3,,0.5,,72,,-1.3,,AB,,,,,EDMONTON BLATCHFORD,27214,3,,,,,,"{""type"": ""Point"", ""coordinates"": [-113.51666944444445, 53.57305777777778]}"
3012209.2025.1.30,2025-01-30 00:00:00,3012209,0,,,,22.4,,30,1,2025,2.9,,-4.4,,55,,-11.6,,AB,,,,,EDMONTON BLATCHFORD,27214,5.8,,,,,,"{""type"": ""Point"", ""coordinates"": [-113.51666944444445, 53.57305777777778]}"
3012209.2025.1.31,2025-01-31 00:00:00,3012209,0,,13,,30.5,,31,1,2025,-10.6,,-12.5,,81,,-14.4,,AB,,,34,,EDMONTON BLATCHFORD,27214,3.3,,,,,,"{""type"": ""Point"", ""coordinates"": [-113.51666944444445, 53.57305777777778]}"
3012209.2025.2.1,2025-02-01 00:00:00,3012209,0,,32,,38,,1,2,2025,-14.3,,-20,,57,,-25.7,,AB,,,38,,EDMONTON BLATCHFORD,27214,2,,,,,,"{""type"": ""Point"", ""coordinates"": [-113.51666944444445, 53.57305777777778]}"
3012209.2025.2.2,2025-02-02 00:00:00,3012209,0,,33,,42.9,,2,2,2025,-23.1,,-24.9,,63,,-26.7,,AB,,,34,,EDMONTON BLATCHFORD,27214,1.3,,,,,,"{""type"": ""Point"", ""coordinates"": [-113.51666944444445, 53.57305777777778]}"
3012209.2025.2.3,2025-02-03 00:00:00,3012209,0,,,,44.8,,3,2,2025,-23.9,,-26.8,,67,,-29.8,,AB,,,,,EDMONTON BLATCHFORD,27214,0.2,,,,,,"{""type"": ""Point"", ""coordinates"": [-113.51666944444445, 53.57305777777778]}"
3012209.2025.2.4,2025-02-04 00:00:00,3012209,0,,,,41.9,,4,2,2025,-20.8,,-23.9,,60,,-26.9,,AB,,,,,EDMONTON BLATCHFORD,27214,1.1,,,,,,"{""type"": ""Point"", ""coordinates"": [-113.51666944444445, 53.57305777777778]}"
3012209.2025.2.5,2025-02-05 00:00:00,3012209,0,,,,39.9,,5,2,2025,-18.8,,-21.9,,65,,-25,,AB,,,,,EDMONTON BLATCHFORD,27214,0,,,,,,"{""type"": ""Point"", ""coordinates"": [-113.51666944444445, 53.57305777777778]}"
3012209.2025.2.6,2025-02-06 00:00:00,3012209,0,,,,30.8,,6,2,2025,-6.9,,-12.8,,60,,-18.8,,AB,,,,,EDMONTON BLATCHFORD,27214,0.7,,,,,,"{""type"": ""Point"", ""coordinates"": [-113.51666944444445, 53.57305777777778]}"
3012209.2025.2.7,2025-02-07 00:00:00,3012209,0,,,,31.9,,7,2,2025,-10.3,,-13.9,,65,,-17.5,,AB,,,,,EDMONTON BLATCHFORD,27214,0,,,,,,"{""type"": ""Point"", ""coordinates"": [-113.51666944444445, 53.57305777777778]}"
3012209.2025.2.8,2025-02-08 00:00:00,3012209,0,,32,,32.3,,8,2,2025,-8.7,,-14.3,,60,,-19.8,,AB,,,44,,EDMONTON BLATCHFORD,27214,0,,,,,,"{""type"": ""Point"", ""coordinates"": [-113.51666944444445, 53.57305777777778]}"
3012209.2025.2.9,2025-02-09 00:00:00,3012209,0,,34,,37.2,,9,2,2025,-13.1,,-19.2,,52,,-25.4,,AB,,,44,,EDMONTON BLATCHFORD,27214,0.4,,,,,,"{""type"": ""Point"", ""coordinates"": [-113.51666944444445, 53.57305777777778]}"
3012209.2025.2.10,2025-02-10 00:00:00,3012209,0,,,,39.2,,10,2,2025,-13.6,,-21.2,,54,,-28.8,,AB,,,,,EDMONTON BLATCHFORD,27214,0,,,,,,"{""type"": ""Point"", ""coordinates"": [-113.51666944444445, 53.57305777777778]}"
3012209.2025.2.11,2025-02-11 00:00:00,3012209,0,,,,33.4,,11,2,2025,-13.7,,-15.4,,62,,-17,,AB,,,,,EDMONTON BLATCHFORD,27214,0.5,,,,,,"{""type"": ""Point"", ""coordinates"": [-113.51666944444445, 53.57305777777778]}"
3012209.2025.2.12,2025-02-12 00:00:00,3012209,0,,,,33.4,,12,2,2025,-11.4,,-15.4,,58,,-19.4,,AB,,,,,EDMONTON BLATCHFORD,27214,0.2,,,,,,"{""type"": ""Point"", ""coordinates"": [-113.51666944444445, 53.57305777777778]}"
3012209.2025.2.13,2025-02-13 00:00:00,3012209,0,,,,34.8,,13,2,2025,-14.5,,-16.8,,63,,-19.1,,AB,,,,,EDMONTON BLATCHFORD,27214,0.2,,,,,,"{""type"": ""Point"", ""coordinates"": [-113.51666944444445, 53.57305777777778]}"
3012209.2025.2.14,2025-02-14 00:00:00,3012209,0,,,,36.4,,14,2,2025,-17.1,,-18.4,,65,,-19.6,,AB,,,,,EDMONTON BLATCHFORD,27214,0.8,,,,,,"{""type"": ""Point"", ""coordinates"": [-113.51666944444445, 53.57305777777778]}"
3012209.2025.2.15,2025-02-15 00:00:00,3012209,0,,,,38.5,,15,2,2025,-17.5,,-20.5,,60,,-23.4,,AB,,,,,EDMONTON BLATCHFORD,27214,0,,,,,,"{""type"": ""Point"", ""coordinates"": [-113.51666944444445, 53.57305777777778]}"
3012209.2025.2.16,2025-02-16 00:00:00,3012209,0,,,,39.8,,16,2,2025,-17.1,,-21.8,,54,,-26.6,,AB,,,,,EDMONTON BLATCHFORD,27214,0.2,,,,,,"{""type"": ""Point"", ""coordinates"": [-113.51666944444445, 53.57305777777778]}"
3012209.2025.2.17,2025-02-17 00:00:00,3012209,0,,14,,40.8,,17,2,2025,-18.9,,-22.8,,56,,-26.8,,AB,,,32,,EDMONTON BLATCHFORD,27214,0,,,,,,"{""type"": ""Point"", ""coordinates"": [-113.51666944444445, 53.57305777777778]}"
3012209.2025.2.18,2025-02-18 00:00:00,3012209,0,,15,,42.5,,18,2,2025,-18.8,,-24.5,,47,,-30.3,,AB,,,36,,EDMONTON BLATCHFORD,27214,0,,,,,,"{""type"": ""Point"", ""coordinates"": [-113.51666944444445, 53.57305777777778]}"
3012209.2025.2.19,2025-02-19 00:00:00,3012209,0,,18,,39,,19,2,2025,-16.3,,-21,,56,,-25.6,,AB,,,35,,EDMONTON BLATCHFORD,27214,0,,,,,,"{""type"": ""Point"", ""coordinates"": [-113.51666944444445, 53.57305777777778]}"
3012209.2025.2.20,2025-02-20 00:00:00,3012209,0,,,,28.4,,20,2,2025,2.1,,-10.4,,46,,-22.8,,AB,,,,,EDMONTON BLATCHFORD,27214,0,,,,,,"{""type"": ""Point"", ""coordinates"": [-113.51666944444445, 53.57305777777778]}"
3012209.2025.2.21,2025-02-21 00:00:00,3012209,0,,,,16.7,,21,2,2025,6.8,,1.3,,53,,-4.2,,AB,,,,,EDMONTON BLATCHFORD,27214,0,,,,,,"{""type"": ""Point"", ""coordinates"": [-113.51666944444445, 53.57305777777778]}"
3012209.2025.2.22,2025-02-22 00:00:00,3012209,0,,,,13.3,,22,2,2025,12.5,,4.7,,36,,-3.1,,AB,,,,,EDMONTON BLATCHFORD,27214,0,,,,,,"{""type"": ""Point"", ""coordinates"": [-113.51666944444445, 53.57305777777778]}"
3012209.2025.2.23,2025-02-23 00:00:00,3012209,0,,27,,12.9,,23,2,2025,9.9,,5.1,,35,,0.3,,AB,,,43,,EDMONTON BLATCHFORD,27214,0,,,,,,"{""type"": ""Point"", ""coordinates"": [-113.51666944444445, 53.57305777777778]}"
3012209.2025.2.24,2025-02-24 00:00:00,3012209,0,,,,15.8,,24,2,2025,8.7,,2.2,,36,,-4.2,,AB,,,,,EDMONTON BLATCHFORD,27214,0,,,,,,"{""type"": ""Point"", ""coordinates"": [-113.51666944444445, 53.57305777777778]}"
3012209.2025.2.25,2025-02-25 00:00:00,3012209,0,,,,16.3,,25,2,2025,8.9,,1.7,,36,,-5.4,,AB,,,,,EDMONTON BLATCHFORD,27214,0,,,,,,"{""type"": ""Point"", ""coordinates"": [-113.51666944444445, 53.57305777777778]}"
3012209.2025.2.26,2025-02-26 00:00:00,3012209,0,,,,12.5,,26,2,2025,10.4,,5.5,,35,,0.7,,AB,,,,,EDMONTON BLATCHFORD,27214,0,,,,,,"{""type"": ""Point"", ""coordinates"": [-113.51666944444445, 53.57305777777778]}"
3012209.2025.2.27,2025-02-27 00:00:00,3012209,0,,31,,10.8,,27,2,2025,10.9,,7.2,,41,,3.5,,AB,,,54,,EDMONTON BLATCHFORD,27214,0,,,,,,"{""type"": ""Point"", ""coordinates"": [-113.51666944444445, 53.57305777777778]}"
3012209.2025.2.28,2025-02-28 00:00:00,3012209,0,,,,13.9,,28,2,2025,8.7,,4.1,,38,,-0.5,,AB,,,,,EDMONTON BLATCHFORD,27214,0,,,,,,"{""type"": ""Point"", ""coordinates"": [-113.51666944444445, 53.57305777777778]}"
3012209.2025.3.1,2025-03-01 00:00:00,3012209,0,,,,12,,1,3,2025,11.5,,6,,35,,0.4,,AB,,,,,EDMONTON BLATCHFORD,27214,0,,,,,,"{""type"": ""Point"", ""coordinates"": [-113.51666944444445, 53.57305777777778]}"
3012209.2025.3.2,2025-03-02 00:00:00,3012209,0,,,,14.6,,2,3,2025,9.4,,3.4,,47,,-2.7,,AB,,,,,EDMONTON BLATCHFORD,27214,0,,,,,,"{""type"": ""Point"", ""coordinates"": [-113.51666944444445, 53.57305777777778]}"
3012209.2025.3.3,2025-03-03 00:00:00,3012209,0,,33,,18.6,,3,3,2025,3.1,,-0.6,,62,,-4.3,,AB,,,32,,EDMONTON BLATCHFORD,27214,0,,,,,,"{""type"": ""Point"", ""coordinates"": [-113.51666944444445, 53.57305777777778]}"
3012209.2025.3.4,2025-03-04 00:00:00,3012209,0,,,,18.3,,4,3,2025,5.4,,-0.3,,47,,-6.1,,AB,,,,,EDMONTON BLATCHFORD,27214,0,,,,,,"{""type"": ""Point"", ""coordinates"": [-113.51666944444445, 53.57305777777778]}"
3012209.2025.3.5,2025-03-05 00:00:00,3012209,0,,,,18.3,,5,3,2025,4.5,,-0.3,,37,,-5,,AB,,,,,EDMONTON BLATCHFORD,27214,0,,,,,,"{""type"": ""Point"", ""coordinates"": [-113.51666944444445, 53.57305777777778]}"
3012209.2025.3.6,2025-03-06 00:00:00,3012209,0,,30,,16.4,,6,3,2025,7.4,,1.6,,39,,-4.3,,AB,,,40,,EDMONTON BLATCHFORD,27214,0,,,,,,"{""type"": ""Point"", ""coordinates"": [-113.51666944444445, 53.57305777777778]}"
3012209.2025.3.7,2025-03-07 00:00:00,3012209,0,,,,15.5,,7,3,2025,8.9,,2.5,,35,,-3.9,,AB,,,,,EDMONTON BLATCHFORD,27214,0,,,,,,"{""type"": ""Point"", ""coordinates"": [-113.51666944444445, 53.57305777777778]}"
3012209.2025.3.8,2025-03-08 00:00:00,3012209,0,,,,13.3,,8,3,2025,10.7,,4.7,,32,,-1.2,,AB,,,,,EDMONTON BLATCHFORD,27214,0,,,,,,"{""type"": ""Point"", ""coordinates"": [-113.51666944444445, 53.57305777777778]}"
3012209.2025.3.9,2025-03-09 00:00:00,3012209,0,,,,19.4,,9,3,2025,3.4,,-1.4,,66,,-6.1,,AB,,,,,EDMONTON BLATCHFORD,27214,6,,,,,,"{""type"": ""Point"", ""coordinates"": [-113.51666944444445, 53.57305777777778]}"
3012209.2025.3.10,2025-03-10 00:00:00,3012209,0,,,,20.8,,10,3,2025,2.7,,-2.8,,66,,-8.3,,AB,,,,,EDMONTON BLATCHFORD,27214,0,,,,,,"{""type"": ""Point"", ""coordinates"": [-113.51666944444445, 53.57305777777778]}"
3012209.2025.3.11,2025-03-11 00:00:00,3012209,0,,,,16.4,,11,3,2025,5.8,,1.6,,46,,-2.6,,AB,,,,,EDMONTON BLATCHFORD,27214,0,,,,,,"{""type"": ""Point"", ""coordinates"": [-113.51666944444445, 53.57305777777778]}"
3012209.2025.3.12,2025-03-12 00:00:00,3012209,0,,10,,22,,12,3,2025,-1.2,,-4,,75,,-6.8,,AB,,,34,,EDMONTON BLATCHFORD,27214,0,,,,,,"{""type"": ""Point"", ""coordinates"": [-113.51666944444445, 53.57305777777778]}"
3012209.2025.3.13,2025-03-13 00:00:00,3012209,0,,8,,26.7,,13,3,2025,-4.3,,-8.7,,80,,-13.2,,AB,,,32,,EDMONTON BLATCHFORD,27214,8.8,,,,,,"{""type"": ""Point"", ""coordinates"": [-113.51666944444445, 53.57305777777778]}"
3012209.2025.3.14,2025-03-14 00:00:00,3012209,0,,,,31.5,,14,3,2025,-9.6,,-13.5,,60,,-17.4,,AB,,,,,EDMONTON BLATCHFORD,27214,0,,,,,,"{""type"": ""Point"", ""coordinates"": [-113.51666944444445, 53.57305777777778]}"
3012209.2025.3.15,2025-03-15 00:00:00,3012209,0,,,,28.2,,15,3,2025,-8.7,,-10.2,,67,,-11.7,,AB,,,,,EDMONTON BLATCHFORD,27214,0.4,,,,,,"{""type"": ""Point"", ""coordinates"": [-113.51666944444445, 53.57305777777778]}"
3012209.2025.3.16,2025-03-16 00:00:00,3012209,0,,,,27.3,,16,3,2025,-6.5,,-9.3,,65,,-12.1,,AB,,,,,EDMONTON BLATCHFORD,27214,0,,,,,,"{""type"": ""Point"", ""coordinates"": [-113.51666944444445, 53.57305777777778]}"
3012209.2025.3.17,2025-03-17 00:00:00,3012209,0,,,,21.3,,17,3,2025,-0.1,,-3.3,,67,,-6.5,,AB,,,,,EDMONTON BLATCHFORD,27214,0,,,,,,"{""type"": ""Point"", ""coordinates"": [-113.51666944444445, 53.57305777777778]}"
3012209.2025.3.18,2025-03-18 00:00:00,3012209,0,,,,19.6,,18,3,2025,4.1,,-1.6,,38,,-7.2,,AB,,,,,EDMONTON BLATCHFORD,27214,0,,,,,,"{""type"": ""Point"", ""coordinates"": [-113.51666944444445, 53.57305777777778]}"
3012209.2025.3.19,2025-03-19 00:00:00,3012209,0,,,,17.7,,19,3,2025,6.7,,0.3,,26,,-6.2,,AB,,,,,EDMONTON BLATCHFORD,27214,0,,,,,,"{""type"": ""Point"", ""coordinates"": [-113.51666944444445, 53.57305777777778]}"
3012209.2025.3.20,2025-03-20 00:00:00,3012209,0,,,,17.6,,20,3,2025,5.9,,0.4,,47,,-5,,AB,,,,,EDMONTON BLATCHFORD,27214,0,,,,,,"{""type"": ""Point"", ""coordinates"": [-113.51666944444445, 53.57305777777778]}"
3012209.2025.3.21,2025-03-21 00:00:00,3012209,0,,,,15.9,,21,3,2025,7.3,,2.1,,45,,-3.2,,AB,,,,,EDMONTON BLATCHFORD,27214,0,,,,,,"{""type"": ""Point"", ""coordinates"": [-113.51666944444445, 53.57305777777778]}"
3012209.2025.3.22,2025-03-22 00:00:00,3012209,0,,31,,14.7,,22,3,2025,8.1,,3.3,,29,,-1.5,,AB,,,40,,EDMONTON BLATCHFORD,27214,0,,,,,,"{""type"": ""Point"", ""coordinates"": [-113.51666944444445, 53.57305777777778]}"
3012209.2025.3.23,2025-03-23 00:00:00,3012209,0,,,,15.3,,23,3,2025,9.3,,2.7,,24,,-3.8,,AB,,,,,EDMONTON BLATCHFORD,27214,0,,,,,,"{""type"": ""Point"", ""coordinates"": [-113.51666944444445, 53.57305777777778]}"
3012209.2025.3.24,2025-03-24 00:00:00,3012209,0,,32,,11.5,,24,3,2025,12.1,,6.5,,25,,0.8,,AB,,,48,,EDMONTON BLATCHFORD,27214,0,,,,,,"{""type"": ""Point"", ""coordinates"": [-113.51666944444445, 53.57305777777778]}"
3012209.2025.3.25,2025-03-25 00:00:00,3012209,0,,,,12.6,,25,3,2025,11.3,,5.4,,32,,-0.4,,AB,,,,,EDMONTON BLATCHFORD,27214,0,,,,,,"{""type"": ""Point"", ""coordinates"": [-113.51666944444445, 53.57305777777778]}"
3012209.2025.3.26,2025-03-26 00:00:00,3012209,0,,,,14.1,,26,3,2025,7.7,,3.9,,54,,0.2,,AB,,,,,EDMONTON BLATCHFORD,27214,0.3,,,,,,"{""type"": ""Point"", ""coordinates"": [-113.51666944444445, 53.57305777777778]}"
3012209.2025.3.27,2025-03-27 00:00:00,3012209,0,,8,,19.7,,27,3,2025,2.1,,-1.7,,96,,-5.5,,AB,,,34,,EDMONTON BLATCHFORD,27214,18.1,,,,,,"{""type"": ""Point"", ""coordinates"": [-113.51666944444445, 53.57305777777778]}"
3012209.2025.3.28,2025-03-28 00:00:00,3012209,0,,8,,24.6,,28,3,2025,-4.6,,-6.6,,92,,-8.6,,AB,,,34,,EDMONTON BLATCHFORD,27214,,M,,,,,"{""type"": ""Point"", ""coordinates"": [-113.51666944444445, 53.57305777777778]}"
3012209.2025.3.29,2025-03-29 00:00:00,3012209,0,,,,24.6,,29,3,2025,-3.7,,-6.6,,74,,-9.5,,AB,,,,,EDMONTON BLATCHFORD,27214,1,,,,,,"{""type"": ""Point"", ""coordinates"": [-113.51666944444445, 53.57305777777778]}"
3012209.2025.3.30,2025-03-30 00:00:00,3012209,0,,,,23.1,,30,3,2025,1.1,,-5.1,,59,,-11.2,,AB,,,,,EDMONTON BLATCHFORD,27214,0,,,,,,"{""type"": ""Point"", ""coordinates"": [-113.51666944444445, 53.57305777777778]}"
3012209.2025.3.31,2025-03-31 00:00:00,3012209,0,,,,17.2,,31,3,2025,4,,0.8,,63,,-2.4,,AB,,,,,EDMONTON BLATCHFORD,27214,0,,,,,,"{""type"": ""Point"", ""coordinates"": [-113.51666944444445, 53.57305777777778]}"
3012209.2025.4.1,2025-04-01 00:00:00,3012209,0,,35,,15.8,,1,4,2025,5.2,,2.2,,65,,-0.9,,AB,,,31,,EDMONTON BLATCHFORD,27214,0,,,,,,"{""type"": ""Point"", ""coordinates"": [-113.51666944444445, 53.57305777777778]}"
3012209.2025.4.2,2025-04-02 00:00:00,3012209,0,,34,,19.9,,2,4,2025,1.8,,-1.9,,36,,-5.5,,AB,,,39,,EDMONTON BLATCHFORD,27214,0,,,,,,"{""type"": ""Point"", ""coordinates"": [-113.51666944444445, 53.57305777777778]}"
3012209.2025.4.3,2025-04-03 00:00:00,3012209,0,,34,,20.9,,3,4,2025,0.8,,-2.9,,35,,-6.6,,AB,,,40,,EDMONTON BLATCHFORD,27214,0,,,,,,"{""type"": ""Point"", ""coordinates"": [-113.51666944444445, 53.57305777777778]}"
3012209.2025.4.4,2025-04-04 00:00:00,3012209,0,,,,16.7,,4,4,2025,9.9,,1.3,,25,,-7.4,,AB,,,,,EDMONTON BLATCHFORD,27214,0,,,,,,"{""type"": ""Point"", ""coordinates"": [-113.51666944444445, 53.57305777777778]}"
3012209.2025.4.5,2025-04-05 00:00:00,3012209,0,,,,10.8,,5,4,2025,15.9,,7.2,,22,,-1.6,,AB,,,,,EDMONTON BLATCHFORD,27214,0,,,,,,"{""type"": ""Point"", ""coordinates"": [-113.51666944444445, 53.57305777777778]}"
3012209.2025.4.6,2025-04-06 00:00:00,3012209,0,,,,8.6,,6,4,2025,19.4,,9.4,,23,,-0.7,,AB,,,,,EDMONTON BLATCHFORD,27214,0,,,,,,"{""type"": ""Point"", ""coordinates"": [-113.51666944444445, 53.57305777777778]}"
3012209.2025.4.7,2025-04-07 00:00:00,3012209,0,,14,,8.2,,7,4,2025,15.9,,9.8,,39,,3.7,,AB,,,32,,EDMONTON BLATCHFORD,27214,0,,,,,,"{""type"": ""Point"", ""coordinates"": [-113.51666944444445, 53.57305777777778]}"
3012209.2025.4.8,2025-04-08 00:00:00,3012209,0,,31,,9.6,,8,4,2025,11.6,,8.4,,46,,5.1,,AB,,,43,,EDMONTON BLATCHFORD,27214,0.3,,,,,,"{""type"": ""Point"", ""coordinates"": [-113.51666944444445, 53.57305777777778]}"
3012209.2025.4.9,2025-04-09 00:00:00,3012209,0,,30,,10.4,,9,4,2025,15.6,,7.6,,27,,-0.4,,AB,,,41,,EDMONTON BLATCHFORD,27214,0,,,,,,"{""type"": ""Point"", ""coordinates"": [-113.51666944444445, 53.57305777777778]}"
3012209.2025.4.10,2025-04-10 00:00:00,3012209,0,,19,,9.7,,10,4,2025,16.3,,8.3,,24,,0.4,,AB,,,32,,EDMONTON BLATCHFORD,27214,0,,,,,,"{""type"": ""Point"", ""coordinates"": [-113.51666944444445, 53.57305777777778]}"
3012209.2025.4.11,2025-04-11 00:00:00,3012209,0,,30,,7.5,,11,4,2025,15.8,,10.5,,17,,5.2,,AB,,,53,,EDMONTON BLATCHFORD,27214,0,,,,,,"{""type"": ""Point"", ""coordinates"": [-113.51666944444445, 53.57305777777778]}"
3012209.2025.4.12,2025-04-12 00:00:00,3012209,0,,29,,12.5,,12,4,2025,10.5,,5.5,,25,,0.5,,AB,,,48,,EDMONTON BLATCHFORD,27214,0,,,,,,"{""type"": ""Point"", ""coordinates"": [-113.51666944444445, 53.57305777777778]}"
3012209.2025.4.13,2025-04-13 00:00:00,3012209,0,,29,,12.3,,13,4,2025,10.6,,5.7,,19,,0.7,,AB,,,42,,EDMONTON BLATCHFORD,27214,0,,,,,,"{""type"": ""Point"", ""coordinates"": [-113.51666944444445, 53.57305777777778]}"
3012209.2025.4.14,2025-04-14 00:00:00,3012209,0,,,,11,,14,4,2025,15.7,,7,,29,,-1.8,,AB,,,,,EDMONTON BLATCHFORD,27214,0,,,,,,"{""type"": ""Point"", ""coordinates"": [-113.51666944444445, 53.57305777777778]}"
3012209.2025.4.15,2025-04-15 00:00:00,3012209,0,,31,,9,,15,4,2025,13,,9,,19,,4.9,,AB,,,47,,EDMONTON BLATCHFORD,27214,0,,,,,,"{""type"": ""Point"", ""coordinates"": [-113.51666944444445, 53.57305777777778]}"
3012209.2025.4.16,2025-04-16 00:00:00,3012209,0,,30,,12,,16,4,2025,10.7,,6,,15,,1.4,,AB,,,52,,EDMONTON BLATCHFORD,27214,0,,,,,,"{""type"": ""Point"", ""coordinates"": [-113.51666944444445, 53.57305777777778]}"
3012209.2025.4.17,2025-04-17 00:00:00,3012209,0,,35,,12.6,,17,4,2025,10.8,,5.4,,21,,0,,AB,,,42,,EDMONTON BLATCHFORD,27214,0,,,,,,"{""type"": ""Point"", ""coordinates"": [-113.51666944444445, 53.57305777777778]}"
3012209.2025.4.18,2025-04-18 00:00:00,3012209,0,,20,,9,,18,4,2025,18.8,,9,,17,,-0.8,,AB,,,35,,EDMONTON BLATCHFORD,27214,0,,,,,,"{""type"": ""Point"", ""coordinates"": [-113.51666944444445, 53.57305777777778]}"
3012209.2025.4.19,2025-04-19 00:00:00,3012209,0,,36,,8.4,,19,4,2025,13.9,,9.6,,18,,5.3,,AB,,,46,,EDMONTON BLATCHFORD,27214,0.5,,,,,,"{""type"": ""Point"", ""coordinates"": [-113.51666944444445, 53.57305777777778]}"
3012209.2025.4.20,2025-04-20 00:00:00,3012209,0,,,,11.5,,20,4,2025,12.2,,6.5,,17,,0.8,,AB,,,,,EDMONTON BLATCHFORD,27214,0,,,,,,"{""type"": ""Point"", ""coordinates"": [-113.51666944444445, 53.57305777777778]}"
3012209.2025.4.21,2025-04-21 00:00:00,3012209,0,,17,,13.2,,21,4,2025,9.5,,4.8,,42,,0.1,,AB,,,40,,EDMONTON BLATCHFORD,27214,0,,,,,,"{""type"": ""Point"", ""coordinates"": [-113.51666944444445, 53.57305777777778]}"
3012209.2025.4.22,2025-04-22 00:00:00,3012209,0,,31,,11.5,,22,4,2025,11.7,,6.5,,27,,1.4,,AB,,,31,,EDMONTON BLATCHFORD,27214,0,,,,,,"{""type"": ""Point"", ""coordinates"": [-113.51666944444445, 53.57305777777778]}"
3012209.2025.4.23,2025-04-23 00:00:00,3012209,0,,26,,11.1,,23,4,2025,13.2,,6.9,,31,,0.6,,AB,,,35,,EDMONTON BLATCHFORD,27214,0,,,,,,"{""type"": ""Point"", ""coordinates"": [-113.51666944444445, 53.57305777777778]}"
3012209.2025.4.24,2025-04-24 00:00:00,3012209,0,,16,,9.3,,24,4,2025,17.2,,8.7,,20,,0.2,,AB,,,33,,EDMONTON BLATCHFORD,27214,0,,,,,,"{""type"": ""Point"", ""coordinates"": [-113.51666944444445, 53.57305777777778]}"
3012209.2025.4.25,2025-04-25 00:00:00,3012209,0,,17,,3.5,,25,4,2025,21.5,,14.5,,16,,7.5,,AB,,,44,,EDMONTON BLATCHFORD,27214,0,,,,,,"{""type"": ""Point"", ""coordinates"": [-113.51666944444445, 53.57305777777778]}"
3012209.2025.4.26,2025-04-26 00:00:00,3012209,0,,36,,3.5,,26,4,2025,22.7,,14.5,,15,,6.3,,AB,,,47,,EDMONTON BLATCHFORD,27214,0.2,,,,,,"{""type"": ""Point"", ""coordinates"": [-113.51666944444445, 53.57305777777778]}"
3012209.2025.4.27,2025-04-27 00:00:00,3012209,0,,36,,11.1,,27,4,2025,11.2,,6.9,,28,,2.6,,AB,,,48,,EDMONTON BLATCHFORD,27214,3.9,,,,,,"{""type"": ""Point"", ""coordinates"": [-113.51666944444445, 53.57305777777778]}"
3012209.2025.4.28,2025-04-28 00:00:00,3012209,0,,19,,9.3,,28,4,2025,16.7,,8.7,,26,,0.8,,AB,,,37,,EDMONTON BLATCHFORD,27214,0,,,,,,"{""type"": ""Point"", ""coordinates"": [-113.51666944444445, 53.57305777777778]}"
3012209.2025.4.29,2025-04-29 00:00:00,3012209,0,,31,,5.4,,29,4,2025,16.7,,12.6,,20,,8.4,,AB,,,53,,EDMONTON BLATCHFORD,27214,0,,,,,,"{""type"": ""Point"", ""coordinates"": [-113.51666944444445, 53.57305777777778]}"
3012209.2025.4.30,2025-04-30 00:00:00,3012209,,M,,M,,M,30,4,2025,,M,,M,,M,,M,AB,,,,M,EDMONTON BLATCHFORD,27214,,M,,,,,"{""type"": ""Point"", ""coordinates"": [-113.51666944444445, 53.57305777777778]}"
3012209.2025.5.1,2025-05-01 00:00:00,3012209,0,,22,,7.1,,1,5,2025,21.5,,10.9,,15,,0.3,,AB,,,32,,EDMONTON BLATCHFORD,27214,0,,,,,,"{""type"": ""Point"", ""coordinates"": [-113.51666944444445, 53.57305777777778]}"
3012209.2025.5.2,2025-05-02 00:00:00,3012209,,M,,M,,M,2,5,2025,,M,,M,,M,,M,AB,,,,M,EDMONTON BLATCHFORD,27214,,M,,,,,"{""type"": ""Point"", ""coordinates"": [-113.51666944444445, 53.57305777777778]}"
3012209.2025.5.3,2025-05-03 00:00:00,3012209,0,,34,,0.6,,3,5,2025,27.6,,17.4,,16,,7.2,,AB,,,42,,EDMONTON BLATCHFORD,27214,0,,,,,,"{""type"": ""Point"", ""coordinates"": [-113.51666944444445, 53.57305777777778]}"
3012209.2025.5.4,2025-05-04 00:00:00,3012209,0,,32,,6.9,,4,5,2025,15.4,,11.1,,20,,6.8,,AB,,,56,,EDMONTON BLATCHFORD,27214,0.4,,,,,,"{""type"": ""Point"", ""coordinates"": [-113.51666944444445, 53.57305777777778]}"
3012209.2025.5.5,2025-05-05 00:00:00,3012209,0,,,,7.6,,5,5,2025,17.1,,10.4,,17,,3.7,,AB,,,,,EDMONTON BLATCHFORD,27214,0,,,,,,"{""type"": ""Point"", ""coordinates"": [-113.51666944444445, 53.57305777777778]}"
3012209.2025.5.6,2025-05-06 00:00:00,3012209,0,,15,,3.3,,6,5,2025,22.4,,14.7,,12,,7,,AB,,,45,,EDMONTON BLATCHFORD,27214,0,,,,,,"{""type"": ""Point"", ""coordinates"": [-113.51666944444445, 53.57305777777778]}"
3012209.2025.5.7,2025-05-07 00:00:00,3012209,0,,17,,1.9,,7,5,2025,21.5,,16.1,,24,,10.7,,AB,,,45,,EDMONTON BLATCHFORD,27214,0,,,,,,"{""type"": ""Point"", ""coordinates"": [-113.51666944444445, 53.57305777777778]}"
3012209.2025.5.8,2025-05-08 00:00:00,3012209,0,,34,,7.2,,8,5,2025,15.8,,10.8,,19,,5.8,,AB,,,50,,EDMONTON BLATCHFORD,27214,0,,,,,,"{""type"": ""Point"", ""coordinates"": [-113.51666944444445, 53.57305777777778]}"
3012209.2025.5.9,2025-05-09 00:00:00,3012209,0,,25,,6.3,,9,5,2025,19.6,,11.7,,23,,3.9,,AB,,,32,,EDMONTON BLATCHFORD,27214,0,,,,,,"{""type"": ""Point"", ""coordinates"": [-113.51666944444445, 53.57305777777778]}"
3012209.2025.5.10,2025-05-10 00:00:00,3012209,,M,,M,,M,10,5,2025,,M,,M,,M,,M,AB,,,,M,EDMONTON BLATCHFORD,27214,,M,,,,,"{""type"": ""Point"", ""coordinates"": [-113.51666944444445, 53.57305777777778]}"
3012209.2025.5.11,2025-05-11 00:00:00,3012209,0,,16,,3.8,,11,5,2025,20.8,,14.2,,30,,7.6,,AB,,,34,,EDMONTON BLATCHFORD,27214,1.7,,,,,,"{""type"": ""Point"", ""coordinates"": [-113.51666944444445, 53.57305777777778]}"
3012209.2025.5.12,2025-05-12 00:00:00,3012209,0,,,,6.2,,12,5,2025,14.6,,11.8,,48,,8.9,,AB,,,,,EDMONTON BLATCHFORD,27214,1.5,,,,,,"{""type"": ""Point"", ""coordinates"": [-113.51666944444445, 53.57305777777778]}"
3012209.2025.5.13,2025-05-13 00:00:00,3012209,0,,27,,4.8,,13,5,2025,20.6,,13.2,,28,,5.8,,AB,,,44,,EDMONTON BLATCHFORD,27214,0,,,,,,"{""type"": ""Point"", ""coordinates"": [-113.51666944444445, 53.57305777777778]}"
3012209.2025.5.14,2025-05-14 00:00:00,3012209,,M,,M,,M,14,5,2025,,M,,M,,M,,M,AB,,,,M,EDMONTON BLATCHFORD,27214,,M,,,,,"{""type"": ""Point"", ""coordinates"": [-113.51666944444445, 53.57305777777778]}"
3012209.2025.5.15,2025-05-15 00:00:00,3012209,0,,36,,10.3,,15,5,2025,11.2,,7.7,,55,,4.1,,AB,,,44,,EDMONTON BLATCHFORD,27214,2.2,,,,,,"{""type"": ""Point"", ""coordinates"": [-113.51666944444445, 53.57305777777778]}"
3012209.2025.5.16,2025-05-16 00:00:00,3012209,,M,,M,,M,16,5,2025,,M,,M,,M,,M,AB,,,,M,EDMONTON BLATCHFORD,27214,,M,,,,,"{""type"": ""Point"", ""coordinates"": [-113.51666944444445, 53.57305777777778]}"
3012209.2025.5.17,2025-05-17 00:00:00,3012209,0,,14,,6.2,,17,5,2025,18,,11.8,,31,,5.6,,AB,,,37,,EDMONTON BLATCHFORD,27214,0,,,,,,"{""type"": ""Point"", ""coordinates"": [-113.51666944444445, 53.57305777777778]}"
3012209.2025.5.18,2025-05-18 00:00:00,3012209,0,,14,,4.2,,18,5,2025,18.5,,13.8,,42,,9.1,,AB,,,38,,EDMONTON BLATCHFORD,27214,0,,,,,,"{""type"": ""Point"", ""coordinates"": [-113.51666944444445, 53.57305777777778]}"
3012209.2025.5.19,2025-05-19 00:00:00,3012209,0,,15,,9.3,,19,5,2025,11.2,,8.7,,64,,6.2,,AB,,,33,,EDMONTON BLATCHFORD,27214,0.4,,,,,,"{""type"": ""Point"", ""coordinates"": [-113.51666944444445, 53.57305777777778]}"
3012209.2025.5.20,2025-05-20 00:00:00,3012209,0,,,,8.6,,20,5,2025,11.8,,9.4,,75,,7,,AB,,,,,EDMONTON BLATCHFORD,27214,1.8,,,,,,"{""type"": ""Point"", ""coordinates"": [-113.51666944444445, 53.57305777777778]}"
3012209.2025.5.21,2025-05-21 00:00:00,3012209,0,,,,9,,21,5,2025,11.1,,9,,68,,7,,AB,,,,,EDMONTON BLATCHFORD,27214,4.7,,,,,,"{""type"": ""Point"", ""coordinates"": [-113.51666944444445, 53.57305777777778]}"
3012209.2025.5.22,2025-05-22 00:00:00,3012209,0,,,,6.7,,22,5,2025,15.5,,11.3,,51,,7.2,,AB,,,,,EDMONTON BLATCHFORD,27214,0.7,,,,,,"{""type"": ""Point"", ""coordinates"": [-113.51666944444445, 53.57305777777778]}"
3012209.2025.5.23,2025-05-23 00:00:00,3012209,0,,15,,5.5,,23,5,2025,20.5,,12.5,,38,,4.5,,AB,,,37,,EDMONTON BLATCHFORD,27214,3,,,,,,"{""type"": ""Point"", ""coordinates"": [-113.51666944444445, 53.57305777777778]}"
3012209.2025.5.24,2025-05-24 00:00:00,3012209,0,,18,,1.7,,24,5,2025,22.9,,16.3,,34,,9.7,,AB,,,37,,EDMONTON BLATCHFORD,27214,0,,,,,,"{""type"": ""Point"", ""coordinates"": [-113.51666944444445, 53.57305777777778]}"
3012209.2025.5.25,2025-05-25 00:00:00,3012209,1.8,,16,,0,,25,5,2025,26.9,,19.8,,28,,12.8,,AB,,,39,,EDMONTON BLATCHFORD,27214,0,,,,,,"{""type"": ""Point"", ""coordinates"": [-113.51666944444445, 53.57305777777778]}"
3012209.2025.5.26,2025-05-26 00:00:00,3012209,4.1,,26,,0,,26,5,2025,30.3,,22.1,,25,,13.9,,AB,,,59,,EDMONTON BLATCHFORD,27214,7.9,,,,,,"{""type"": ""Point"", ""coordinates"": [-113.51666944444445, 53.57305777777778]}"
3012209.2025.5.27,2025-05-27 00:00:00,3012209,0,,,,0.5,,27,5,2025,23.4,,17.5,,31,,11.6,,AB,,,,,EDMONTON BLATCHFORD,27214,0,,,,,,"{""type"": ""Point"", ""coordinates"": [-113.51666944444445, 53.57305777777778]}"
3012209.2025.5.28,2025-05-28 00:00:00,3012209,1.8,,13,,0,,28,5,2025,28.6,,19.8,,22,,11.1,,AB,,,35,,EDMONTON BLATCHFORD,27214,0,,,,,,"{""type"": ""Point"", ""coordinates"": [-113.51666944444445, 53.57305777777778]}"
3012209.2025.5.29,2025-05-29 00:00:00,3012209,5.3,,29,,0,,29,5,2025,32.7,,23.3,,20,,13.9,,AB,,,60,,EDMONTON BLATCHFORD,27214,1.6,,,,,,"{""type"": ""Point"", ""coordinates"": [-113.51666944444445, 53.57305777777778]}"
3012209.2025.5.30,2025-05-30 00:00:00,3012209,0,,32,,0.5,,30,5,2025,24.2,,17.5,,13,,10.8,,AB,,,38,,EDMONTON BLATCHFORD,27214,0,,,,,,"{""type"": ""Point"", ""coordinates"": [-113.51666944444445, 53.57305777777778]}"
3012209.2025.5.31,2025-05-31 00:00:00,3012209,1.7,,34,,0,,31,5,2025,30.5,,19.7,,22,,9,,AB,,,71,,EDMONTON BLATCHFORD,27214,0.4,,,,,,"{""type"": ""Point"", ""coordinates"": [-113.51666944444445, 53.57305777777778]}"
3012209.2025.6.1,2025-06-01 00:00:00,3012209,0,,35,,5.4,,1,6,2025,17.8,,12.6,,33,,7.4,,AB,,,52,,EDMONTON BLATCHFORD,27214,0.3,,,,,,"{""type"": ""Point"", ""coordinates"": [-113.51666944444445, 53.57305777777778]}"
3012209.2025.6.2,2025-06-02 00:00:00,3012209,,M,,M,,M,2,6,2025,,M,,M,,M,,M,AB,,,,M,EDMONTON BLATCHFORD,27214,,M,,,,,"{""type"": ""Point"", ""coordinates"": [-113.51666944444445, 53.57305777777778]}"
3012209.2025.6.3,2025-06-03 00:00:00,3012209,0,,35,,5.6,,3,6,2025,17.2,,12.4,,32,,7.6,,AB,,,34,,EDMONTON BLATCHFORD,27214,0,,,,,,"{""type"": ""Point"", ""coordinates"": [-113.51666944444445, 53.57305777777778]}"
3012209.2025.6.4,2025-06-04 00:00:00,3012209,0,,30,,4,,4,6,2025,21.4,,14,,24,,6.6,,AB,,,33,,EDMONTON BLATCHFORD,27214,0,,,,,,"{""type"": ""Point"", ""coordinates"": [-113.51666944444445, 53.57305777777778]}"
3012209.2025.6.5,2025-06-05 00:00:00,3012209,0,,24,,0.4,,5,6,2025,26.5,,17.6,,21,,8.7,,AB,,,34,,EDMONTON BLATCHFORD,27214,0.3,,,,,,"{""type"": ""Point"", ""coordinates"": [-113.51666944444445, 53.57305777777778]}"
3012209.2025.6.6,2025-06-06 00:00:00,3012209,0.6,,34,,0,,6,6,2025,23.5,,18.6,,30,,13.7,,AB,,,51,,EDMONTON BLATCHFORD,27214,1.1,,,,,,"{""type"": ""Point"", ""coordinates"": [-113.51666944444445, 53.57305777777778]}"
3012209.2025.6.7,2025-06-07 00:00:00,3012209,0,,29,,3.2,,7,6,2025,20.1,,14.8,,26,,9.5,,AB,,,53,,EDMONTON BLATCHFORD,27214,0,,,,,,"{""type"": ""Point"", ""coordinates"": [-113.51666944444445, 53.57305777777778]}"
3012209.2025.6.8,2025-06-08 00:00:00,3012209,0,,,,1,,8,6,2025,27,,17,,21,,7.1,,AB,,,,,EDMONTON BLATCHFORD,27214,0,,,,,,"{""type"": ""Point"", ""coordinates"": [-113.51666944444445, 53.57305777777778]}"
3012209.2025.6.9,2025-06-09 00:00:00,3012209,1.1,,32,,0,,9,6,2025,25,,19.1,,13,,13.2,,AB,,,46,,EDMONTON BLATCHFORD,27214,0,,,,,,"{""type"": ""Point"", ""coordinates"": [-113.51666944444445, 53.57305777777778]}"
3012209.2025.6.10,2025-06-10 00:00:00,3012209,0,,24,,3.4,,10,6,2025,23.4,,14.6,,23,,5.8,,AB,,,39,,EDMONTON BLATCHFORD,27214,0,,,,,,"{""type"": ""Point"", ""coordinates"": [-113.51666944444445, 53.57305777777778]}"
3012209.2025.6.11,2025-06-11 00:00:00,3012209,0,,,,1.7,,11,6,2025,21.2,,16.3,,31,,11.5,,AB,,,,,EDMONTON BLATCHFORD,27214,0,,,,,,"{""type"": ""Point"", ""coordinates"": [-113.51666944444445, 53.57305777777778]}"
3012209.2025.6.12,2025-06-12 00:00:00,3012209,0,,13,,2.5,,12,6,2025,18.7,,15.5,,45,,12.3,,AB,,,37,,EDMONTON BLATCHFORD,27214,0.5,,,,,,"{""type"": ""Point"", ""coordinates"": [-113.51666944444445, 53.57305777777778]}"
3012209.2025.6.13,2025-06-13 00:00:00,3012209,0,,,,2,,13,6,2025,19.6,,16,,63,,12.3,,AB,,,,,EDMONTON BLATCHFORD,27214,12.7,,,,,,"{""type"": ""Point"", ""coordinates"": [-113.51666944444445, 53.57305777777778]}"
3012209.2025.6.14,2025-06-14 00:00:00,3012209,0,,29,,4.2,,14,6,2025,15.8,,13.8,,79,,11.8,,AB,,,39,,EDMONTON BLATCHFORD,27214,17.8,,,,,,"{""type"": ""Point"", ""coordinates"": [-113.51666944444445, 53.57305777777778]}"
3012209.2025.6.15,2025-06-15 00:00:00,3012209,0,,27,,2.1,,15,6,2025,21.6,,15.9,,48,,10.3,,AB,,,48,,EDMONTON BLATCHFORD,27214,0.7,,,,,,"{""type"": ""Point"", ""coordinates"": [-113.51666944444445, 53.57305777777778]}"
3012209.2025.6.16,2025-06-16 00:00:00,3012209,0,,,,1.1,,16,6,2025,24.4,,16.9,,29,,9.4,,AB,,,,,EDMONTON BLATCHFORD,27214,0,,,,,,"{""type"": ""Point"", ""coordinates"": [-113.51666944444445, 53.57305777777778]}"
3012209.2025.6.17,2025-06-17 00:00:00,3012209,0.3,,31,,0,,17,6,2025,24.4,,18.3,,35,,12.2,,AB,,,33,,EDMONTON BLATCHFORD,27214,0.1,,,,,,"{""type"": ""Point"", ""coordinates"": [-113.51666944444445, 53.57305777777778]}"
3012209.2025.6.18,2025-06-18 00:00:00,3012209,0,,33,,1.3,,18,6,2025,23,,16.7,,44,,10.4,,AB,,,38,,EDMONTON BLATCHFORD,27214,1.6,,,,,,"{""type"": ""Point"", ""coordinates"": [-113.51666944444445, 53.57305777777778]}"
3012209.2025.6.19,2025-06-19 00:00:00,3012209,0,,31,,2.6,,19,6,2025,19.3,,15.4,,61,,11.4,,AB,,,35,,EDMONTON BLATCHFORD,27214,15.9,,,,,,"{""type"": ""Point"", ""coordinates"": [-113.51666944444445, 53.57305777777778]}"
3012209.2025.6.20,2025-06-20 00:00:00,3012209,0,,10,,2.6,,20,6,2025,21.4,,15.4,,50,,9.4,,AB,,,33,,EDMONTON BLATCHFORD,27214,16.3,,,,,,"{""type"": ""Point"", ""coordinates"": [-113.51666944444445, 53.57305777777778]}"
3012209.2025.6.21,2025-06-21 00:00:00,3012209,0,,2,,5,,21,6,2025,15.7,,13,,37,,10.3,,AB,,,35,,EDMONTON BLATCHFORD,27214,0,,,,,,"{""type"": ""Point"", ""coordinates"": [-113.51666944444445, 53.57305777777778]}"
3012209.2025.6.22,2025-06-22 00:00:00,3012209,0,,32,,7.6,,22,6,2025,17.7,,10.4,,38,,3.1,,AB,,,38,,EDMONTON BLATCHFORD,27214,0.3,,,,,,"{""type"": ""Point"", ""coordinates"": [-113.51666944444445, 53.57305777777778]}"
3012209.2025.6.23,2025-06-23 00:00:00,3012209,0,,,,7.4,,23,6,2025,14.5,,10.6,,52,,6.7,,AB,,,,,EDMONTON BLATCHFORD,27214,1.1,,,,,,"{""type"": ""Point"", ""coordinates"": [-113.51666944444445, 53.57305777777778]}"
3012209.2025.6.24,2025-06-24 00:00:00,3012209,0,,,,5.4,,24,6,2025,21.7,,12.6,,44,,3.4,,AB,,,,,EDMONTON BLATCHFORD,27214,0,,,,,,"{""type"": ""Point"", ""coordinates"": [-113.51666944444445, 53.57305777777778]}"
3012209.2025.6.25,2025-06-25 00:00:00,3012209,0,,,,0,,25,6,2025,23.4,,18,,45,,12.6,,AB,,,,,EDMONTON BLATCHFORD,27214,0.3,,,,,,"{""type"": ""Point"", ""coordinates"": [-113.51666944444445, 53.57305777777778]}"
3012209.2025.6.26,2025-06-26 00:00:00,3012209,0,,,,0.2,,26,6,2025,24.5,,17.8,,36,,11,,AB,,,,,EDMONTON BLATCHFORD,27214,1.9,,,,,,"{""type"": ""Point"", ""coordinates"": [-113.51666944444445, 53.57305777777778]}"
3012209.2025.6.27,2025-06-27 00:00:00,3012209,0.6,,,,0,,27,6,2025,25.4,,18.6,,36,,11.7,,AB,,,,,EDMONTON BLATCHFORD,27214,0.4,,,,,,"{""type"": ""Point"", ""coordinates"": [-113.51666944444445, 53.57305777777778]}"
3012209.2025.6.28,2025-06-28 00:00:00,3012209,0.4,,32,,0,,28,6,2025,23.2,,18.4,,35,,13.6,,AB,,,35,,EDMONTON BLATCHFORD,27214,0.4,,,,,,"{""type"": ""Point"", ""coordinates"": [-113.51666944444445, 53.57305777777778]}"
3012209.2025.6.29,2025-06-29 00:00:00,3012209,1.6,,32,,0,,29,6,2025,25.2,,19.6,,31,,14.1,,AB,,,40,,EDMONTON BLATCHFORD,27214,0,,,,,,"{""type"": ""Point"", ""coordinates"": [-113.51666944444445, 53.57305777777778]}"
3012209.2025.6.30,2025-06-30 00:00:00,3012209,2.7,,32,,0,,30,6,2025,26.1,,20.7,,37,,15.3,,AB,,,35,,EDMONTON BLATCHFORD,27214,0,,,,,,"{""type"": ""Point"", ""coordinates"": [-113.51666944444445, 53.57305777777778]}"
3012209.2025.7.1,2025-07-01 00:00:00,3012209,3.4,,,,0,,1,7,2025,28.2,,21.4,,37,,14.7,,AB,,,,,EDMONTON BLATCHFORD,27214,0.6,,,,,,"{""type"": ""Point"", ""coordinates"": [-113.51666944444445, 53.57305777777778]}"
3012209.2025.7.2,2025-07-02 00:00:00,3012209,6.3,,35,,0,,2,7,2025,31.9,,24.3,,33,,16.6,,AB,,,42,,EDMONTON BLATCHFORD,27214,0,,,,,,"{""type"": ""Point"", ""coordinates"": [-113.51666944444445, 53.57305777777778]}"
3012209.2025.7.3,2025-07-03 00:00:00,3012209,0,,33,,2,,3,7,2025,19.6,,16,,36,,12.5,,AB,,,46,,EDMONTON BLATCHFORD,27214,0,,,,,,"{""type"": ""Point"", ""coordinates"": [-113.51666944444445, 53.57305777777778]}"
3012209.2025.7.4,2025-07-04 00:00:00,3012209,0,,32,,3.9,,4,7,2025,18.2,,14.1,,47,,10,,AB,,,45,,EDMONTON BLATCHFORD,27214,0,,,,,,"{""type"": ""Point"", ""coordinates"": [-113.51666944444445, 53.57305777777778]}"
3012209.2025.7.5,2025-07-05 00:00:00,3012209,0,,32,,2.5,,5,7,2025,24.1,,15.5,,40,,6.8,,AB,,,33,,EDMONTON BLATCHFORD,27214,1.3,,,,,,"{""type"": ""Point"", ""coordinates"": [-113.51666944444445, 53.57305777777778]}"
3012209.2025.7.6,2025-07-06 00:00:00,3012209,0,,,,1.8,,6,7,2025,19.9,,16.2,,56,,12.4,,AB,,,,,EDMONTON BLATCHFORD,27214,10.2,,,,,,"{""type"": ""Point"", ""coordinates"": [-113.51666944444445, 53.57305777777778]}"
3012209.2025.7.7,2025-07-07 00:00:00,3012209,0,,,,0.3,,7,7,2025,25.3,,17.7,,38,,10.1,,AB,,,,,EDMONTON BLATCHFORD,27214,0,,,,,,"{""type"": ""Point"", ""coordinates"": [-113.51666944444445, 53.57305777777778]}"
3012209.2025.7.8,2025-07-08 00:00:00,3012209,6.4,,35,,0,,8,7,2025,31.9,,24.4,,25,,16.9,,AB,,,34,,EDMONTON BLATCHFORD,27214,0,,,,,,"{""type"": ""Point"", ""coordinates"": [-113.51666944444445, 53.57305777777778]}"
3012209.2025.7.9,2025-07-09 00:00:00,3012209,0.5,,22,,0,,9,7,2025,24.2,,18.5,,42,,12.8,,AB,,,36,,EDMONTON BLATCHFORD,27214,0,,,,,,"{""type"": ""Point"", ""coordinates"": [-113.51666944444445, 53.57305777777778]}"
3012209.2025.7.10,2025-07-10 00:00:00,3012209,0,,34,,1.6,,10,7,2025,22.5,,16.4,,31,,10.3,,AB,,,45,,EDMONTON BLATCHFORD,27214,0.2,,,,,,"{""type"": ""Point"", ""coordinates"": [-113.51666944444445, 53.57305777777778]}"
3012209.2025.7.11,2025-07-11 00:00:00,3012209,1.2,,27,,0,,11,7,2025,27.3,,19.2,,23,,11.2,,AB,,,34,,EDMONTON BLATCHFORD,27214,0,,,,,,"{""type"": ""Point"", ""coordinates"": [-113.51666944444445, 53.57305777777778]}"
3012209.2025.7.12,2025-07-12 00:00:00,3012209,4.2,,31,,0,,12,7,2025,26.9,,22.2,,30,,17.5,,AB,,,40,,EDMONTON BLATCHFORD,27214,0,,,,,,"{""type"": ""Point"", ""coordinates"": [-113.51666944444445, 53.57305777777778]}"
3012209.2025.7.13,2025-07-13 00:00:00,3012209,1.3,,31,,0,,13,7,2025,24.3,,19.3,,46,,14.2,,AB,,,38,,EDMONTON BLATCHFORD,27214,0.9,,,,,,"{""type"": ""Point"", ""coordinates"": [-113.51666944444445, 53.57305777777778]}"
3012209.2025.7.14,2025-07-14 00:00:00,3012209,0,,,,1.1,,14,7,2025,20.9,,16.9,,37,,12.9,,AB,,,,,EDMONTON BLATCHFORD,27214,0,,,,,,"{""type"": ""Point"", ""coordinates"": [-113.51666944444445, 53.57305777777778]}"
3012209.2025.7.15,2025-07-15 00:00:00,3012209,0,,,,4,,15,7,2025,22.5,,14,,25,,5.6,,AB,,,,,EDMONTON BLATCHFORD,27214,0,,,,,,"{""type"": ""Point"", ""coordinates"": [-113.51666944444445, 53.57305777777778]}"
3012209.2025.7.16,2025-07-16 00:00:00,3012209,0,,14,,0.4,,16,7,2025,22.6,,17.6,,32,,12.5,,AB,,,40,,EDMONTON BLATCHFORD,27214,0,,,,,,"{""type"": ""Point"", ""coordinates"": [-113.51666944444445, 53.57305777777778]}"
3012209.2025.7.17,2025-07-17 00:00:00,3012209,1,,,,0,,17,7,2025,25.2,,19,,30,,12.7,,AB,,,,,EDMONTON BLATCHFORD,27214,0,,,,,,"{""type"": ""Point"", ""coordinates"": [-113.51666944444445, 53.57305777777778]}"
3012209.2025.7.18,2025-07-18 00:00:00,3012209,0,,15,,0.5,,18,7,2025,25.8,,17.5,,27,,9.2,,AB,,,35,,EDMONTON BLATCHFORD,27214,0,,,,,,"{""type"": ""Point"", ""coordinates"": [-113.51666944444445, 53.57305777777778]}"
3012209.2025.7.19,2025-07-19 00:00:00,3012209,0,,,,1.6,,19,7,2025,19.2,,16.4,,45,,13.5,,AB,,,,,EDMONTON BLATCHFORD,27214,12.7,,,,,,"{""type"": ""Point"", ""coordinates"": [-113.51666944444445, 53.57305777777778]}"
3012209.2025.7.20,2025-07-20 00:00:00,3012209,0.5,,,,0,,20,7,2025,23.4,,18.5,,46,,13.5,,AB,,,,,EDMONTON BLATCHFORD,27214,2.2,,,,,,"{""type"": ""Point"", ""coordinates"": [-113.51666944444445, 53.57305777777778]}"
3012209.2025.7.21,2025-07-21 00:00:00,3012209,0,,2,,4.6,,21,7,2025,16.3,,13.4,,64,,10.6,,AB,,,32,,EDMONTON BLATCHFORD,27214,0.9,,,,,,"{""type"": ""Point"", ""coordinates"": [-113.51666944444445, 53.57305777777778]}"
3012209.2025.7.22,2025-07-22 00:00:00,3012209,0,,,,4.1,,22,7,2025,18.5,,13.9,,45,,9.3,,AB,,,,,EDMONTON BLATCHFORD,27214,0,,,,,,"{""type"": ""Point"", ""coordinates"": [-113.51666944444445, 53.57305777777778]}"
3012209.2025.7.23,2025-07-23 00:00:00,3012209,0,,,,4.9,,23,7,2025,20.1,,13.1,,49,,6.1,,AB,,,,,EDMONTON BLATCHFORD,27214,0,,,,,,"{""type"": ""Point"", ""coordinates"": [-113.51666944444445, 53.57305777777778]}"
3012209.2025.7.24,2025-07-24 00:00:00,3012209,3.4,,,,0,,24,7,2025,28.8,,21.4,,35,,14,,AB,,,,,EDMONTON BLATCHFORD,27214,0,,,,,,"{""type"": ""Point"", ""coordinates"": [-113.51666944444445, 53.57305777777778]}"
3012209.2025.7.25,2025-07-25 00:00:00,3012209,0,,27,,0,,25,7,2025,22.7,,18,,34,,13.3,,AB,,,38,,EDMONTON BLATCHFORD,27214,5.3,,,,,,"{""type"": ""Point"", ""coordinates"": [-113.51666944444445, 53.57305777777778]}"
3012209.2025.7.26,2025-07-26 00:00:00,3012209,0,,,,3.2,,26,7,2025,19.9,,14.8,,48,,9.8,,AB,,,,,EDMONTON BLATCHFORD,27214,1.9,,,,,,"{""type"": ""Point"", ""coordinates"": [-113.51666944444445, 53.57305777777778]}"
3012209.2025.7.27,2025-07-27 00:00:00,3012209,0,,,,1.9,,27,7,2025,21,,16.1,,47,,11.2,,AB,,,,,EDMONTON BLATCHFORD,27214,0.6,,,,,,"{""type"": ""Point"", ""coordinates"": [-113.51666944444445, 53.57305777777778]}"
3012209.2025.7.28,2025-07-28 00:00:00,3012209,0,,,,2.3,,28,7,2025,21.6,,15.7,,50,,9.9,,AB,,,,,EDMONTON BLATCHFORD,27214,0,,,,,,"{""type"": ""Point"", ""coordinates"": [-113.51666944444445, 53.57305777777778]}"
3012209.2025.7.29,2025-07-29 00:00:00,3012209,0,,,,0.1,,29,7,2025,26.7,,17.9,,38,,9.1,,AB,,,,,EDMONTON BLATCHFORD,27214,0,,,,,,"{""type"": ""Point"", ""coordinates"": [-113.51666944444445, 53.57305777777778]}"
3012209.2025.7.30,2025-07-30 00:00:00,3012209,4.1,,,,0,,30,7,2025,29.8,,22.1,,32,,14.5,,AB,,,,,EDMONTON BLATCHFORD,27214,0,,,,,,"{""type"": ""Point"", ""coordinates"": [-113.51666944444445, 53.57305777777778]}"
3012209.2025.7.31,2025-07-31 00:00:00,3012209,5.7,,14,,0,,31,7,2025,30.1,,23.7,,26,,17.4,,AB,,,32,,EDMONTON BLATCHFORD,27214,0,,,,,,"{""type"": ""Point"", ""coordinates"": [-113.51666944444445, 53.57305777777778]}"
3012209.2025.8.1,2025-08-01 00:00:00,3012209,5.7,,,,0,,1,8,2025,30.9,,23.7,,31,,16.6,,AB,,,,,EDMONTON BLATCHFORD,27214,0,,,,,,"{""type"": ""Point"", ""coordinates"": [-113.51666944444445, 53.57305777777778]}"
3012209.2025.8.2,2025-08-02 00:00:00,3012209,5.8,,24,,0,,2,8,2025,30.4,,23.8,,35,,17.1,,AB,,,37,,EDMONTON BLATCHFORD,27214,0,,,,,,"{""type"": ""Point"", ""coordinates"": [-113.51666944444445, 53.57305777777778]}"
3012209.2025.8.3,2025-08-03 00:00:00,3012209,2.8,,31,,0,,3,8,2025,24.8,,20.8,,55,,16.8,,AB,,,32,,EDMONTON BLATCHFORD,27214,0.2,,,,,,"{""type"": ""Point"", ""coordinates"": [-113.51666944444445, 53.57305777777778]}"
3012209.2025.8.4,2025-08-04 00:00:00,3012209,2.8,,,,0,,4,8,2025,25.3,,20.8,,44,,16.2,,AB,,,,,EDMONTON BLATCHFORD,27214,0.6,,,,,,"{""type"": ""Point"", ""coordinates"": [-113.51666944444445, 53.57305777777778]}"
3012209.2025.8.5,2025-08-05 00:00:00,3012209,2.3,,8,,0,,5,8,2025,28.1,,20.3,,37,,12.4,,AB,,,31,,EDMONTON BLATCHFORD,27214,0,,,,,,"{""type"": ""Point"", ""coordinates"": [-113.51666944444445, 53.57305777777778]}"
3012209.2025.8.6,2025-08-06 00:00:00,3012209,3,,,,0,,6,8,2025,28.5,,21,,30,,13.5,,AB,,,,,EDMONTON BLATCHFORD,27214,0,,,,,,"{""type"": ""Point"", ""coordinates"": [-113.51666944444445, 53.57305777777778]}"
3012209.2025.8.7,2025-08-07 00:00:00,3012209,0,,27,,0.5,,7,8,2025,20,,17.5,,70,,14.9,,AB,,,34,,EDMONTON BLATCHFORD,27214,11.3,,,,,,"{""type"": ""Point"", ""coordinates"": [-113.51666944444445, 53.57305777777778]}"
3012209.2025.8.8,2025-08-08 00:00:00,3012209,0,,33,,0.1,,8,8,2025,21.5,,17.9,,69,,14.3,,AB,,,33,,EDMONTON BLATCHFORD,27214,0.5,,,,,,"{""type"": ""Point"", ""coordinates"": [-113.51666944444445, 53.57305777777778]}"
3012209.2025.8.9,2025-08-09 00:00:00,3012209,1.5,,,,0,,9,8,2025,23.6,,19.5,,43,,15.3,,AB,,,,,EDMONTON BLATCHFORD,27214,0,,,,,,"{""type"": ""Point"", ""coordinates"": [-113.51666944444445, 53.57305777777778]}"
3012209.2025.8.10,2025-08-10 00:00:00,3012209,2.4,,32,,0,,10,8,2025,25.2,,20.4,,46,,15.6,,AB,,,57,,EDMONTON BLATCHFORD,27214,3.5,,,,,,"{""type"": ""Point"", ""coordinates"": [-113.51666944444445, 53.57305777777778]}"
3012209.2025.8.11,2025-08-11 00:00:00,3012209,1.8,,29,,0,,11,8,2025,24.6,,19.8,,38,,14.9,,AB,,,34,,EDMONTON BLATCHFORD,27214,0,,,,,,"{""type"": ""Point"", ""coordinates"": [-113.51666944444445, 53.57305777777778]}"
3012209.2025.8.12,2025-08-12 00:00:00,3012209,3.8,,26,,0,,12,8,2025,27.2,,21.8,,39,,16.4,,AB,,,38,,EDMONTON BLATCHFORD,27214,2,,,,,,"{""type"": ""Point"", ""coordinates"": [-113.51666944444445, 53.57305777777778]}"
3012209.2025.8.13,2025-08-13 00:00:00,3012209,0,,36,,3.6,,13,8,2025,16.9,,14.4,,76,,11.9,,AB,,,38,,EDMONTON BLATCHFORD,27214,4.7,,,,,,"{""type"": ""Point"", ""coordinates"": [-113.51666944444445, 53.57305777777778]}"
3012209.2025.8.14,2025-08-14 00:00:00,3012209,0,,32,,5,,14,8,2025,17.9,,13,,42,,8.2,,AB,,,34,,EDMONTON BLATCHFORD,27214,0,,,,,,"{""type"": ""Point"", ""coordinates"": [-113.51666944444445, 53.57305777777778]}"
3012209.2025.8.15,2025-08-15 00:00:00,3012209,0,,14,,7.5,,15,8,2025,13.1,,10.5,,65,,7.8,,AB,,,33,,EDMONTON BLATCHFORD,27214,2.3,,,,,,"{""type"": ""Point"", ""coordinates"": [-113.51666944444445, 53.57305777777778]}"
3012209.2025.8.16,2025-08-16 00:00:00,3012209,0,,32,,1.2,,16,8,2025,22.9,,16.8,,63,,10.7,,AB,,,36,,EDMONTON BLATCHFORD,27214,2,,,,,,"{""type"": ""Point"", ""coordinates"": [-113.51666944444445, 53.57305777777778]}"
3012209.2025.8.17,2025-08-17 00:00:00,3012209,0,,,,0.6,,17,8,2025,25.7,,17.4,,36,,9.2,,AB,,,,,EDMONTON BLATCHFORD,27214,0,,,,,,"{""type"": ""Point"", ""coordinates"": [-113.51666944444445, 53.57305777777778]}"
3012209.2025.8.18,2025-08-18 00:00:00,3012209,1.2,,35,,0,,18,8,2025,26.6,,19.2,,42,,11.9,,AB,,,45,,EDMONTON BLATCHFORD,27214,1.3,,,,,,"{""type"": ""Point"", ""coordinates"": [-113.51666944444445, 53.57305777777778]}"
3012209.2025.8.19,2025-08-19 00:00:00,3012209,0,,,,0.2,,19,8,2025,26.5,,17.8,,41,,9.1,,AB,,,,,EDMONTON BLATCHFORD,27214,0,,,,,,"{""type"": ""Point"", ""coordinates"": [-113.51666944444445, 53.57305777777778]}"
3012209.2025.8.20,2025-08-20 00:00:00,3012209,0,,32,,0.9,,20,8,2025,21.9,,17.1,,43,,12.3,,AB,,,49,,EDMONTON BLATCHFORD,27214,0,,,,,,"{""type"": ""Point"", ""coordinates"": [-113.51666944444445, 53.57305777777778]}"
3012209.2025.8.21,2025-08-21 00:00:00,3012209,0,,30,,3.5,,21,8,2025,19,,14.5,,45,,9.9,,AB,,,56,,EDMONTON BLATCHFORD,27214,0,,,,,,"{""type"": ""Point"", ""coordinates"": [-113.51666944444445, 53.57305777777778]}"
3012209.2025.8.22,2025-08-22 00:00:00,3012209,0,,,,1.8,,22,8,2025,22.9,,16.2,,35,,9.4,,AB,,,,,EDMONTON BLATCHFORD,27214,0,,,,,,"{""type"": ""Point"", ""coordinates"": [-113.51666944444445, 53.57305777777778]}"
3012209.2025.8.23,2025-08-23 00:00:00,3012209,0,,,,0.6,,23,8,2025,25.2,,17.4,,32,,9.7,,AB,,,,,EDMONTON BLATCHFORD,27214,0,,,,,,"{""type"": ""Point"", ""coordinates"": [-113.51666944444445, 53.57305777777778]}"
3012209.2025.8.24,2025-08-24 00:00:00,3012209,2,,,,0,,24,8,2025,28.2,,20,,29,,11.9,,AB,,,,,EDMONTON BLATCHFORD,27214,0,,,,,,"{""type"": ""Point"", ""coordinates"": [-113.51666944444445, 53.57305777777778]}"
3012209.2025.8.25,2025-08-25 00:00:00,3012209,3.2,,,,0,,25,8,2025,30.2,,21.2,,26,,12.3,,AB,,,,,EDMONTON BLATCHFORD,27214,0,,,,,,"{""type"": ""Point"", ""coordinates"": [-113.51666944444445, 53.57305777777778]}"
3012209.2025.8.26,2025-08-26 00:00:00,3012209,5.1,,,,0,,26,8,2025,32.2,,23.1,,21,,14,,AB,,,,,EDMONTON BLATCHFORD,27214,0,,,,,,"{""type"": ""Point"", ""coordinates"": [-113.51666944444445, 53.57305777777778]}"
3012209.2025.8.27,2025-08-27 00:00:00,3012209,4.6,,12,,0,,27,8,2025,33.3,,22.6,,20,,12,,AB,,,31,,EDMONTON BLATCHFORD,27214,0,,,,,,"{""type"": ""Point"", ""coordinates"": [-113.51666944444445, 53.57305777777778]}"
3012209.2025.8.28,2025-08-28 00:00:00,3012209,5.5,,,,0,,28,8,2025,32.8,,23.5,,22,,14.2,,AB,,,,,EDMONTON BLATCHFORD,27214,0,,,,,,"{""type"": ""Point"", ""coordinates"": [-113.51666944444445, 53.57305777777778]}"
3012209.2025.8.29,2025-08-29 00:00:00,3012209,5.3,,26,,0,,29,8,2025,33.1,,23.3,,21,,13.6,,AB,,,31,,EDMONTON BLATCHFORD,27214,0,,,,,,"{""type"": ""Point"", ""coordinates"": [-113.51666944444445, 53.57305777777778]}"
3012209.2025.8.30,2025-08-30 00:00:00,3012209,4.4,,,,0,,30,8,2025,31.4,,22.4,,24,,13.4,,AB,,,,,EDMONTON BLATCHFORD,27214,0,,,,,,"{""type"": ""Point"", ""coordinates"": [-113.51666944444445, 53.57305777777778]}"
3012209.2025.8.31,2025-08-31 00:00:00,3012209,3.4,,,,0,,31,8,2025,28,,21.4,,30,,14.7,,AB,,,,,EDMONTON BLATCHFORD,27214,0,,,,,,"{""type"": ""Point"", ""coordinates"": [-113.51666944444445, 53.57305777777778]}"
3012209.2025.9.1,2025-09-01 00:00:00,3012209,0,,,,0.9,,1,9,2025,23.5,,17.1,,59,,10.8,,AB,,,,,EDMONTON BLATCHFORD,27214,0,,,,,,"{""type"": ""Point"", ""coordinates"": [-113.51666944444445, 53.57305777777778]}"
3012209.2025.9.2,2025-09-02 00:00:00,3012209,0,,,,2.2,,2,9,2025,22.4,,15.8,,40,,9.3,,AB,,,,,EDMONTON BLATCHFORD,27214,0,,,,,,"{""type"": ""Point"", ""coordinates"": [-113.51666944444445, 53.57305777777778]}"
3012209.2025.9.3,2025-09-03 00:00:00,3012209,2.4,,36,,0,,3,9,2025,28.4,,20.4,,30,,12.4,,AB,,,40,,EDMONTON BLATCHFORD,27214,0,,,,,,"{""type"": ""Point"", ""coordinates"": [-113.51666944444445, 53.57305777777778]}"
3012209.2025.9.4,2025-09-04 00:00:00,3012209,0,,4,,4.6,,4,9,2025,19.4,,13.4,,30,,7.5,,AB,,,36,,EDMONTON BLATCHFORD,27214,0,,,,,,"{""type"": ""Point"", ""coordinates"": [-113.51666944444445, 53.57305777777778]}"
3012209.2025.9.5,2025-09-05 00:00:00,3012209,0,,,,3.9,,5,9,2025,23.5,,14.1,,21,,4.6,,AB,,,,,EDMONTON BLATCHFORD,27214,0,,,,,,"{""type"": ""Point"", ""coordinates"": [-113.51666944444445, 53.57305777777778]}"
3012209.2025.9.6,2025-09-06 00:00:00,3012209,0.4,,,,0,,6,9,2025,26.3,,18.4,,25,,10.5,,AB,,,,,EDMONTON BLATCHFORD,27214,0,,,,,,"{""type"": ""Point"", ""coordinates"": [-113.51666944444445, 53.57305777777778]}"
3012209.2025.9.7,2025-09-07 00:00:00,3012209,0,,,,1.3,,7,9,2025,24.6,,16.7,,40,,8.8,,AB,,,,,EDMONTON BLATCHFORD,27214,0,,,,,,"{""type"": ""Point"", ""coordinates"": [-113.51666944444445, 53.57305777777778]}"
3012209.2025.9.8,2025-09-08 00:00:00,3012209,0.8,,,,0,,8,9,2025,27.5,,18.8,,31,,10.1,,AB,,,,,EDMONTON BLATCHFORD,27214,0,,,,,,"{""type"": ""Point"", ""coordinates"": [-113.51666944444445, 53.57305777777778]}"
3012209.2025.9.9,2025-09-09 00:00:00,3012209,2.5,,,,0,,9,9,2025,28.9,,20.5,,30,,12,,AB,,,,,EDMONTON BLATCHFORD,27214,0,,,,,,"{""type"": ""Point"", ""coordinates"": [-113.51666944444445, 53.57305777777778]}"
3012209.2025.9.10,2025-09-10 00:00:00,3012209,1.1,,,,0,,10,9,2025,26.6,,19.1,,27,,11.5,,AB,,,,,EDMONTON BLATCHFORD,27214,0,,,,,,"{""type"": ""Point"", ""coordinates"": [-113.51666944444445, 53.57305777777778]}"
3012209.2025.9.11,2025-09-11 00:00:00,3012209,0,,,,0.4,,11,9,2025,27.1,,17.6,,25,,8,,AB,,,,,EDMONTON BLATCHFORD,27214,0,,,,,,"{""type"": ""Point"", ""coordinates"": [-113.51666944444445, 53.57305777777778]}"
3012209.2025.9.12,2025-09-12 00:00:00,3012209,2.9,,,,0,,12,9,2025,29,,20.9,,24,,12.8,,AB,,,,,EDMONTON BLATCHFORD,27214,0,,,,,,"{""type"": ""Point"", ""coordinates"": [-113.51666944444445, 53.57305777777778]}"
3012209.2025.9.13,2025-09-13 00:00:00,3012209,2.3,,14,,0,,13,9,2025,29,,20.3,,24,,11.5,,AB,,,31,,EDMONTON BLATCHFORD,27214,0,,,,,,"{""type"": ""Point"", ""coordinates"": [-113.51666944444445, 53.57305777777778]}"
3012209.2025.9.14,2025-09-14 00:00:00,3012209,0.7,,,,0,,14,9,2025,25.3,,18.7,,45,,12.2,,AB,,,,,EDMONTON BLATCHFORD,27214,0,,,,,,"{""type"": ""Point"", ""coordinates"": [-113.51666944444445, 53.57305777777778]}"
3012209.2025.9.15,2025-09-15 00:00:00,3012209,0,,31,,0.4,,15,9,2025,24.1,,17.6,,36,,11,,AB,,,35,,EDMONTON BLATCHFORD,27214,0,,,,,,"{""type"": ""Point"", ""coordinates"": [-113.51666944444445, 53.57305777777778]}"
3012209.2025.9.16,2025-09-16 00:00:00,3012209,0,,,,2.4,,16,9,2025,25.5,,15.6,,21,,5.7,,AB,,,,,EDMONTON BLATCHFORD,27214,0,,,,,,"{""type"": ""Point"", ""coordinates"": [-113.51666944444445, 53.57305777777778]}"
3012209.2025.9.17,2025-09-17 00:00:00,3012209,2.5,,16,,0,,17,9,2025,28,,20.5,,21,,13,,AB,,,37,,EDMONTON BLATCHFORD,27214,0,,,,,,"{""type"": ""Point"", ""coordinates"": [-113.51666944444445, 53.57305777777778]}"
3012209.2025.9.18,2025-09-18 00:00:00,3012209,0,,17,,1,,18,9,2025,22,,17,,38,,12,,AB,,,38,,EDMONTON BLATCHFORD,27214,0,,,,,,"{""type"": ""Point"", ""coordinates"": [-113.51666944444445, 53.57305777777778]}"
3012209.2025.9.19,2025-09-19 00:00:00,3012209,0,,,,2.3,,19,9,2025,23.6,,15.7,,33,,7.9,,AB,,,,,EDMONTON BLATCHFORD,27214,0,,,,,,"{""type"": ""Point"", ""coordinates"": [-113.51666944444445, 53.57305777777778]}"
3012209.2025.9.20,2025-09-20 00:00:00,3012209,0.4,,,,0,,20,9,2025,29.4,,18.4,,23,,7.5,,AB,,,,,EDMONTON BLATCHFORD,27214,0,,,,,,"{""type"": ""Point"", ""coordinates"": [-113.51666944444445, 53.57305777777778]}"
3012209.2025.9.21,2025-09-21 00:00:00,3012209,0,,31,,1.8,,21,9,2025,24,,16.2,,35,,8.4,,AB,,,46,,EDMONTON BLATCHFORD,27214,0.1,,,,,,"{""type"": ""Point"", ""coordinates"": [-113.51666944444445, 53.57305777777778]}"
3012209.2025.9.22,2025-09-22 00:00:00,3012209,0,,17,,3.9,,22,9,2025,22,,14.1,,21,,6.2,,AB,,,31,,EDMONTON BLATCHFORD,27214,0,,,,,,"{""type"": ""Point"", ""coordinates"": [-113.51666944444445, 53.57305777777778]}"
3012209.2025.9.23,2025-09-23 00:00:00,3012209,0,,,,2.3,,23,9,2025,23.1,,15.7,,31,,8.4,,AB,,,,,EDMONTON BLATCHFORD,27214,0,,,,,,"{""type"": ""Point"", ""coordinates"": [-113.51666944444445, 53.57305777777778]}"
3012209.2025.9.24,2025-09-24 00:00:00,3012209,0,,,,7.5,,24,9,2025,15.9,,10.5,,38,,5.1,,AB,,,,,EDMONTON BLATCHFORD,27214,0,,,,,,"{""type"": ""Point"", ""coordinates"": [-113.51666944444445, 53.57305777777778]}"
3012209.2025.9.25,2025-09-25 00:00:00,3012209,0,,33,,6.7,,25,9,2025,21.2,,11.3,,33,,1.5,,AB,,,47,,EDMONTON BLATCHFORD,27214,0,,,,,,"{""type"": ""Point"", ""coordinates"": [-113.51666944444445, 53.57305777777778]}"
3012209.2025.9.26,2025-09-26 00:00:00,3012209,0,,34,,5.4,,26,9,2025,18,,12.6,,22,,7.3,,AB,,,51,,EDMONTON BLATCHFORD,27214,0,,,,,,"{""type"": ""Point"", ""coordinates"": [-113.51666944444445, 53.57305777777778]}"
3012209.2025.9.27,2025-09-27 00:00:00,3012209,0,,35,,6.4,,27,9,2025,18.1,,11.6,,35,,5,,AB,,,37,,EDMONTON BLATCHFORD,27214,0,,,,,,"{""type"": ""Point"", ""coordinates"": [-113.51666944444445, 53.57305777777778]}"
3012209.2025.9.28,2025-09-28 00:00:00,3012209,0,,18,,6.5,,28,9,2025,16.9,,11.5,,30,,6.1,,AB,,,36,,EDMONTON BLATCHFORD,27214,0,,,,,,"{""type"": ""Point"", ""coordinates"": [-113.51666944444445, 53.57305777777778]}"
3012209.2025.9.29,2025-09-29 00:00:00,3012209,0,,17,,0.8,,29,9,2025,23.8,,17.2,,31,,10.6,,AB,,,39,,EDMONTON BLATCHFORD,27214,0,,,,,,"{""type"": ""Point"", ""coordinates"": [-113.51666944444445, 53.57305777777778]}"
3012209.2025.9.30,2025-09-30 00:00:00,3012209,0,,,,6.6,,30,9,2025,16.5,,11.4,,52,,6.2,,AB,,,,,EDMONTON BLATCHFORD,27214,0.8,,,,,,"{""type"": ""Point"", ""coordinates"": [-113.51666944444445, 53.57305777777778]}"
3012209.2025.10.1,2025-10-01 00:00:00,3012209,0,,,,5.3,,1,10,2025,17.1,,12.7,,59,,8.3,,AB,,,,,EDMONTON BLATCHFORD,27214,0.4,,,,,,"{""type"": ""Point"", ""coordinates"": [-113.51666944444445, 53.57305777777778]}"
3012209.2025.10.2,2025-10-02 00:00:00,3012209,0,,,,6.2,,2,10,2025,19.3,,11.8,,38,,4.2,,AB,,,,,EDMONTON BLATCHFORD,27214,1.9,,,,,,"{""type"": ""Point"", ""coordinates"": [-113.51666944444445, 53.57305777777778]}"
3012209.2025.10.3,2025-10-03 00:00:00,3012209,0,,32,,5.9,,3,10,2025,19.5,,12.1,,29,,4.8,,AB,,,35,,EDMONTON BLATCHFORD,27214,0,,,,,,"{""type"": ""Point"", ""coordinates"": [-113.51666944444445, 53.57305777777778]}"
3012209.2025.10.4,2025-10-04 00:00:00,3012209,0,,33,,12.1,,4,10,2025,11.9,,5.9,,39,,-0.2,,AB,,,43,,EDMONTON BLATCHFORD,27214,0,,,,,,"{""type"": ""Point"", ""coordinates"": [-113.51666944444445, 53.57305777777778]}"
3012209.2025.10.5,2025-10-05 00:00:00,3012209,0,,26,,13.4,,5,10,2025,12,,4.6,,29,,-2.9,,AB,,,31,,EDMONTON BLATCHFORD,27214,0,,,,,,"{""type"": ""Point"", ""coordinates"": [-113.51666944444445, 53.57305777777778]}"
3012209.2025.10.6,2025-10-06 00:00:00,3012209,0,,,,9.3,,6,10,2025,12.5,,8.7,,47,,4.9,,AB,,,,,EDMONTON BLATCHFORD,27214,0,,,,,,"{""type"": ""Point"", ""coordinates"": [-113.51666944444445, 53.57305777777778]}"
3012209.2025.10.7,2025-10-07 00:00:00,3012209,0,,32,,3.1,,7,10,2025,23.3,,14.9,,25,,6.5,,AB,,,35,,EDMONTON BLATCHFORD,27214,0,,,,,,"{""type"": ""Point"", ""coordinates"": [-113.51666944444445, 53.57305777777778]}"
3012209.2025.10.8,2025-10-08 00:00:00,3012209,0,,33,,7.5,,8,10,2025,16.6,,10.5,,40,,4.4,,AB,,,44,,EDMONTON BLATCHFORD,27214,0,,,,,,"{""type"": ""Point"", ""coordinates"": [-113.51666944444445, 53.57305777777778]}"
3012209.2025.10.9,2025-10-09 00:00:00,3012209,0,,,,10,,9,10,2025,16.7,,8,,33,,-0.6,,AB,,,,,EDMONTON BLATCHFORD,27214,0,,,,,,"{""type"": ""Point"", ""coordinates"": [-113.51666944444445, 53.57305777777778]}"
3012209.2025.10.10,2025-10-10 00:00:00,3012209,0,,17,,5.6,,10,10,2025,23.2,,12.4,,28,,1.7,,AB,,,33,,EDMONTON BLATCHFORD,27214,0,,,,,,"{""type"": ""Point"", ""coordinates"": [-113.51666944444445, 53.57305777777778]}"
3012209.2025.10.11,2025-10-11 00:00:00,3012209,0,,31,,9.1,,11,10,2025,15.6,,8.9,,48,,2.3,,AB,,,57,,EDMONTON BLATCHFORD,27214,2.7,,,,,,"{""type"": ""Point"", ""coordinates"": [-113.51666944444445, 53.57305777777778]}"
3012209.2025.10.12,2025-10-12 00:00:00,3012209,0,,1,,17.5,,12,10,2025,2.3,,0.5,,48,,-1.2,,AB,,,39,,EDMONTON BLATCHFORD,27214,0,,,,,,"{""type"": ""Point"", ""coordinates"": [-113.51666944444445, 53.57305777777778]}"
3012209.2025.10.13,2025-10-13 00:00:00,3012209,0,,19,,17.3,,13,10,2025,4.2,,0.7,,38,,-2.9,,AB,,,37,,EDMONTON BLATCHFORD,27214,0,,,,,,"{""type"": ""Point"", ""coordinates"": [-113.51666944444445, 53.57305777777778]}"
3012209.2025.10.14,2025-10-14 00:00:00,3012209,0,,,,15.1,,14,10,2025,9.5,,2.9,,34,,-3.6,,AB,,,,,EDMONTON BLATCHFORD,27214,0,,,,,,"{""type"": ""Point"", ""coordinates"": [-113.51666944444445, 53.57305777777778]}"
3012209.2025.10.15,2025-10-15 00:00:00,3012209,0,,,,11,,15,10,2025,15.5,,7,,29,,-1.4,,AB,,,,,EDMONTON BLATCHFORD,27214,0,,,,,,"{""type"": ""Point"", ""coordinates"": [-113.51666944444445, 53.57305777777778]}"
3012209.2025.10.16,2025-10-16 00:00:00,3012209,0,,33,,10.3,,16,10,2025,18.9,,7.7,,26,,-3.4,,AB,,,65,,EDMONTON BLATCHFORD,27214,0,,,,,,"{""type"": ""Point"", ""coordinates"": [-113.51666944444445, 53.57305777777778]}"
3012209.2025.10.17,2025-10-17 00:00:00,3012209,0,,30,,10.3,,17,10,2025,10.8,,7.7,,37,,4.6,,AB,,,50,,EDMONTON BLATCHFORD,27214,0.2,,,,,,"{""type"": ""Point"", ""coordinates"": [-113.51666944444445, 53.57305777777778]}"
3012209.2025.10.18,2025-10-18 00:00:00,3012209,0,,30,,9.6,,18,10,2025,13.6,,8.4,,23,,3.2,,AB,,,33,,EDMONTON BLATCHFORD,27214,0,,,,,,"{""type"": ""Point"", ""coordinates"": [-113.51666944444445, 53.57305777777778]}"
3012209.2025.10.19,2025-10-19 00:00:00,3012209,0,,34,,11.6,,19,10,2025,10.3,,6.4,,36,,2.5,,AB,,,37,,EDMONTON BLATCHFORD,27214,0.1,,,,,,"{""type"": ""Point"", ""coordinates"": [-113.51666944444445, 53.57305777777778]}"
3012209.2025.10.20,2025-10-20 00:00:00,3012209,0,,30,,11.8,,20,10,2025,9.9,,6.2,,44,,2.6,,AB,,,42,,EDMONTON BLATCHFORD,27214,0,,,,,,"{""type"": ""Point"", ""coordinates"": [-113.51666944444445, 53.57305777777778]}"
3012209.2025.10.21,2025-10-21 00:00:00,3012209,0,,33,,10.4,,21,10,2025,14.3,,7.6,,29,,0.9,,AB,,,40,,EDMONTON BLATCHFORD,27214,0,,,,,,"{""type"": ""Point"", ""coordinates"": [-113.51666944444445, 53.57305777777778]}"
3012209.2025.10.22,2025-10-22 00:00:00,3012209,0,,14,,12.6,,22,10,2025,15.3,,5.4,,25,,-4.4,,AB,,,36,,EDMONTON BLATCHFORD,27214,0,,,,,,"{""type"": ""Point"", ""coordinates"": [-113.51666944444445, 53.57305777777778]}"
3012209.2025.10.23,2025-10-23 00:00:00,3012209,0,,,,7.2,,23,10,2025,16.8,,10.8,,27,,4.7,,AB,,,,,EDMONTON BLATCHFORD,27214,0,,,,,,"{""type"": ""Point"", ""coordinates"": [-113.51666944444445, 53.57305777777778]}"
3012209.2025.10.24,2025-10-24 00:00:00,3012209,0,,,,8.1,,24,10,2025,16.6,,9.9,,30,,3.1,,AB,,,,,EDMONTON BLATCHFORD,27214,0,,,,,,"{""type"": ""Point"", ""coordinates"": [-113.51666944444445, 53.57305777777778]}"
3012209.2025.10.25,2025-10-25 00:00:00,3012209,0,,30,,11,,25,10,2025,12.5,,7,,38,,1.6,,AB,,,41,,EDMONTON BLATCHFORD,27214,2.5,,,,,,"{""type"": ""Point"", ""coordinates"": [-113.51666944444445, 53.57305777777778]}"
3012209.2025.10.26,2025-10-26 00:00:00,3012209,0,,29,,12.3,,26,10,2025,8,,5.7,,52,,3.4,,AB,,,41,,EDMONTON BLATCHFORD,27214,10.4,,,,,,"{""type"": ""Point"", ""coordinates"": [-113.51666944444445, 53.57305777777778]}"
3012209.2025.10.27,2025-10-27 00:00:00,3012209,0,,30,,15.1,,27,10,2025,4,,2.9,,68,,1.8,,AB,,,56,,EDMONTON BLATCHFORD,27214,1.4,,,,,,"{""type"": ""Point"", ""coordinates"": [-113.51666944444445, 53.57305777777778]}"
3012209.2025.10.28,2025-10-28 00:00:00,3012209,0,,30,,13.8,,28,10,2025,7.8,,4.2,,34,,0.6,,AB,,,38,,EDMONTON BLATCHFORD,27214,0,,,,,,"{""type"": ""Point"", ""coordinates"": [-113.51666944444445, 53.57305777777778]}"
3012209.2025.10.29,2025-10-29 00:00:00,3012209,0,,,,12.8,,29,10,2025,8.8,,5.2,,44,,1.5,,AB,,,,,EDMONTON BLATCHFORD,27214,0.2,,,,,,"{""type"": ""Point"", ""coordinates"": [-113.51666944444445, 53.57305777777778]}"
3012209.2025.10.30,2025-10-30 00:00:00,3012209,0,,,,15.8,,30,10,2025,7.5,,2.2,,56,,-3,,AB,,,,,EDMONTON BLATCHFORD,27214,0,,,,,,"{""type"": ""Point"", ""coordinates"": [-113.51666944444445, 53.57305777777778]}"
3012209.2025.10.31,2025-10-31 00:00:00,3012209,0,,15,,15.3,,31,10,2025,8,,2.7,,49,,-2.6,,AB,,,39,,EDMONTON BLATCHFORD,27214,0,,,,,,"{""type"": ""Point"", ""coordinates"": [-113.51666944444445, 53.57305777777778]}"
3012209.2025.11.1,2025-11-01 00:00:00,3012209,0,,30,,13.8,,1,11,2025,10.2,,4.2,,53,,-1.8,,AB,,,42,,EDMONTON BLATCHFORD,27214,3.8,,,,,,"{""type"": ""Point"", ""coordinates"": [-113.51666944444445, 53.57305777777778]}"
3012209.2025.11.2,2025-11-02 00:00:00,3012209,0,,28,,13.5,,2,11,2025,8.7,,4.5,,32,,0.3,,AB,,,46,,EDMONTON BLATCHFORD,27214,0,,,,,,"{""type"": ""Point"", ""coordinates"": [-113.51666944444445, 53.57305777777778]}"
3012209.2025.11.3,2025-11-03 00:00:00,3012209,0,,,,16.3,,3,11,2025,7,,1.7,,35,,-3.7,,AB,,,,,EDMONTON BLATCHFORD,27214,0,,,,,,"{""type"": ""Point"", ""coordinates"": [-113.51666944444445, 53.57305777777778]}"
3012209.2025.11.4,2025-11-04 00:00:00,3012209,0,,,,16.8,,4,11,2025,7.2,,1.2,,44,,-4.8,,AB,,,,,EDMONTON BLATCHFORD,27214,0,,,,,,"{""type"": ""Point"", ""coordinates"": [-113.51666944444445, 53.57305777777778]}"
3012209.2025.11.5,2025-11-05 00:00:00,3012209,0,,15,,18.4,,5,11,2025,5.4,,-0.4,,46,,-6.2,,AB,,,44,,EDMONTON BLATCHFORD,27214,0.2,,,,,,"{""type"": ""Point"", ""coordinates"": [-113.51666944444445, 53.57305777777778]}"
3012209.2025.11.6,2025-11-06 00:00:00,3012209,0,,,,17.3,,6,11,2025,1.8,,0.7,,82,,-0.5,,AB,,,,,EDMONTON BLATCHFORD,27214,3.7,,,,,,"{""type"": ""Point"", ""coordinates"": [-113.51666944444445, 53.57305777777778]}"
3012209.2025.11.7,2025-11-07 00:00:00,3012209,0,,,,19.3,,7,11,2025,-0.1,,-1.3,,87,,-2.5,,AB,,,,,EDMONTON BLATCHFORD,27214,3.7,,,,,,"{""type"": ""Point"", ""coordinates"": [-113.51666944444445, 53.57305777777778]}"
3012209.2025.11.8,2025-11-08 00:00:00,3012209,0,,,,16.4,,8,11,2025,5.6,,1.6,,70,,-2.3,,AB,2,,,,EDMONTON BLATCHFORD,27214,0.1,,,,,,"{""type"": ""Point"", ""coordinates"": [-113.51666944444445, 53.57305777777778]}"
3012209.2025.11.9,2025-11-09 00:00:00,3012209,0,,15,,15.8,,9,11,2025,4.8,,2.2,,68,,-0.3,,AB,,,35,,EDMONTON BLATCHFORD,27214,0,,,,,,"{""type"": ""Point"", ""coordinates"": [-113.51666944444445, 53.57305777777778]}"
3012209.2025.11.10,2025-11-10 00:00:00,3012209,0,,32,,10.2,,10,11,2025,12.8,,7.8,,42,,2.9,,AB,,,41,,EDMONTON BLATCHFORD,27214,0,,,,,,"{""type"": ""Point"", ""coordinates"": [-113.51666944444445, 53.57305777777778]}"
3012209.2025.11.11,2025-11-11 00:00:00,3012209,0,,33,,12.7,,11,11,2025,10.6,,5.3,,32,,0,,AB,,,42,,EDMONTON BLATCHFORD,27214,0,,,,,,"{""type"": ""Point"", ""coordinates"": [-113.51666944444445, 53.57305777777778]}"
3012209.2025.11.12,2025-11-12 00:00:00,3012209,0,,,,15.8,,12,11,2025,8.4,,2.2,,31,,-3.9,,AB,,,,,EDMONTON BLATCHFORD,27214,0,,,,,,"{""type"": ""Point"", ""coordinates"": [-113.51666944444445, 53.57305777777778]}"
3012209.2025.11.13,2025-11-13 00:00:00,3012209,0,,,,17.1,,13,11,2025,3.6,,0.9,,58,,-1.8,,AB,,,,,EDMONTON BLATCHFORD,27214,0.4,,,,,,"{""type"": ""Point"", ""coordinates"": [-113.51666944444445, 53.57305777777778]}"
3012209.2025.11.14,2025-11-14 00:00:00,3012209,0,,29,,20,,14,11,2025,1.9,,-2,,50,,-5.8,,AB,,,38,,EDMONTON BLATCHFORD,27214,0.1,,,,,,"{""type"": ""Point"", ""coordinates"": [-113.51666944444445, 53.57305777777778]}"
3012209.2025.11.15,2025-11-15 00:00:00,3012209,0,,,,21,,15,11,2025,3.4,,-3,,52,,-9.5,,AB,,,,,EDMONTON BLATCHFORD,27214,0,,,,,,"{""type"": ""Point"", ""coordinates"": [-113.51666944444445, 53.57305777777778]}"
3012209.2025.11.16,2025-11-16 00:00:00,3012209,0,,,,17.2,,16,11,2025,8.2,,0.8,,40,,-6.5,,AB,,,,,EDMONTON BLATCHFORD,27214,0,,,,,,"{""type"": ""Point"", ""coordinates"": [-113.51666944444445, 53.57305777777778]}"
3012209.2025.11.17,2025-11-17 00:00:00,3012209,0,,,,20.2,,17,11,2025,0.6,,-2.2,,86,,-5.1,,AB,,,,,EDMONTON BLATCHFORD,27214,0,,,,,,"{""type"": ""Point"", ""coordinates"": [-113.51666944444445, 53.57305777777778]}"
3012209.2025.11.18,2025-11-18 00:00:00,3012209,0,,,,20.5,,18,11,2025,1.5,,-2.5,,61,,-6.6,,AB,,,,,EDMONTON BLATCHFORD,27214,0.5,,,,,,"{""type"": ""Point"", ""coordinates"": [-113.51666944444445, 53.57305777777778]}"
3012209.2025.11.19,2025-11-19 00:00:00,3012209,0,,,,18.6,,19,11,2025,5.3,,-0.6,,46,,-6.5,,AB,,,,,EDMONTON BLATCHFORD,27214,0,,,,,,"{""type"": ""Point"", ""coordinates"": [-113.51666944444445, 53.57305777777778]}"
3012209.2025.11.20,2025-11-20 00:00:00,3012209,0,,,,21,,20,11,2025,3.8,,-3,,54,,-9.7,,AB,,,,,EDMONTON BLATCHFORD,27214,0,,,,,,"{""type"": ""Point"", ""coordinates"": [-113.51666944444445, 53.57305777777778]}"
3012209.2025.11.21,2025-11-21 00:00:00,3012209,0,,,,15.9,,21,11,2025,8.6,,2.1,,42,,-4.3,,AB,,,,,EDMONTON BLATCHFORD,27214,0,,,,,,"{""type"": ""Point"", ""coordinates"": [-113.51666944444445, 53.57305777777778]}"
3012209.2025.11.22,2025-11-22 00:00:00,3012209,0,,,,15.2,,22,11,2025,8,,2.8,,40,,-2.4,,AB,,,,,EDMONTON BLATCHFORD,27214,0,,,,,,"{""type"": ""Point"", ""coordinates"": [-113.51666944444445, 53.57305777777778]}"
3012209.2025.11.23,2025-11-23 00:00:00,3012209,0,,,,18.9,,23,11,2025,4.6,,-0.9,,51,,-6.3,,AB,,,,,EDMONTON BLATCHFORD,27214,0.2,,,,,,"{""type"": ""Point"", ""coordinates"": [-113.51666944444445, 53.57305777777778]}"
3012209.2025.11.24,2025-11-24 00:00:00,3012209,0,,,,21.3,,24,11,2025,0.4,,-3.3,,51,,-7,,AB,,,,,EDMONTON BLATCHFORD,27214,0,,,,,,"{""type"": ""Point"", ""coordinates"": [-113.51666944444445, 53.57305777777778]}"
3012209.2025.11.25,2025-11-25 00:00:00,3012209,0,,,,22.7,,25,11,2025,0.7,,-4.7,,56,,-10.2,,AB,,,,,EDMONTON BLATCHFORD,27214,0,,,,,,"{""type"": ""Point"", ""coordinates"": [-113.51666944444445, 53.57305777777778]}"
3012209.2025.11.26,2025-11-26 00:00:00,3012209,0,,,,28.9,,26,11,2025,-7.6,,-10.9,,84,,-14.1,,AB,,,,,EDMONTON BLATCHFORD,27214,0,,,,,,"{""type"": ""Point"", ""coordinates"": [-113.51666944444445, 53.57305777777778]}"
3012209.2025.11.27,2025-11-27 00:00:00,3012209,0,,,,26.8,,27,11,2025,-7.2,,-8.8,,82,,-10.3,,AB,,,,,EDMONTON BLATCHFORD,27214,3.5,,,,,,"{""type"": ""Point"", ""coordinates"": [-113.51666944444445, 53.57305777777778]}"
3012209.2025.11.28,2025-11-28 00:00:00,3012209,0,,,,30.2,,28,11,2025,-9.2,,-12.2,,75,,-15.2,,AB,3,,,,EDMONTON BLATCHFORD,27214,0.3,,,,,,"{""type"": ""Point"", ""coordinates"": [-113.51666944444445, 53.57305777777778]}"
3012209.2025.11.29,2025-11-29 00:00:00,3012209,0,,,,32.9,,29,11,2025,-10.6,,-14.9,,65,,-19.3,,AB,2,,,,EDMONTON BLATCHFORD,27214,0,,,,,,"{""type"": ""Point"", ""coordinates"": [-113.51666944444445, 53.57305777777778]}"
3012209.2025.11.30,2025-11-30 00:00:00,3012209,0,,,,28.2,,30,11,2025,-4,,-10.2,,68,,-16.5,,AB,0,,,,EDMONTON BLATCHFORD,27214,0,,,,,,"{""type"": ""Point"", ""coordinates"": [-113.51666944444445, 53.57305777777778]}"
3012209.2025.12.1,2025-12-01 00:00:00,3012209,0,,,,21.4,,1,12,2025,4.4,,-3.4,,71,,-11.2,,AB,1,,,,EDMONTON BLATCHFORD,27214,1,,,,,,"{""type"": ""Point"", ""coordinates"": [-113.51666944444445, 53.57305777777778]}"
3012209.2025.12.2,2025-12-02 00:00:00,3012209,0,,1,,21.8,,2,12,2025,3.3,,-3.8,,73,,-10.8,,AB,1,,31,,EDMONTON BLATCHFORD,27214,0.8,,,,,,"{""type"": ""Point"", ""coordinates"": [-113.51666944444445, 53.57305777777778]}"
3012209.2025.12.3,2025-12-03 00:00:00,3012209,0,,,,22.3,,3,12,2025,2.2,,-4.3,,79,,-10.7,,AB,1,,,,EDMONTON BLATCHFORD,27214,1.2,,,,,,"{""type"": ""Point"", ""coordinates"": [-113.51666944444445, 53.57305777777778]}"
3012209.2025.12.4,2025-12-04 00:00:00,3012209,0,,35,,19.2,,4,12,2025,2.7,,-1.2,,79,,-5.1,,AB,2,,38,,EDMONTON BLATCHFORD,27214,8.4,,,,,,"{""type"": ""Point"", ""coordinates"": [-113.51666944444445, 53.57305777777778]}"
3012209.2025.12.5,2025-12-05 00:00:00,3012209,0,,3,,29.1,,5,12,2025,-5.1,,-11.1,,77,,-17.2,,AB,2,,39,,EDMONTON BLATCHFORD,27214,2.5,,,,,,"{""type"": ""Point"", ""coordinates"": [-113.51666944444445, 53.57305777777778]}"
3012209.2025.12.6,2025-12-06 00:00:00,3012209,0,,15,,34.6,,6,12,2025,-15.5,,-16.6,,68,,-17.7,,AB,7,,35,,EDMONTON BLATCHFORD,27214,3,,,,,,"{""type"": ""Point"", ""coordinates"": [-113.51666944444445, 53.57305777777778]}"
3012209.2025.12.7,2025-12-07 00:00:00,3012209,0,,,,32.2,,7,12,2025,-9.3,,-14.2,,70,,-19,,AB,9,,,,EDMONTON BLATCHFORD,27214,0,,,,,,"{""type"": ""Point"", ""coordinates"": [-113.51666944444445, 53.57305777777778]}"
3012209.2025.12.8,2025-12-08 00:00:00,3012209,0,,,,28.9,,8,12,2025,-8.2,,-10.9,,72,,-13.5,,AB,9,,,,EDMONTON BLATCHFORD,27214,0.5,,,,,,"{""type"": ""Point"", ""coordinates"": [-113.51666944444445, 53.57305777777778]}"
3012209.2025.12.9,2025-12-09 00:00:00,3012209,0,,33,,31.8,,9,12,2025,-9.5,,-13.8,,69,,-18.2,,AB,8,,38,,EDMONTON BLATCHFORD,27214,0.5,,,,,,"{""type"": ""Point"", ""coordinates"": [-113.51666944444445, 53.57305777777778]}"
3012209.2025.12.10,2025-12-10 00:00:00,3012209,0,,,,33.6,,10,12,2025,-11.4,,-15.6,,64,,-19.8,,AB,8,,,,EDMONTON BLATCHFORD,27214,0,,,,,,"{""type"": ""Point"", ""coordinates"": [-113.51666944444445, 53.57305777777778]}"
3012209.2025.12.11,2025-12-11 00:00:00,3012209,0,,35,,40.4,,11,12,2025,-19.8,,-22.4,,63,,-25.1,,AB,10,,34,,EDMONTON BLATCHFORD,27214,1.6,,,,,,"{""type"": ""Point"", ""coordinates"": [-113.51666944444445, 53.57305777777778]}"
3012209.2025.12.12,2025-12-12 00:00:00,3012209,0,,,,41.7,,12,12,2025,-19.8,,-23.7,,67,,-27.5,,AB,12,,,,EDMONTON BLATCHFORD,27214,1.4,,,,,,"{""type"": ""Point"", ""coordinates"": [-113.51666944444445, 53.57305777777778]}"
3012209.2025.12.13,2025-12-13 00:00:00,3012209,0,,,,38,,13,12,2025,-11.7,,-20,,70,,-28.2,,AB,13,,,,EDMONTON BLATCHFORD,27214,0,,,,,,"{""type"": ""Point"", ""coordinates"": [-113.51666944444445, 53.57305777777778]}"
3012209.2025.12.14,2025-12-14 00:00:00,3012209,0,,,,27.3,,14,12,2025,-6.7,,-9.3,,76,,-11.9,,AB,13,,,,EDMONTON BLATCHFORD,27214,1,,,,,,"{""type"": ""Point"", ""coordinates"": [-113.51666944444445, 53.57305777777778]}"
3012209.2025.12.15,2025-12-15 00:00:00,3012209,0,,33,,20.5,,15,12,2025,8.5,,-2.5,,63,,-13.5,,AB,12,,51,,EDMONTON BLATCHFORD,27214,1.2,,,,,,"{""type"": ""Point"", ""coordinates"": [-113.51666944444445, 53.57305777777778]}"
3012209.2025.12.16,2025-12-16 00:00:00,3012209,0,,34,,30.2,,16,12,2025,-7.3,,-12.2,,69,,-17.1,,AB,19,,35,,EDMONTON BLATCHFORD,27214,2.6,,,,,,"{""type"": ""Point"", ""coordinates"": [-113.51666944444445, 53.57305777777778]}"
3012209.2025.12.17,2025-12-17 00:00:00,3012209,0,,32,,33.1,,17,12,2025,-12.6,,-15.1,,75,,-17.7,,AB,18,,43,,EDMONTON BLATCHFORD,27214,5.7,,,,,,"{""type"": ""Point"", ""coordinates"": [-113.51666944444445, 53.57305777777778]}"
3012209.2025.12.18,2025-12-18 00:00:00,3012209,0,,,,36.2,,18,12,2025,-13.4,,-18.2,,63,,-23,,AB,26,,,,EDMONTON BLATCHFORD,27214,0,,,,,,"{""type"": ""Point"", ""coordinates"": [-113.51666944444445, 53.57305777777778]}"
3012209.2025.12.19,2025-12-19 00:00:00,3012209,0,,32,,37.9,,19,12,2025,-15.8,,-19.9,,60,,-24.1,,AB,28,,41,,EDMONTON BLATCHFORD,27214,1.2,,,,,,"{""type"": ""Point"", ""coordinates"": [-113.51666944444445, 53.57305777777778]}"
3012209.2025.12.20,2025-12-20 00:00:00,3012209,0,,,,39.1,,20,12,2025,-15.6,,-21.1,,59,,-26.7,,AB,26,,,,EDMONTON BLATCHFORD,27214,0,,,,,,"{""type"": ""Point"", ""coordinates"": [-113.51666944444445, 53.57305777777778]}"
3012209.2025.12.21,2025-12-21 00:00:00,3012209,0,,,,35.4,,21,12,2025,-16.3,,-17.4,,65,,-18.5,,AB,24,,,,EDMONTON BLATCHFORD,27214,0,,,,,,"{""type"": ""Point"", ""coordinates"": [-113.51666944444445, 53.57305777777778]}"
3012209.2025.12.22,2025-12-22 00:00:00,3012209,0,,,,37.3,,22,12,2025,-15.9,,-19.3,,69,,-22.7,,AB,23,,,,EDMONTON BLATCHFORD,27214,0,,,,,,"{""type"": ""Point"", ""coordinates"": [-113.51666944444445, 53.57305777777778]}"
3012209.2025.12.23,2025-12-23 00:00:00,3012209,,M,,M,,M,23,12,2025,,M,,M,,M,,M,AB,25,,,M,EDMONTON BLATCHFORD,27214,,M,,,,,"{""type"": ""Point"", ""coordinates"": [-113.51666944444445, 53.57305777777778]}"
3012209.2025.12.24,2025-12-24 00:00:00,3012209,0,,,,39.4,,24,12,2025,-18.4,,-21.4,,72,,-24.4,,AB,25,,,,EDMONTON BLATCHFORD,27214,9.8,,,,,,"{""type"": ""Point"", ""coordinates"": [-113.51666944444445, 53.57305777777778]}"
3012209.2025.12.25,2025-12-25 00:00:00,3012209,0,,,,38,,25,12,2025,-16.7,,-20,,63,,-23.3,,AB,35,,,,EDMONTON BLATCHFORD,27214,0,,,,,,"{""type"": ""Point"", ""coordinates"": [-113.51666944444445, 53.57305777777778]}"
3012209.2025.12.26,2025-12-26 00:00:00,3012209,0,,,,34.9,,26,12,2025,-12.7,,-16.9,,74,,-21.1,,AB,34,,,,EDMONTON BLATCHFORD,27214,4.2,,,,,,"{""type"": ""Point"", ""coordinates"": [-113.51666944444445, 53.57305777777778]}"
3012209.2025.12.27,2025-12-27 00:00:00,3012209,0,,33,,41.2,,27,12,2025,-18.8,,-23.2,,62,,-27.6,,AB,49,,44,,EDMONTON BLATCHFORD,27214,2.5,,,,,,"{""type"": ""Point"", ""coordinates"": [-113.51666944444445, 53.57305777777778]}"
3012209.2025.12.28,2025-12-28 00:00:00,3012209,0,,,,34.8,,28,12,2025,-4.2,,-16.8,,62,,-29.5,,AB,54,,,,EDMONTON BLATCHFORD,27214,0,,,,,,"{""type"": ""Point"", ""coordinates"": [-113.51666944444445, 53.57305777777778]}"
3012209.2025.12.29,2025-12-29 00:00:00,3012209,0,,,,18.6,,29,12,2025,5,,-0.6,,63,,-6.1,,AB,50,,,,EDMONTON BLATCHFORD,27214,0,,,,,,"{""type"": ""Point"", ""coordinates"": [-113.51666944444445, 53.57305777777778]}"
3012209.2025.12.30,2025-12-30 00:00:00,3012209,0,,,,18.9,,30,12,2025,3.3,,-0.9,,70,,-5.2,,AB,46,,,,EDMONTON BLATCHFORD,27214,0.2,,,,,,"{""type"": ""Point"", ""coordinates"": [-113.51666944444445, 53.57305777777778]}"
3012209.2025.12.31,2025-12-31 00:00:00,3012209,0,,,,22.9,,31,12,2025,-0.9,,-4.9,,82,,-8.8,,AB,44,,,,EDMONTON BLATCHFORD,27214,0.9,,,,,,"{""type"": ""Point"", ""coordinates"": [-113.51666944444445, 53.57305777777778]}"
