ID,LOCAL_DATE,CLIMATE_IDENTIFIER,COOLING_DEGREE_DAYS,COOLING_DEGREE_DAYS_FLAG,DIRECTION_MAX_GUST,DIRECTION_MAX_GUST_FLAG,HEATING_DEGREE_DAYS,HEATING_DEGREE_DAYS_FLAG,LOCAL_DAY,LOCAL_MONTH,LOCAL_YEAR,MAX_TEMPERATURE,MAX_TEMPERATURE_FLAG,MEAN_TEMPERATURE,MEAN_TEMPERATURE_FLAG,MIN_REL_HUMIDITY,MIN_REL_HUMIDITY_FLAG,MIN_TEMPERATURE,MIN_TEMPERATURE_FLAG,PROVINCE_CODE,SNOW_ON_GROUND,SNOW_ON_GROUND_FLAG,SPEED_MAX_GUST,SPEED_MAX_GUST_FLAG,STATION_NAME,STN_ID,TOTAL_PRECIPITATION,TOTAL_PRECIPITATION_FLAG,TOTAL_RAIN,TOTAL_RAIN_FLAG,TOTAL_SNOW,TOTAL_SNOW_FLAG,_GEOMETRY
701S001.2023.1.1,2023-01-01 00:00:00,701S001,0,,,,18.7,,1,1,2023,2.3,,-0.7,,74,,-3.7,,QC,7,,,,QUEBEC/JEAN LESAGE INTL,26892,9.4,,,,,,"{""type"": ""Point"", ""coordinates"": [-71.38166666666666, 46.80361111111111]}"
701S001.2023.1.2,2023-01-02 00:00:00,701S001,0,,,,18.7,,2,1,2023,0.3,,-0.7,,78,,-1.8,,QC,6,,,,QUEBEC/JEAN LESAGE INTL,26892,0.1,,,,,,"{""type"": ""Point"", ""coordinates"": [-71.38166666666666, 46.80361111111111]}"
701S001.2023.1.3,2023-01-03 00:00:00,701S001,0,,,,19.1,,3,1,2023,1.8,,-1.1,,87,,-4,,QC,6,,,,QUEBEC/JEAN LESAGE INTL,26892,0,,,,,,"{""type"": ""Point"", ""coordinates"": [-71.38166666666666, 46.80361111111111]}"
701S001.2023.1.4,2023-01-04 00:00:00,701S001,0,,6,,19.5,,4,1,2023,2.5,,-1.5,,51,,-5.5,,QC,6,,53,,QUEBEC/JEAN LESAGE INTL,26892,,M,,,,,"{""type"": ""Point"", ""coordinates"": [-71.38166666666666, 46.80361111111111]}"
701S001.2023.1.5,2023-01-05 00:00:00,701S001,0,,6,,24.4,,5,1,2023,-5,,-6.4,,60,,-7.8,,QC,5,,57,,QUEBEC/JEAN LESAGE INTL,26892,3.7,,,,,,"{""type"": ""Point"", ""coordinates"": [-71.38166666666666, 46.80361111111111]}"
701S001.2023.1.6,2023-01-06 00:00:00,701S001,0,,,,21.6,,6,1,2023,-2.3,,-3.6,,84,,-5,,QC,11,,,,QUEBEC/JEAN LESAGE INTL,26892,3,,,,,,"{""type"": ""Point"", ""coordinates"": [-71.38166666666666, 46.80361111111111]}"
701S001.2023.1.7,2023-01-07 00:00:00,701S001,0,,32,,24,,7,1,2023,-0.3,,-6,,56,,-11.8,,QC,13,,37,,QUEBEC/JEAN LESAGE INTL,26892,0.1,,,,,,"{""type"": ""Point"", ""coordinates"": [-71.38166666666666, 46.80361111111111]}"
701S001.2023.1.8,2023-01-08 00:00:00,701S001,0,,24,,27.9,,8,1,2023,-7.5,,-9.9,,70,,-12.4,,QC,10,,40,,QUEBEC/JEAN LESAGE INTL,26892,0,,,,,,"{""type"": ""Point"", ""coordinates"": [-71.38166666666666, 46.80361111111111]}"
701S001.2023.1.9,2023-01-09 00:00:00,701S001,0,,,,25.3,,9,1,2023,-3.5,,-7.3,,78,,-11.1,,QC,11,,,,QUEBEC/JEAN LESAGE INTL,26892,3,,,,,,"{""type"": ""Point"", ""coordinates"": [-71.38166666666666, 46.80361111111111]}"
701S001.2023.1.10,2023-01-10 00:00:00,701S001,0,,,,30.9,,10,1,2023,-3.8,,-12.9,,54,,-22,,QC,14,,,,QUEBEC/JEAN LESAGE INTL,26892,0,,,,,,"{""type"": ""Point"", ""coordinates"": [-71.38166666666666, 46.80361111111111]}"
701S001.2023.1.11,2023-01-11 00:00:00,701S001,0,,,,34.1,,11,1,2023,-8,,-16.1,,60,,-24.2,,QC,13,,,,QUEBEC/JEAN LESAGE INTL,26892,0,,,,,,"{""type"": ""Point"", ""coordinates"": [-71.38166666666666, 46.80361111111111]}"
701S001.2023.1.12,2023-01-12 00:00:00,701S001,0,,8,,24.7,,12,1,2023,-3.4,,-6.7,,74,,-10.1,,QC,13,,35,,QUEBEC/JEAN LESAGE INTL,26892,7.8,,,,,,"{""type"": ""Point"", ""coordinates"": [-71.38166666666666, 46.80361111111111]}"
701S001.2023.1.13,2023-01-13 00:00:00,701S001,0,,8,,20.8,,13,1,2023,-1.5,,-2.8,,73,,-4.1,,QC,24,,35,,QUEBEC/JEAN LESAGE INTL,26892,18.6,,,,,,"{""type"": ""Point"", ""coordinates"": [-71.38166666666666, 46.80361111111111]}"
701S001.2023.1.14,2023-01-14 00:00:00,701S001,0,,,,23.2,,14,1,2023,-3.8,,-5.2,,74,,-6.6,,QC,34,,,,QUEBEC/JEAN LESAGE INTL,26892,0,,,,,,"{""type"": ""Point"", ""coordinates"": [-71.38166666666666, 46.80361111111111]}"
701S001.2023.1.15,2023-01-15 00:00:00,701S001,0,,,,27.3,,15,1,2023,-4.7,,-9.3,,64,,-14,,QC,32,,,,QUEBEC/JEAN LESAGE INTL,26892,0,,,,,,"{""type"": ""Point"", ""coordinates"": [-71.38166666666666, 46.80361111111111]}"
701S001.2023.1.16,2023-01-16 00:00:00,701S001,0,,,,26.7,,16,1,2023,-3.4,,-8.7,,64,,-14,,QC,31,,,,QUEBEC/JEAN LESAGE INTL,26892,0.2,,,,,,"{""type"": ""Point"", ""coordinates"": [-71.38166666666666, 46.80361111111111]}"
701S001.2023.1.17,2023-01-17 00:00:00,701S001,0,,,,23.6,,17,1,2023,-2.2,,-5.6,,54,,-9,,QC,30,,,,QUEBEC/JEAN LESAGE INTL,26892,0,,,,,,"{""type"": ""Point"", ""coordinates"": [-71.38166666666666, 46.80361111111111]}"
701S001.2023.1.18,2023-01-18 00:00:00,701S001,0,,24,,20.3,,18,1,2023,3,,-2.3,,65,,-7.7,,QC,29,,33,,QUEBEC/JEAN LESAGE INTL,26892,0,,,,,,"{""type"": ""Point"", ""coordinates"": [-71.38166666666666, 46.80361111111111]}"
701S001.2023.1.19,2023-01-19 00:00:00,701S001,0,,10,,21.8,,19,1,2023,0.2,,-3.8,,56,,-7.8,,QC,28,,47,,QUEBEC/JEAN LESAGE INTL,26892,0,,,,,,"{""type"": ""Point"", ""coordinates"": [-71.38166666666666, 46.80361111111111]}"
701S001.2023.1.20,2023-01-20 00:00:00,701S001,0,,10,,22.2,,20,1,2023,-2.6,,-4.2,,65,,-5.8,,QC,29,,45,,QUEBEC/JEAN LESAGE INTL,26892,1.6,,,,,,"{""type"": ""Point"", ""coordinates"": [-71.38166666666666, 46.80361111111111]}"
701S001.2023.1.21,2023-01-21 00:00:00,701S001,0,,,,29.1,,21,1,2023,-5.6,,-11.1,,64,,-16.6,,QC,27,,,,QUEBEC/JEAN LESAGE INTL,26892,0,,,,,,"{""type"": ""Point"", ""coordinates"": [-71.38166666666666, 46.80361111111111]}"
701S001.2023.1.22,2023-01-22 00:00:00,701S001,0,,,,23.4,,22,1,2023,-2.7,,-5.4,,79,,-8,,QC,27,,,,QUEBEC/JEAN LESAGE INTL,26892,5.2,,,,,,"{""type"": ""Point"", ""coordinates"": [-71.38166666666666, 46.80361111111111]}"
701S001.2023.1.23,2023-01-23 00:00:00,701S001,0,,28,,21.8,,23,1,2023,-0.8,,-3.8,,70,,-6.8,,QC,31,,34,,QUEBEC/JEAN LESAGE INTL,26892,0,,,,,,"{""type"": ""Point"", ""coordinates"": [-71.38166666666666, 46.80361111111111]}"
701S001.2023.1.24,2023-01-24 00:00:00,701S001,0,,29,,26.1,,24,1,2023,0.3,,-8.1,,53,,-16.6,,QC,30,,41,,QUEBEC/JEAN LESAGE INTL,26892,1.1,,,,,,"{""type"": ""Point"", ""coordinates"": [-71.38166666666666, 46.80361111111111]}"
701S001.2023.1.25,2023-01-25 00:00:00,701S001,0,,7,,33.1,,25,1,2023,-8.1,,-15.1,,49,,-22,,QC,31,,41,,QUEBEC/JEAN LESAGE INTL,26892,5.9,,,,,,"{""type"": ""Point"", ""coordinates"": [-71.38166666666666, 46.80361111111111]}"
701S001.2023.1.26,2023-01-26 00:00:00,701S001,0,,8,,25.3,,26,1,2023,-4.9,,-7.3,,67,,-9.7,,QC,50,,56,,QUEBEC/JEAN LESAGE INTL,26892,8.1,,,,,,"{""type"": ""Point"", ""coordinates"": [-71.38166666666666, 46.80361111111111]}"
701S001.2023.1.27,2023-01-27 00:00:00,701S001,0,,25,,31.7,,27,1,2023,-8.1,,-13.7,,35,,-19.2,,QC,47,,36,,QUEBEC/JEAN LESAGE INTL,26892,0,,,,,,"{""type"": ""Point"", ""coordinates"": [-71.38166666666666, 46.80361111111111]}"
701S001.2023.1.28,2023-01-28 00:00:00,701S001,0,,26,,23.6,,28,1,2023,0.8,,-5.6,,52,,-12,,QC,46,,43,,QUEBEC/JEAN LESAGE INTL,26892,2.3,,,,,,"{""type"": ""Point"", ""coordinates"": [-71.38166666666666, 46.80361111111111]}"
701S001.2023.1.29,2023-01-29 00:00:00,701S001,0,,5,,33.2,,29,1,2023,-9,,-15.2,,62,,-21.4,,QC,44,,32,,QUEBEC/JEAN LESAGE INTL,26892,9.1,,,,,,"{""type"": ""Point"", ""coordinates"": [-71.38166666666666, 46.80361111111111]}"
701S001.2023.1.30,2023-01-30 00:00:00,701S001,0,,,,34.3,,30,1,2023,-10.5,,-16.3,,68,,-22.1,,QC,51,,,,QUEBEC/JEAN LESAGE INTL,26892,0.8,,,,,,"{""type"": ""Point"", ""coordinates"": [-71.38166666666666, 46.80361111111111]}"
701S001.2023.1.31,2023-01-31 00:00:00,701S001,0,,28,,37.4,,31,1,2023,-11.4,,-19.4,,45,,-27.5,,QC,54,,37,,QUEBEC/JEAN LESAGE INTL,26892,0.6,,,,,,"{""type"": ""Point"", ""coordinates"": [-71.38166666666666, 46.80361111111111]}"
701S001.2023.2.1,2023-02-01 00:00:00,701S001,0,,,,40.1,,1,2,2023,-10.7,,-22.1,,51,,-33.6,,QC,50,,,,QUEBEC/JEAN LESAGE INTL,26892,0,,,,,,"{""type"": ""Point"", ""coordinates"": [-71.38166666666666, 46.80361111111111]}"
701S001.2023.2.2,2023-02-02 00:00:00,701S001,0,,31,,29.3,,2,2,2023,-2.2,,-11.3,,61,,-20.3,,QC,50,,66,,QUEBEC/JEAN LESAGE INTL,26892,3.8,,,,,,"{""type"": ""Point"", ""coordinates"": [-71.38166666666666, 46.80361111111111]}"
701S001.2023.2.3,2023-02-03 00:00:00,701S001,0,,28,,38.9,,3,2,2023,-12.3,,-20.9,,42,,-29.4,,QC,47,,60,,QUEBEC/JEAN LESAGE INTL,26892,0,,,,,,"{""type"": ""Point"", ""coordinates"": [-71.38166666666666, 46.80361111111111]}"
701S001.2023.2.4,2023-02-04 00:00:00,701S001,0,,23,,44.6,,4,2,2023,-22.2,,-26.6,,47,,-31.1,,QC,43,,45,,QUEBEC/JEAN LESAGE INTL,26892,0,,,,,,"{""type"": ""Point"", ""coordinates"": [-71.38166666666666, 46.80361111111111]}"
701S001.2023.2.5,2023-02-05 00:00:00,701S001,0,,,,32.9,,5,2,2023,-7.5,,-14.9,,70,,-22.2,,QC,58,,,,QUEBEC/JEAN LESAGE INTL,26892,9.4,,,,,,"{""type"": ""Point"", ""coordinates"": [-71.38166666666666, 46.80361111111111]}"
701S001.2023.2.6,2023-02-06 00:00:00,701S001,0,,,,30.8,,6,2,2023,-4.9,,-12.8,,64,,-20.7,,QC,67,,,,QUEBEC/JEAN LESAGE INTL,26892,0.5,,,,,,"{""type"": ""Point"", ""coordinates"": [-71.38166666666666, 46.80361111111111]}"
701S001.2023.2.7,2023-02-07 00:00:00,701S001,0,,7,,31,,7,2,2023,-3.8,,-13,,49,,-22.2,,QC,66,,33,,QUEBEC/JEAN LESAGE INTL,26892,2.2,,,,,,"{""type"": ""Point"", ""coordinates"": [-71.38166666666666, 46.80361111111111]}"
701S001.2023.2.8,2023-02-08 00:00:00,701S001,0,,31,,20.9,,8,2,2023,0.5,,-2.9,,37,,-6.3,,QC,67,,41,,QUEBEC/JEAN LESAGE INTL,26892,0,,,,,,"{""type"": ""Point"", ""coordinates"": [-71.38166666666666, 46.80361111111111]}"
701S001.2023.2.9,2023-02-09 00:00:00,701S001,0,,8,,27.6,,9,2,2023,-3.4,,-9.6,,59,,-15.8,,QC,56,,44,,QUEBEC/JEAN LESAGE INTL,26892,5.1,,,,,,"{""type"": ""Point"", ""coordinates"": [-71.38166666666666, 46.80361111111111]}"
701S001.2023.2.10,2023-02-10 00:00:00,701S001,0,,29,,23.5,,10,2,2023,-2.3,,-5.5,,71,,-8.6,,QC,57,,46,,QUEBEC/JEAN LESAGE INTL,26892,20,,,,,,"{""type"": ""Point"", ""coordinates"": [-71.38166666666666, 46.80361111111111]}"
701S001.2023.2.11,2023-02-11 00:00:00,701S001,0,,,,25.8,,11,2,2023,-2,,-7.8,,54,,-13.6,,QC,64,,,,QUEBEC/JEAN LESAGE INTL,26892,0,,,,,,"{""type"": ""Point"", ""coordinates"": [-71.38166666666666, 46.80361111111111]}"
701S001.2023.2.12,2023-02-12 00:00:00,701S001,0,,26,,20.8,,12,2,2023,2.2,,-2.8,,61,,-7.9,,QC,63,,34,,QUEBEC/JEAN LESAGE INTL,26892,0,,,,,,"{""type"": ""Point"", ""coordinates"": [-71.38166666666666, 46.80361111111111]}"
701S001.2023.2.13,2023-02-13 00:00:00,701S001,0,,8,,24.2,,13,2,2023,-1.7,,-6.2,,70,,-10.7,,QC,62,,41,,QUEBEC/JEAN LESAGE INTL,26892,0.3,,,,,,"{""type"": ""Point"", ""coordinates"": [-71.38166666666666, 46.80361111111111]}"
701S001.2023.2.14,2023-02-14 00:00:00,701S001,0,,,,24.7,,14,2,2023,0.4,,-6.7,,69,,-13.8,,QC,61,,,,QUEBEC/JEAN LESAGE INTL,26892,0.1,,,,,,"{""type"": ""Point"", ""coordinates"": [-71.38166666666666, 46.80361111111111]}"
701S001.2023.2.15,2023-02-15 00:00:00,701S001,0,,,,23.8,,15,2,2023,4.4,,-5.8,,54,,-16.1,,QC,61,,,,QUEBEC/JEAN LESAGE INTL,26892,7.1,,,,,,"{""type"": ""Point"", ""coordinates"": [-71.38166666666666, 46.80361111111111]}"
701S001.2023.2.16,2023-02-16 00:00:00,701S001,0,,29,,17.4,,16,2,2023,4.4,,0.6,,49,,-3.2,,QC,57,,41,,QUEBEC/JEAN LESAGE INTL,26892,0.2,,,,,,"{""type"": ""Point"", ""coordinates"": [-71.38166666666666, 46.80361111111111]}"
701S001.2023.2.17,2023-02-17 00:00:00,701S001,0,,6,,29.6,,17,2,2023,-3.2,,-11.6,,66,,-20,,QC,60,,54,,QUEBEC/JEAN LESAGE INTL,26892,17.8,,,,,,"{""type"": ""Point"", ""coordinates"": [-71.38166666666666, 46.80361111111111]}"
701S001.2023.2.18,2023-02-18 00:00:00,701S001,0,,,,34.5,,18,2,2023,-3.3,,-16.5,,65,,-29.7,,QC,75,,,,QUEBEC/JEAN LESAGE INTL,26892,0.1,,,,,,"{""type"": ""Point"", ""coordinates"": [-71.38166666666666, 46.80361111111111]}"
701S001.2023.2.19,2023-02-19 00:00:00,701S001,0,,,,25,,19,2,2023,-0.1,,-7,,71,,-13.8,,QC,72,,,,QUEBEC/JEAN LESAGE INTL,26892,0,,,,,,"{""type"": ""Point"", ""coordinates"": [-71.38166666666666, 46.80361111111111]}"
701S001.2023.2.20,2023-02-20 00:00:00,701S001,0,,33,,24.5,,20,2,2023,3.1,,-6.5,,54,,-16.1,,QC,70,,45,,QUEBEC/JEAN LESAGE INTL,26892,1.5,,,,,,"{""type"": ""Point"", ""coordinates"": [-71.38166666666666, 46.80361111111111]}"
701S001.2023.2.21,2023-02-21 00:00:00,701S001,0,,6,,31.6,,21,2,2023,-7.3,,-13.6,,57,,-19.8,,QC,66,,35,,QUEBEC/JEAN LESAGE INTL,26892,0.6,,,,,,"{""type"": ""Point"", ""coordinates"": [-71.38166666666666, 46.80361111111111]}"
701S001.2023.2.22,2023-02-22 00:00:00,701S001,0,,29,,31.3,,22,2,2023,-7.5,,-13.3,,35,,-19.2,,QC,65,,42,,QUEBEC/JEAN LESAGE INTL,26892,0,,,,,,"{""type"": ""Point"", ""coordinates"": [-71.38166666666666, 46.80361111111111]}"
701S001.2023.2.23,2023-02-23 00:00:00,701S001,0,,8,,30.3,,23,2,2023,-11.3,,-12.3,,55,,-13.3,,QC,65,,41,,QUEBEC/JEAN LESAGE INTL,26892,2.5,,,,,,"{""type"": ""Point"", ""coordinates"": [-71.38166666666666, 46.80361111111111]}"
701S001.2023.2.24,2023-02-24 00:00:00,701S001,0,,5,,34.9,,24,2,2023,-10.5,,-16.9,,40,,-23.3,,QC,71,,37,,QUEBEC/JEAN LESAGE INTL,26892,0.6,,,,,,"{""type"": ""Point"", ""coordinates"": [-71.38166666666666, 46.80361111111111]}"
701S001.2023.2.25,2023-02-25 00:00:00,701S001,0,,,,42.2,,25,2,2023,-14.4,,-24.2,,46,,-34.1,,QC,69,,,,QUEBEC/JEAN LESAGE INTL,26892,0,,,,,,"{""type"": ""Point"", ""coordinates"": [-71.38166666666666, 46.80361111111111]}"
701S001.2023.2.26,2023-02-26 00:00:00,701S001,0,,,,37.8,,26,2,2023,-9.1,,-19.8,,65,,-30.5,,QC,68,,,,QUEBEC/JEAN LESAGE INTL,26892,0.4,,,,,,"{""type"": ""Point"", ""coordinates"": [-71.38166666666666, 46.80361111111111]}"
701S001.2023.2.27,2023-02-27 00:00:00,701S001,0,,,,32.5,,27,2,2023,-5.3,,-14.5,,48,,-23.6,,QC,68,,,,QUEBEC/JEAN LESAGE INTL,26892,0,,,,,,"{""type"": ""Point"", ""coordinates"": [-71.38166666666666, 46.80361111111111]}"
701S001.2023.2.28,2023-02-28 00:00:00,701S001,0,,8,,25.3,,28,2,2023,-4.7,,-7.3,,52,,-9.9,,QC,68,,37,,QUEBEC/JEAN LESAGE INTL,26892,15.1,,,,,,"{""type"": ""Point"", ""coordinates"": [-71.38166666666666, 46.80361111111111]}"
701S001.2023.3.1,2023-03-01 00:00:00,701S001,0,,,,22.5,,1,3,2023,1,,-4.5,,57,,-10,,QC,79,,,,QUEBEC/JEAN LESAGE INTL,26892,0.3,,,,,,"{""type"": ""Point"", ""coordinates"": [-71.38166666666666, 46.80361111111111]}"
701S001.2023.3.2,2023-03-02 00:00:00,701S001,0,,35,,21.4,,2,3,2023,-0.8,,-3.4,,62,,-6,,QC,77,,31,,QUEBEC/JEAN LESAGE INTL,26892,5.7,,,,,,"{""type"": ""Point"", ""coordinates"": [-71.38166666666666, 46.80361111111111]}"
701S001.2023.3.3,2023-03-03 00:00:00,701S001,0,,34,,31.3,,3,3,2023,-4.9,,-13.3,,46,,-21.6,,QC,85,,34,,QUEBEC/JEAN LESAGE INTL,26892,0,,,,,,"{""type"": ""Point"", ""coordinates"": [-71.38166666666666, 46.80361111111111]}"
701S001.2023.3.4,2023-03-04 00:00:00,701S001,0,,9,,25,,4,3,2023,-2.6,,-7,,63,,-11.4,,QC,83,,34,,QUEBEC/JEAN LESAGE INTL,26892,0,,,,,,"{""type"": ""Point"", ""coordinates"": [-71.38166666666666, 46.80361111111111]}"
701S001.2023.3.5,2023-03-05 00:00:00,701S001,0,,33,,23.6,,5,3,2023,5.3,,-5.6,,41,,-16.5,,QC,79,,45,,QUEBEC/JEAN LESAGE INTL,26892,0,,,,,,"{""type"": ""Point"", ""coordinates"": [-71.38166666666666, 46.80361111111111]}"
701S001.2023.3.6,2023-03-06 00:00:00,701S001,0,,30,,18,,6,3,2023,3.4,,0,,31,,-3.4,,QC,76,,55,,QUEBEC/JEAN LESAGE INTL,26892,0,,,,,,"{""type"": ""Point"", ""coordinates"": [-71.38166666666666, 46.80361111111111]}"
701S001.2023.3.7,2023-03-07 00:00:00,701S001,0,,,,19.8,,7,3,2023,1.9,,-1.8,,58,,-5.5,,QC,75,,,,QUEBEC/JEAN LESAGE INTL,26892,0,,,,,,"{""type"": ""Point"", ""coordinates"": [-71.38166666666666, 46.80361111111111]}"
701S001.2023.3.8,2023-03-08 00:00:00,701S001,0,,,,17.8,,8,3,2023,3.8,,0.2,,58,,-3.5,,QC,73,,,,QUEBEC/JEAN LESAGE INTL,26892,0,,,,,,"{""type"": ""Point"", ""coordinates"": [-71.38166666666666, 46.80361111111111]}"
701S001.2023.3.9,2023-03-09 00:00:00,701S001,0,,,,19.4,,9,3,2023,2.5,,-1.4,,65,,-5.3,,QC,68,,,,QUEBEC/JEAN LESAGE INTL,26892,0,,,,,,"{""type"": ""Point"", ""coordinates"": [-71.38166666666666, 46.80361111111111]}"
701S001.2023.3.10,2023-03-10 00:00:00,701S001,0,,,,22,,10,3,2023,1.6,,-4,,46,,-9.6,,QC,67,,,,QUEBEC/JEAN LESAGE INTL,26892,0,,,,,,"{""type"": ""Point"", ""coordinates"": [-71.38166666666666, 46.80361111111111]}"
701S001.2023.3.11,2023-03-11 00:00:00,701S001,0,,,,23.1,,11,3,2023,1.6,,-5.1,,53,,-11.8,,QC,66,,,,QUEBEC/JEAN LESAGE INTL,26892,0,,,,,,"{""type"": ""Point"", ""coordinates"": [-71.38166666666666, 46.80361111111111]}"
701S001.2023.3.12,2023-03-12 00:00:00,701S001,0,,,,22.5,,12,3,2023,6.1,,-4.5,,37,,-15.1,,QC,65,,,,QUEBEC/JEAN LESAGE INTL,26892,0,,,,,,"{""type"": ""Point"", ""coordinates"": [-71.38166666666666, 46.80361111111111]}"
701S001.2023.3.13,2023-03-13 00:00:00,701S001,0,,,,20.2,,13,3,2023,4,,-2.2,,56,,-8.5,,QC,65,,,,QUEBEC/JEAN LESAGE INTL,26892,0,,,,,,"{""type"": ""Point"", ""coordinates"": [-71.38166666666666, 46.80361111111111]}"
701S001.2023.3.14,2023-03-14 00:00:00,701S001,0,,6,,15.8,,14,3,2023,4.5,,2.2,,52,,0,,QC,64,,41,,QUEBEC/JEAN LESAGE INTL,26892,0,,,,,,"{""type"": ""Point"", ""coordinates"": [-71.38166666666666, 46.80361111111111]}"
701S001.2023.3.15,2023-03-15 00:00:00,701S001,0,,11,,17.1,,15,3,2023,3.3,,0.9,,48,,-1.6,,QC,63,,36,,QUEBEC/JEAN LESAGE INTL,26892,0,,,,,,"{""type"": ""Point"", ""coordinates"": [-71.38166666666666, 46.80361111111111]}"
701S001.2023.3.16,2023-03-16 00:00:00,701S001,0,,26,,18.6,,16,3,2023,4.8,,-0.6,,36,,-6,,QC,63,,35,,QUEBEC/JEAN LESAGE INTL,26892,0,,,,,,"{""type"": ""Point"", ""coordinates"": [-71.38166666666666, 46.80361111111111]}"
701S001.2023.3.17,2023-03-17 00:00:00,701S001,0,,,,19.9,,17,3,2023,2.5,,-1.9,,62,,-6.2,,QC,62,,,,QUEBEC/JEAN LESAGE INTL,26892,14,,,,,,"{""type"": ""Point"", ""coordinates"": [-71.38166666666666, 46.80361111111111]}"
701S001.2023.3.18,2023-03-18 00:00:00,701S001,0,,26,,19.5,,18,3,2023,2.2,,-1.5,,48,,-5.2,,QC,64,,34,,QUEBEC/JEAN LESAGE INTL,26892,1.9,,,,,,"{""type"": ""Point"", ""coordinates"": [-71.38166666666666, 46.80361111111111]}"
701S001.2023.3.19,2023-03-19 00:00:00,701S001,0,,26,,23.6,,19,3,2023,-1.6,,-5.6,,49,,-9.7,,QC,63,,47,,QUEBEC/JEAN LESAGE INTL,26892,0,,,,,,"{""type"": ""Point"", ""coordinates"": [-71.38166666666666, 46.80361111111111]}"
701S001.2023.3.20,2023-03-20 00:00:00,701S001,0,,24,,22,,20,3,2023,2.3,,-4,,53,,-10.3,,QC,62,,39,,QUEBEC/JEAN LESAGE INTL,26892,0,,,,,,"{""type"": ""Point"", ""coordinates"": [-71.38166666666666, 46.80361111111111]}"
701S001.2023.3.21,2023-03-21 00:00:00,701S001,0,,28,,20.8,,21,3,2023,2.3,,-2.8,,44,,-7.9,,QC,61,,35,,QUEBEC/JEAN LESAGE INTL,26892,0,,,,,,"{""type"": ""Point"", ""coordinates"": [-71.38166666666666, 46.80361111111111]}"
701S001.2023.3.22,2023-03-22 00:00:00,701S001,0,,7,,25.3,,22,3,2023,-0.2,,-7.3,,37,,-14.5,,QC,62,,32,,QUEBEC/JEAN LESAGE INTL,26892,0,,,,,,"{""type"": ""Point"", ""coordinates"": [-71.38166666666666, 46.80361111111111]}"
701S001.2023.3.23,2023-03-23 00:00:00,701S001,0,,6,,19.7,,23,3,2023,0.1,,-1.7,,52,,-3.5,,QC,61,,39,,QUEBEC/JEAN LESAGE INTL,26892,9.7,,,,,,"{""type"": ""Point"", ""coordinates"": [-71.38166666666666, 46.80361111111111]}"
701S001.2023.3.24,2023-03-24 00:00:00,701S001,0,,21,,22.8,,24,3,2023,2,,-4.8,,52,,-11.6,,QC,66,,36,,QUEBEC/JEAN LESAGE INTL,26892,0,,,,,,"{""type"": ""Point"", ""coordinates"": [-71.38166666666666, 46.80361111111111]}"
701S001.2023.3.25,2023-03-25 00:00:00,701S001,0,,7,,23.2,,25,3,2023,0.7,,-5.2,,56,,-11.1,,QC,65,,37,,QUEBEC/JEAN LESAGE INTL,26892,12.2,,,,,,"{""type"": ""Point"", ""coordinates"": [-71.38166666666666, 46.80361111111111]}"
701S001.2023.3.26,2023-03-26 00:00:00,701S001,0,,26,,17.5,,26,3,2023,1.8,,0.5,,89,,-0.8,,QC,83,,31,,QUEBEC/JEAN LESAGE INTL,26892,13.8,,,,,,"{""type"": ""Point"", ""coordinates"": [-71.38166666666666, 46.80361111111111]}"
701S001.2023.3.27,2023-03-27 00:00:00,701S001,0,,25,,16.2,,27,3,2023,4,,1.8,,60,,-0.4,,QC,77,,37,,QUEBEC/JEAN LESAGE INTL,26892,0,,,,,,"{""type"": ""Point"", ""coordinates"": [-71.38166666666666, 46.80361111111111]}"
701S001.2023.3.28,2023-03-28 00:00:00,701S001,0,,19,,18.5,,28,3,2023,3.4,,-0.5,,52,,-4.5,,QC,71,,31,,QUEBEC/JEAN LESAGE INTL,26892,0,,,,,,"{""type"": ""Point"", ""coordinates"": [-71.38166666666666, 46.80361111111111]}"
701S001.2023.3.29,2023-03-29 00:00:00,701S001,0,,22,,19.5,,29,3,2023,6.1,,-1.5,,41,,-9,,QC,68,,47,,QUEBEC/JEAN LESAGE INTL,26892,0.5,,,,,,"{""type"": ""Point"", ""coordinates"": [-71.38166666666666, 46.80361111111111]}"
701S001.2023.3.30,2023-03-30 00:00:00,701S001,0,,28,,22.3,,30,3,2023,-0.1,,-4.3,,41,,-8.5,,QC,67,,58,,QUEBEC/JEAN LESAGE INTL,26892,0,,,,,,"{""type"": ""Point"", ""coordinates"": [-71.38166666666666, 46.80361111111111]}"
701S001.2023.3.31,2023-03-31 00:00:00,701S001,0,,,,22.3,,31,3,2023,2.4,,-4.3,,48,,-10.9,,QC,67,,,,QUEBEC/JEAN LESAGE INTL,26892,0,,,,,,"{""type"": ""Point"", ""coordinates"": [-71.38166666666666, 46.80361111111111]}"
701S001.2023.4.1,2023-04-01 00:00:00,701S001,0,,7,,16.8,,1,4,2023,2.5,,1.2,,63,,-0.1,,QC,66,,40,,QUEBEC/JEAN LESAGE INTL,26892,8.8,,,,,,"{""type"": ""Point"", ""coordinates"": [-71.38166666666666, 46.80361111111111]}"
701S001.2023.4.2,2023-04-02 00:00:00,701S001,0,,29,,22.4,,2,4,2023,1.2,,-4.4,,37,,-10,,QC,69,,43,,QUEBEC/JEAN LESAGE INTL,26892,0,,,,,,"{""type"": ""Point"", ""coordinates"": [-71.38166666666666, 46.80361111111111]}"
701S001.2023.4.3,2023-04-03 00:00:00,701S001,0,,,,22.7,,3,4,2023,3.9,,-4.7,,42,,-13.2,,QC,68,,,,QUEBEC/JEAN LESAGE INTL,26892,0.1,,,,,,"{""type"": ""Point"", ""coordinates"": [-71.38166666666666, 46.80361111111111]}"
701S001.2023.4.4,2023-04-04 00:00:00,701S001,0,,,,17.8,,4,4,2023,5.3,,0.2,,40,,-4.8,,QC,68,,,,QUEBEC/JEAN LESAGE INTL,26892,0,,,,,,"{""type"": ""Point"", ""coordinates"": [-71.38166666666666, 46.80361111111111]}"
701S001.2023.4.5,2023-04-05 00:00:00,701S001,0,,7,,21.5,,5,4,2023,-1.7,,-3.5,,49,,-5.2,,QC,66,,47,,QUEBEC/JEAN LESAGE INTL,26892,15.8,,,,,,"{""type"": ""Point"", ""coordinates"": [-71.38166666666666, 46.80361111111111]}"
701S001.2023.4.6,2023-04-06 00:00:00,701S001,0,,24,,16.5,,6,4,2023,4.7,,1.5,,66,,-1.7,,QC,74,,38,,QUEBEC/JEAN LESAGE INTL,26892,2.2,,,,,,"{""type"": ""Point"", ""coordinates"": [-71.38166666666666, 46.80361111111111]}"
701S001.2023.4.7,2023-04-07 00:00:00,701S001,0,,28,,19.5,,7,4,2023,3.9,,-1.5,,37,,-7,,QC,70,,65,,QUEBEC/JEAN LESAGE INTL,26892,0.5,,,,,,"{""type"": ""Point"", ""coordinates"": [-71.38166666666666, 46.80361111111111]}"
701S001.2023.4.8,2023-04-08 00:00:00,701S001,0,,30,,21.6,,8,4,2023,2.3,,-3.6,,39,,-9.5,,QC,70,,40,,QUEBEC/JEAN LESAGE INTL,26892,0,,,,,,"{""type"": ""Point"", ""coordinates"": [-71.38166666666666, 46.80361111111111]}"
701S001.2023.4.9,2023-04-09 00:00:00,701S001,0,,25,,19.9,,9,4,2023,6.6,,-1.9,,31,,-10.3,,QC,69,,38,,QUEBEC/JEAN LESAGE INTL,26892,0,,,,,,"{""type"": ""Point"", ""coordinates"": [-71.38166666666666, 46.80361111111111]}"
701S001.2023.4.10,2023-04-10 00:00:00,701S001,0,,,,14,,10,4,2023,11.5,,4,,41,,-3.6,,QC,66,,,,QUEBEC/JEAN LESAGE INTL,26892,0,,,,,,"{""type"": ""Point"", ""coordinates"": [-71.38166666666666, 46.80361111111111]}"
701S001.2023.4.11,2023-04-11 00:00:00,701S001,0,,30,,11.4,,11,4,2023,10.4,,6.6,,47,,2.8,,QC,59,,46,,QUEBEC/JEAN LESAGE INTL,26892,0,,,,,,"{""type"": ""Point"", ""coordinates"": [-71.38166666666666, 46.80361111111111]}"
701S001.2023.4.12,2023-04-12 00:00:00,701S001,0,,30,,11.7,,12,4,2023,11.2,,6.3,,34,,1.4,,QC,51,,45,,QUEBEC/JEAN LESAGE INTL,26892,0,,,,,,"{""type"": ""Point"", ""coordinates"": [-71.38166666666666, 46.80361111111111]}"
701S001.2023.4.13,2023-04-13 00:00:00,701S001,0,,,,10.8,,13,4,2023,16.3,,7.2,,36,,-1.8,,QC,43,,,,QUEBEC/JEAN LESAGE INTL,26892,0,,,,,,"{""type"": ""Point"", ""coordinates"": [-71.38166666666666, 46.80361111111111]}"
701S001.2023.4.14,2023-04-14 00:00:00,701S001,0,,,,11.6,,14,4,2023,12.4,,6.4,,38,,0.5,,QC,37,,,,QUEBEC/JEAN LESAGE INTL,26892,0,,,,,,"{""type"": ""Point"", ""coordinates"": [-71.38166666666666, 46.80361111111111]}"
701S001.2023.4.15,2023-04-15 00:00:00,701S001,0,,8,,12.3,,15,4,2023,11.6,,5.7,,44,,-0.3,,QC,30,,36,,QUEBEC/JEAN LESAGE INTL,26892,0,,,,,,"{""type"": ""Point"", ""coordinates"": [-71.38166666666666, 46.80361111111111]}"
701S001.2023.4.16,2023-04-16 00:00:00,701S001,0,,9,,10.4,,16,4,2023,12.2,,7.6,,60,,3,,QC,22,,35,,QUEBEC/JEAN LESAGE INTL,26892,0,,,,,,"{""type"": ""Point"", ""coordinates"": [-71.38166666666666, 46.80361111111111]}"
701S001.2023.4.17,2023-04-17 00:00:00,701S001,0,,8,,12.1,,17,4,2023,7.9,,5.9,,83,,3.9,,QC,7,,44,,QUEBEC/JEAN LESAGE INTL,26892,11.8,,,,,,"{""type"": ""Point"", ""coordinates"": [-71.38166666666666, 46.80361111111111]}"
701S001.2023.4.18,2023-04-18 00:00:00,701S001,0,,,,12.8,,18,4,2023,7.3,,5.2,,62,,3,,QC,0,,,,QUEBEC/JEAN LESAGE INTL,26892,0.7,,,,,,"{""type"": ""Point"", ""coordinates"": [-71.38166666666666, 46.80361111111111]}"
701S001.2023.4.19,2023-04-19 00:00:00,701S001,0,,28,,13.1,,19,4,2023,8.1,,4.9,,56,,1.7,,QC,0,,37,,QUEBEC/JEAN LESAGE INTL,26892,1.7,,,,,,"{""type"": ""Point"", ""coordinates"": [-71.38166666666666, 46.80361111111111]}"
701S001.2023.4.20,2023-04-20 00:00:00,701S001,0,,24,,15.4,,20,4,2023,7.1,,2.6,,40,,-1.9,,QC,0,,34,,QUEBEC/JEAN LESAGE INTL,26892,0,,,,,,"{""type"": ""Point"", ""coordinates"": [-71.38166666666666, 46.80361111111111]}"
701S001.2023.4.21,2023-04-21 00:00:00,701S001,0,,8,,14.5,,21,4,2023,9.6,,3.5,,43,,-2.6,,QC,0,,31,,QUEBEC/JEAN LESAGE INTL,26892,0,,,,,,"{""type"": ""Point"", ""coordinates"": [-71.38166666666666, 46.80361111111111]}"
701S001.2023.4.22,2023-04-22 00:00:00,701S001,0,,7,,7.8,,22,4,2023,15,,10.2,,46,,5.5,,QC,0,,39,,QUEBEC/JEAN LESAGE INTL,26892,0,,,,,,"{""type"": ""Point"", ""coordinates"": [-71.38166666666666, 46.80361111111111]}"
701S001.2023.4.23,2023-04-23 00:00:00,701S001,0,,8,,9.1,,23,4,2023,12.4,,8.9,,53,,5.5,,QC,0,,41,,QUEBEC/JEAN LESAGE INTL,26892,9.3,,,,,,"{""type"": ""Point"", ""coordinates"": [-71.38166666666666, 46.80361111111111]}"
701S001.2023.4.24,2023-04-24 00:00:00,701S001,0,,6,,12.9,,24,4,2023,6.4,,5.1,,89,,3.8,,QC,0,,37,,QUEBEC/JEAN LESAGE INTL,26892,8.9,,,,,,"{""type"": ""Point"", ""coordinates"": [-71.38166666666666, 46.80361111111111]}"
701S001.2023.4.25,2023-04-25 00:00:00,701S001,0,,,,11.8,,25,4,2023,8.1,,6.2,,83,,4.2,,QC,0,,,,QUEBEC/JEAN LESAGE INTL,26892,3.1,,,,,,"{""type"": ""Point"", ""coordinates"": [-71.38166666666666, 46.80361111111111]}"
701S001.2023.4.26,2023-04-26 00:00:00,701S001,0,,,,9.3,,26,4,2023,13.4,,8.7,,37,,3.9,,QC,0,,,,QUEBEC/JEAN LESAGE INTL,26892,3.1,,,,,,"{""type"": ""Point"", ""coordinates"": [-71.38166666666666, 46.80361111111111]}"
701S001.2023.4.27,2023-04-27 00:00:00,701S001,0,,,,11.6,,27,4,2023,13.3,,6.4,,42,,-0.5,,QC,0,,,,QUEBEC/JEAN LESAGE INTL,26892,0,,,,,,"{""type"": ""Point"", ""coordinates"": [-71.38166666666666, 46.80361111111111]}"
701S001.2023.4.28,2023-04-28 00:00:00,701S001,0,,,,9.5,,28,4,2023,18,,8.5,,24,,-1,,QC,0,,,,QUEBEC/JEAN LESAGE INTL,26892,0,,,,,,"{""type"": ""Point"", ""coordinates"": [-71.38166666666666, 46.80361111111111]}"
701S001.2023.4.29,2023-04-29 00:00:00,701S001,0,,13,,8.8,,29,4,2023,15.6,,9.2,,52,,2.8,,QC,0,,33,,QUEBEC/JEAN LESAGE INTL,26892,0.2,,,,,,"{""type"": ""Point"", ""coordinates"": [-71.38166666666666, 46.80361111111111]}"
701S001.2023.4.30,2023-04-30 00:00:00,701S001,0,,7,,9,,30,4,2023,11.6,,9,,55,,6.4,,QC,0,,56,,QUEBEC/JEAN LESAGE INTL,26892,16.7,,,,,,"{""type"": ""Point"", ""coordinates"": [-71.38166666666666, 46.80361111111111]}"
701S001.2023.5.1,2023-05-01 00:00:00,701S001,0,,7,,10.8,,1,5,2023,10.3,,7.2,,72,,4.2,,QC,,,62,,QUEBEC/JEAN LESAGE INTL,26892,24.6,,,,,,"{""type"": ""Point"", ""coordinates"": [-71.38166666666666, 46.80361111111111]}"
701S001.2023.5.2,2023-05-02 00:00:00,701S001,0,,12,,8.8,,2,5,2023,12.1,,9.2,,69,,6.3,,QC,,,51,,QUEBEC/JEAN LESAGE INTL,26892,0,,,,,,"{""type"": ""Point"", ""coordinates"": [-71.38166666666666, 46.80361111111111]}"
701S001.2023.5.3,2023-05-03 00:00:00,701S001,0,,6,,11.5,,3,5,2023,8.4,,6.5,,66,,4.5,,QC,,,54,,QUEBEC/JEAN LESAGE INTL,26892,0.2,,,,,,"{""type"": ""Point"", ""coordinates"": [-71.38166666666666, 46.80361111111111]}"
701S001.2023.5.4,2023-05-04 00:00:00,701S001,0,,9,,9.6,,4,5,2023,12,,8.4,,66,,4.8,,QC,,,41,,QUEBEC/JEAN LESAGE INTL,26892,1.4,,,,,,"{""type"": ""Point"", ""coordinates"": [-71.38166666666666, 46.80361111111111]}"
701S001.2023.5.5,2023-05-05 00:00:00,701S001,0,,,,5.6,,5,5,2023,19.5,,12.4,,31,,5.2,,QC,,,,,QUEBEC/JEAN LESAGE INTL,26892,0,,,,,,"{""type"": ""Point"", ""coordinates"": [-71.38166666666666, 46.80361111111111]}"
701S001.2023.5.6,2023-05-06 00:00:00,701S001,0,,31,,2.9,,6,5,2023,24.4,,15.1,,21,,5.9,,QC,,,45,,QUEBEC/JEAN LESAGE INTL,26892,0,,,,,,"{""type"": ""Point"", ""coordinates"": [-71.38166666666666, 46.80361111111111]}"
701S001.2023.5.7,2023-05-07 00:00:00,701S001,0,,31,,5,,7,5,2023,21.8,,13,,24,,4.2,,QC,,,43,,QUEBEC/JEAN LESAGE INTL,26892,0,,,,,,"{""type"": ""Point"", ""coordinates"": [-71.38166666666666, 46.80361111111111]}"
701S001.2023.5.8,2023-05-08 00:00:00,701S001,0,,34,,10.6,,8,5,2023,14.3,,7.4,,22,,0.4,,QC,,,42,,QUEBEC/JEAN LESAGE INTL,26892,0,,,,,,"{""type"": ""Point"", ""coordinates"": [-71.38166666666666, 46.80361111111111]}"
701S001.2023.5.9,2023-05-09 00:00:00,701S001,0,,31,,11,,9,5,2023,15,,7,,19,,-1,,QC,,,35,,QUEBEC/JEAN LESAGE INTL,26892,0,,,,,,"{""type"": ""Point"", ""coordinates"": [-71.38166666666666, 46.80361111111111]}"
701S001.2023.5.10,2023-05-10 00:00:00,701S001,0,,32,,5.7,,10,5,2023,22.7,,12.3,,20,,2,,QC,,,45,,QUEBEC/JEAN LESAGE INTL,26892,0,,,,,,"{""type"": ""Point"", ""coordinates"": [-71.38166666666666, 46.80361111111111]}"
701S001.2023.5.11,2023-05-11 00:00:00,701S001,0,,29,,4.8,,11,5,2023,24.1,,13.2,,24,,2.3,,QC,,,32,,QUEBEC/JEAN LESAGE INTL,26892,0,,,,,,"{""type"": ""Point"", ""coordinates"": [-71.38166666666666, 46.80361111111111]}"
701S001.2023.5.12,2023-05-12 00:00:00,701S001,0,,32,,1.8,,12,5,2023,23.4,,16.2,,39,,9.1,,QC,,,42,,QUEBEC/JEAN LESAGE INTL,26892,0,,,,,,"{""type"": ""Point"", ""coordinates"": [-71.38166666666666, 46.80361111111111]}"
701S001.2023.5.13,2023-05-13 00:00:00,701S001,0,,27,,8.9,,13,5,2023,13.4,,9.1,,35,,4.8,,QC,,,59,,QUEBEC/JEAN LESAGE INTL,26892,0,,,,,,"{""type"": ""Point"", ""coordinates"": [-71.38166666666666, 46.80361111111111]}"
701S001.2023.5.14,2023-05-14 00:00:00,701S001,0,,36,,6.6,,14,5,2023,17.6,,11.4,,18,,5.2,,QC,,,41,,QUEBEC/JEAN LESAGE INTL,26892,0,,,,,,"{""type"": ""Point"", ""coordinates"": [-71.38166666666666, 46.80361111111111]}"
701S001.2023.5.15,2023-05-15 00:00:00,701S001,0,,29,,5.1,,15,5,2023,18.1,,12.9,,34,,7.6,,QC,,,62,,QUEBEC/JEAN LESAGE INTL,26892,0,,,,,,"{""type"": ""Point"", ""coordinates"": [-71.38166666666666, 46.80361111111111]}"
701S001.2023.5.16,2023-05-16 00:00:00,701S001,0,,33,,12.7,,16,5,2023,12.3,,5.3,,48,,-1.6,,QC,,,34,,QUEBEC/JEAN LESAGE INTL,26892,3.1,,,,,,"{""type"": ""Point"", ""coordinates"": [-71.38166666666666, 46.80361111111111]}"
701S001.2023.5.17,2023-05-17 00:00:00,701S001,0,,32,,14.8,,17,5,2023,8.4,,3.2,,28,,-2,,QC,,,51,,QUEBEC/JEAN LESAGE INTL,26892,0,,,,,,"{""type"": ""Point"", ""coordinates"": [-71.38166666666666, 46.80361111111111]}"
701S001.2023.5.18,2023-05-18 00:00:00,701S001,0,,21,,12.4,,18,5,2023,12.7,,5.6,,31,,-1.5,,QC,,,38,,QUEBEC/JEAN LESAGE INTL,26892,0,,,,,,"{""type"": ""Point"", ""coordinates"": [-71.38166666666666, 46.80361111111111]}"
701S001.2023.5.19,2023-05-19 00:00:00,701S001,0,,23,,7,,19,5,2023,23.3,,11,,26,,-1.2,,QC,,,34,,QUEBEC/JEAN LESAGE INTL,26892,0,,,,,,"{""type"": ""Point"", ""coordinates"": [-71.38166666666666, 46.80361111111111]}"
701S001.2023.5.20,2023-05-20 00:00:00,701S001,0,,,,0.9,,20,5,2023,21.1,,17.1,,60,,13,,QC,,,,,QUEBEC/JEAN LESAGE INTL,26892,4.8,,,,,,"{""type"": ""Point"", ""coordinates"": [-71.38166666666666, 46.80361111111111]}"
701S001.2023.5.21,2023-05-21 00:00:00,701S001,0,,25,,6,,21,5,2023,20.4,,12,,30,,3.6,,QC,,,43,,QUEBEC/JEAN LESAGE INTL,26892,18.3,,,,,,"{""type"": ""Point"", ""coordinates"": [-71.38166666666666, 46.80361111111111]}"
701S001.2023.5.22,2023-05-22 00:00:00,701S001,0,,,,11.3,,22,5,2023,14.3,,6.7,,23,,-0.9,,QC,,,,,QUEBEC/JEAN LESAGE INTL,26892,0,,,,,,"{""type"": ""Point"", ""coordinates"": [-71.38166666666666, 46.80361111111111]}"
701S001.2023.5.23,2023-05-23 00:00:00,701S001,0,,,,6.3,,23,5,2023,21.5,,11.7,,25,,1.9,,QC,,,,,QUEBEC/JEAN LESAGE INTL,26892,0,,,,,,"{""type"": ""Point"", ""coordinates"": [-71.38166666666666, 46.80361111111111]}"
701S001.2023.5.24,2023-05-24 00:00:00,701S001,0,,34,,7.8,,24,5,2023,14.2,,10.2,,46,,6.2,,QC,,,31,,QUEBEC/JEAN LESAGE INTL,26892,0.7,,,,,,"{""type"": ""Point"", ""coordinates"": [-71.38166666666666, 46.80361111111111]}"
701S001.2023.5.25,2023-05-25 00:00:00,701S001,0,,8,,8,,25,5,2023,16.9,,10,,28,,3.2,,QC,,,36,,QUEBEC/JEAN LESAGE INTL,26892,0,,,,,,"{""type"": ""Point"", ""coordinates"": [-71.38166666666666, 46.80361111111111]}"
701S001.2023.5.26,2023-05-26 00:00:00,701S001,0,,27,,6.4,,26,5,2023,22.5,,11.6,,23,,0.8,,QC,,,41,,QUEBEC/JEAN LESAGE INTL,26892,0,,,,,,"{""type"": ""Point"", ""coordinates"": [-71.38166666666666, 46.80361111111111]}"
701S001.2023.5.27,2023-05-27 00:00:00,701S001,0,,25,,2.2,,27,5,2023,26.8,,15.8,,30,,4.7,,QC,,,35,,QUEBEC/JEAN LESAGE INTL,26892,0,,,,,,"{""type"": ""Point"", ""coordinates"": [-71.38166666666666, 46.80361111111111]}"
701S001.2023.5.28,2023-05-28 00:00:00,701S001,2.6,,30,,0,,28,5,2023,29.9,,20.6,,17,,11.3,,QC,,,47,,QUEBEC/JEAN LESAGE INTL,26892,0,,,,,,"{""type"": ""Point"", ""coordinates"": [-71.38166666666666, 46.80361111111111]}"
701S001.2023.5.29,2023-05-29 00:00:00,701S001,0,,11,,5.7,,29,5,2023,18.4,,12.3,,29,,6.3,,QC,,,32,,QUEBEC/JEAN LESAGE INTL,26892,0,,,,,,"{""type"": ""Point"", ""coordinates"": [-71.38166666666666, 46.80361111111111]}"
701S001.2023.5.30,2023-05-30 00:00:00,701S001,0,,,,2.7,,30,5,2023,26,,15.3,,20,,4.6,,QC,,,,,QUEBEC/JEAN LESAGE INTL,26892,0,,,,,,"{""type"": ""Point"", ""coordinates"": [-71.38166666666666, 46.80361111111111]}"
701S001.2023.5.31,2023-05-31 00:00:00,701S001,0.6,,27,,0,,31,5,2023,30.3,,18.6,,30,,6.8,,QC,,,32,,QUEBEC/JEAN LESAGE INTL,26892,0,,,,,,"{""type"": ""Point"", ""coordinates"": [-71.38166666666666, 46.80361111111111]}"
701S001.2023.6.1,2023-06-01 00:00:00,701S001,5.1,,7,,0,,1,6,2023,33.9,,23.1,,32,,12.4,,QC,,,50,,QUEBEC/JEAN LESAGE INTL,26892,11.3,,,,,,"{""type"": ""Point"", ""coordinates"": [-71.38166666666666, 46.80361111111111]}"
701S001.2023.6.2,2023-06-02 00:00:00,701S001,0,,9,,3.9,,2,6,2023,18,,14.1,,69,,10.2,,QC,,,56,,QUEBEC/JEAN LESAGE INTL,26892,0,,,,,,"{""type"": ""Point"", ""coordinates"": [-71.38166666666666, 46.80361111111111]}"
701S001.2023.6.3,2023-06-03 00:00:00,701S001,0,,10,,7.9,,3,6,2023,15,,10.1,,35,,5.2,,QC,,,55,,QUEBEC/JEAN LESAGE INTL,26892,0,,,,,,"{""type"": ""Point"", ""coordinates"": [-71.38166666666666, 46.80361111111111]}"
701S001.2023.6.4,2023-06-04 00:00:00,701S001,0,,10,,7.7,,4,6,2023,16.7,,10.3,,40,,3.8,,QC,,,40,,QUEBEC/JEAN LESAGE INTL,26892,0,,,,,,"{""type"": ""Point"", ""coordinates"": [-71.38166666666666, 46.80361111111111]}"
701S001.2023.6.5,2023-06-05 00:00:00,701S001,0,,,,6.2,,5,6,2023,20,,11.8,,36,,3.6,,QC,,,,,QUEBEC/JEAN LESAGE INTL,26892,0,,,,,,"{""type"": ""Point"", ""coordinates"": [-71.38166666666666, 46.80361111111111]}"
701S001.2023.6.6,2023-06-06 00:00:00,701S001,0,,,,5.3,,6,6,2023,16.1,,12.7,,62,,9.2,,QC,,,,,QUEBEC/JEAN LESAGE INTL,26892,3,,,,,,"{""type"": ""Point"", ""coordinates"": [-71.38166666666666, 46.80361111111111]}"
701S001.2023.6.7,2023-06-07 00:00:00,701S001,0,,,,6.3,,7,6,2023,13.5,,11.7,,65,,9.9,,QC,,,,,QUEBEC/JEAN LESAGE INTL,26892,4.9,,,,,,"{""type"": ""Point"", ""coordinates"": [-71.38166666666666, 46.80361111111111]}"
701S001.2023.6.8,2023-06-08 00:00:00,701S001,0,,10,,5.6,,8,6,2023,14.9,,12.4,,75,,9.9,,QC,,,37,,QUEBEC/JEAN LESAGE INTL,26892,0,,,,,,"{""type"": ""Point"", ""coordinates"": [-71.38166666666666, 46.80361111111111]}"
701S001.2023.6.9,2023-06-09 00:00:00,701S001,0,,10,,4.8,,9,6,2023,16,,13.2,,65,,10.4,,QC,,,39,,QUEBEC/JEAN LESAGE INTL,26892,0.5,,,,,,"{""type"": ""Point"", ""coordinates"": [-71.38166666666666, 46.80361111111111]}"
701S001.2023.6.10,2023-06-10 00:00:00,701S001,0,,30,,3.4,,10,6,2023,20.2,,14.6,,57,,8.9,,QC,,,32,,QUEBEC/JEAN LESAGE INTL,26892,0.7,,,,,,"{""type"": ""Point"", ""coordinates"": [-71.38166666666666, 46.80361111111111]}"
701S001.2023.6.11,2023-06-11 00:00:00,701S001,0,,,,0.3,,11,6,2023,24.6,,17.7,,48,,10.7,,QC,,,,,QUEBEC/JEAN LESAGE INTL,26892,0,,,,,,"{""type"": ""Point"", ""coordinates"": [-71.38166666666666, 46.80361111111111]}"
701S001.2023.6.12,2023-06-12 00:00:00,701S001,1.3,,,,0,,12,6,2023,28.3,,19.3,,34,,10.3,,QC,,,,,QUEBEC/JEAN LESAGE INTL,26892,0,,,,,,"{""type"": ""Point"", ""coordinates"": [-71.38166666666666, 46.80361111111111]}"
701S001.2023.6.13,2023-06-13 00:00:00,701S001,0,,13,,1.8,,13,6,2023,21.6,,16.2,,60,,10.7,,QC,,,36,,QUEBEC/JEAN LESAGE INTL,26892,14.5,,,,,,"{""type"": ""Point"", ""coordinates"": [-71.38166666666666, 46.80361111111111]}"
701S001.2023.6.14,2023-06-14 00:00:00,701S001,0,,,,0.6,,14,6,2023,20.6,,17.4,,71,,14.1,,QC,,,,,QUEBEC/JEAN LESAGE INTL,26892,4.4,,,,,,"{""type"": ""Point"", ""coordinates"": [-71.38166666666666, 46.80361111111111]}"
701S001.2023.6.15,2023-06-15 00:00:00,701S001,0,,,,3.9,,15,6,2023,16.8,,14.1,,86,,11.4,,QC,,,,,QUEBEC/JEAN LESAGE INTL,26892,8.1,,,,,,"{""type"": ""Point"", ""coordinates"": [-71.38166666666666, 46.80361111111111]}"
701S001.2023.6.16,2023-06-16 00:00:00,701S001,0,,,,3.5,,16,6,2023,18,,14.5,,66,,11,,QC,,,,,QUEBEC/JEAN LESAGE INTL,26892,0,,,,,,"{""type"": ""Point"", ""coordinates"": [-71.38166666666666, 46.80361111111111]}"
701S001.2023.6.17,2023-06-17 00:00:00,701S001,0,,8,,4.9,,17,6,2023,14.8,,13.1,,85,,11.3,,QC,,,40,,QUEBEC/JEAN LESAGE INTL,26892,14.1,,,,,,"{""type"": ""Point"", ""coordinates"": [-71.38166666666666, 46.80361111111111]}"
701S001.2023.6.18,2023-06-18 00:00:00,701S001,0,,10,,4.6,,18,6,2023,15.7,,13.4,,77,,11,,QC,,,35,,QUEBEC/JEAN LESAGE INTL,26892,1.7,,,,,,"{""type"": ""Point"", ""coordinates"": [-71.38166666666666, 46.80361111111111]}"
701S001.2023.6.19,2023-06-19 00:00:00,701S001,0,,,,3.5,,19,6,2023,19.1,,14.5,,62,,9.8,,QC,,,,,QUEBEC/JEAN LESAGE INTL,26892,2.7,,,,,,"{""type"": ""Point"", ""coordinates"": [-71.38166666666666, 46.80361111111111]}"
701S001.2023.6.20,2023-06-20 00:00:00,701S001,0,,,,2.1,,20,6,2023,22.4,,15.9,,39,,9.5,,QC,,,,,QUEBEC/JEAN LESAGE INTL,26892,0.2,,,,,,"{""type"": ""Point"", ""coordinates"": [-71.38166666666666, 46.80361111111111]}"
701S001.2023.6.21,2023-06-21 00:00:00,701S001,0,,,,0.1,,21,6,2023,26,,17.9,,40,,9.8,,QC,,,,,QUEBEC/JEAN LESAGE INTL,26892,0,,,,,,"{""type"": ""Point"", ""coordinates"": [-71.38166666666666, 46.80361111111111]}"
701S001.2023.6.22,2023-06-22 00:00:00,701S001,0.3,,,,0,,22,6,2023,27.9,,18.3,,38,,8.8,,QC,,,,,QUEBEC/JEAN LESAGE INTL,26892,0,,,,,,"{""type"": ""Point"", ""coordinates"": [-71.38166666666666, 46.80361111111111]}"
701S001.2023.6.23,2023-06-23 00:00:00,701S001,1.5,,,,0,,23,6,2023,29.2,,19.5,,36,,9.7,,QC,,,,,QUEBEC/JEAN LESAGE INTL,26892,0,,,,,,"{""type"": ""Point"", ""coordinates"": [-71.38166666666666, 46.80361111111111]}"
701S001.2023.6.24,2023-06-24 00:00:00,701S001,2.6,,,,0,,24,6,2023,27.3,,20.6,,57,,14,,QC,,,,,QUEBEC/JEAN LESAGE INTL,26892,0,,,,,,"{""type"": ""Point"", ""coordinates"": [-71.38166666666666, 46.80361111111111]}"
701S001.2023.6.25,2023-06-25 00:00:00,701S001,2.5,,,,0,,25,6,2023,26,,20.5,,47,,15.1,,QC,,,,,QUEBEC/JEAN LESAGE INTL,26892,0,,,,,,"{""type"": ""Point"", ""coordinates"": [-71.38166666666666, 46.80361111111111]}"
701S001.2023.6.26,2023-06-26 00:00:00,701S001,0,,6,,0.9,,26,6,2023,19.2,,17.1,,73,,15.1,,QC,,,48,,QUEBEC/JEAN LESAGE INTL,26892,2.1,,,,,,"{""type"": ""Point"", ""coordinates"": [-71.38166666666666, 46.80361111111111]}"
701S001.2023.6.27,2023-06-27 00:00:00,701S001,1.6,,10,,0,,27,6,2023,22.9,,19.6,,75,,16.4,,QC,,,33,,QUEBEC/JEAN LESAGE INTL,26892,3.7,,,,,,"{""type"": ""Point"", ""coordinates"": [-71.38166666666666, 46.80361111111111]}"
701S001.2023.6.28,2023-06-28 00:00:00,701S001,4.2,,,,0,,28,6,2023,27.3,,22.2,,60,,17,,QC,,,,,QUEBEC/JEAN LESAGE INTL,26892,10.8,,,,,,"{""type"": ""Point"", ""coordinates"": [-71.38166666666666, 46.80361111111111]}"
701S001.2023.6.29,2023-06-29 00:00:00,701S001,0,,,,0.5,,29,6,2023,20,,17.5,,86,,15,,QC,,,,,QUEBEC/JEAN LESAGE INTL,26892,3,,,,,,"{""type"": ""Point"", ""coordinates"": [-71.38166666666666, 46.80361111111111]}"
701S001.2023.6.30,2023-06-30 00:00:00,701S001,2.3,,,,0,,30,6,2023,27.2,,20.3,,57,,13.5,,QC,,,,,QUEBEC/JEAN LESAGE INTL,26892,0,,,,,,"{""type"": ""Point"", ""coordinates"": [-71.38166666666666, 46.80361111111111]}"
701S001.2023.7.1,2023-07-01 00:00:00,701S001,3.5,,,,0,,1,7,2023,25.9,,21.5,,68,,17.1,,QC,,,,,QUEBEC/JEAN LESAGE INTL,26892,0.4,,,,,,"{""type"": ""Point"", ""coordinates"": [-71.38166666666666, 46.80361111111111]}"
701S001.2023.7.2,2023-07-02 00:00:00,701S001,3.8,,,,0,,2,7,2023,26.7,,21.8,,68,,17,,QC,,,,,QUEBEC/JEAN LESAGE INTL,26892,19.5,,,,,,"{""type"": ""Point"", ""coordinates"": [-71.38166666666666, 46.80361111111111]}"
701S001.2023.7.3,2023-07-03 00:00:00,701S001,2.8,,,,0,,3,7,2023,25.6,,20.8,,65,,15.9,,QC,,,,,QUEBEC/JEAN LESAGE INTL,26892,0,,,,,,"{""type"": ""Point"", ""coordinates"": [-71.38166666666666, 46.80361111111111]}"
701S001.2023.7.4,2023-07-04 00:00:00,701S001,5.3,,,,0,,4,7,2023,29.8,,23.3,,43,,16.7,,QC,,,,,QUEBEC/JEAN LESAGE INTL,26892,0,,,,,,"{""type"": ""Point"", ""coordinates"": [-71.38166666666666, 46.80361111111111]}"
701S001.2023.7.5,2023-07-05 00:00:00,701S001,5.9,,,,0,,5,7,2023,31.8,,23.9,,43,,16.1,,QC,,,,,QUEBEC/JEAN LESAGE INTL,26892,0,,,,,,"{""type"": ""Point"", ""coordinates"": [-71.38166666666666, 46.80361111111111]}"
701S001.2023.7.6,2023-07-06 00:00:00,701S001,6.8,,,,0,,6,7,2023,32.8,,24.8,,50,,16.8,,QC,,,,,QUEBEC/JEAN LESAGE INTL,26892,0,,,,,,"{""type"": ""Point"", ""coordinates"": [-71.38166666666666, 46.80361111111111]}"
701S001.2023.7.7,2023-07-07 00:00:00,701S001,4.6,,,,0,,7,7,2023,27.7,,22.6,,69,,17.5,,QC,,,,,QUEBEC/JEAN LESAGE INTL,26892,14.5,,,,,,"{""type"": ""Point"", ""coordinates"": [-71.38166666666666, 46.80361111111111]}"
701S001.2023.7.8,2023-07-08 00:00:00,701S001,4.6,,,,0,,8,7,2023,29.6,,22.6,,62,,15.6,,QC,,,,,QUEBEC/JEAN LESAGE INTL,26892,0,,,,,,"{""type"": ""Point"", ""coordinates"": [-71.38166666666666, 46.80361111111111]}"
701S001.2023.7.9,2023-07-09 00:00:00,701S001,5.4,,,,0,,9,7,2023,27.6,,23.4,,56,,19.2,,QC,,,,,QUEBEC/JEAN LESAGE INTL,26892,7.3,,,,,,"{""type"": ""Point"", ""coordinates"": [-71.38166666666666, 46.80361111111111]}"
701S001.2023.7.10,2023-07-10 00:00:00,701S001,2,,,,0,,10,7,2023,21.5,,20,,91,,18.4,,QC,,,,,QUEBEC/JEAN LESAGE INTL,26892,47.4,,,,,,"{""type"": ""Point"", ""coordinates"": [-71.38166666666666, 46.80361111111111]}"
701S001.2023.7.11,2023-07-11 00:00:00,701S001,2,,29,,0,,11,7,2023,24,,20,,74,,16.1,,QC,,,53,,QUEBEC/JEAN LESAGE INTL,26892,30.9,,,,,,"{""type"": ""Point"", ""coordinates"": [-71.38166666666666, 46.80361111111111]}"
701S001.2023.7.12,2023-07-12 00:00:00,701S001,2.3,,,,0,,12,7,2023,26,,20.3,,55,,14.7,,QC,,,,,QUEBEC/JEAN LESAGE INTL,26892,0,,,,,,"{""type"": ""Point"", ""coordinates"": [-71.38166666666666, 46.80361111111111]}"
701S001.2023.7.13,2023-07-13 00:00:00,701S001,0.3,,26,,0,,13,7,2023,21.7,,18.3,,72,,15,,QC,,,62,,QUEBEC/JEAN LESAGE INTL,26892,58.1,,,,,,"{""type"": ""Point"", ""coordinates"": [-71.38166666666666, 46.80361111111111]}"
701S001.2023.7.14,2023-07-14 00:00:00,701S001,3.3,,,,0,,14,7,2023,26,,21.3,,51,,16.6,,QC,,,,,QUEBEC/JEAN LESAGE INTL,26892,0,,,,,,"{""type"": ""Point"", ""coordinates"": [-71.38166666666666, 46.80361111111111]}"
701S001.2023.7.15,2023-07-15 00:00:00,701S001,4.8,,,,0,,15,7,2023,27.3,,22.8,,62,,18.2,,QC,,,,,QUEBEC/JEAN LESAGE INTL,26892,0,,,,,,"{""type"": ""Point"", ""coordinates"": [-71.38166666666666, 46.80361111111111]}"
701S001.2023.7.16,2023-07-16 00:00:00,701S001,2.1,,,,0,,16,7,2023,22.7,,20.1,,92,,17.5,,QC,,,,,QUEBEC/JEAN LESAGE INTL,26892,24.4,,,,,,"{""type"": ""Point"", ""coordinates"": [-71.38166666666666, 46.80361111111111]}"
701S001.2023.7.17,2023-07-17 00:00:00,701S001,4.2,,,,0,,17,7,2023,27.8,,22.2,,60,,16.7,,QC,,,,,QUEBEC/JEAN LESAGE INTL,26892,0.1,,,,,,"{""type"": ""Point"", ""coordinates"": [-71.38166666666666, 46.80361111111111]}"
701S001.2023.7.18,2023-07-18 00:00:00,701S001,2.3,,,,0,,18,7,2023,24.8,,20.3,,67,,15.7,,QC,,,,,QUEBEC/JEAN LESAGE INTL,26892,2.4,,,,,,"{""type"": ""Point"", ""coordinates"": [-71.38166666666666, 46.80361111111111]}"
701S001.2023.7.19,2023-07-19 00:00:00,701S001,2.1,,28,,0,,19,7,2023,25.9,,20.1,,50,,14.4,,QC,,,31,,QUEBEC/JEAN LESAGE INTL,26892,1.1,,,,,,"{""type"": ""Point"", ""coordinates"": [-71.38166666666666, 46.80361111111111]}"
701S001.2023.7.20,2023-07-20 00:00:00,701S001,2.5,,,,0,,20,7,2023,26.4,,20.5,,38,,14.5,,QC,,,,,QUEBEC/JEAN LESAGE INTL,26892,0,,,,,,"{""type"": ""Point"", ""coordinates"": [-71.38166666666666, 46.80361111111111]}"
701S001.2023.7.21,2023-07-21 00:00:00,701S001,0,,14,,0,,21,7,2023,20.9,,18,,75,,15.1,,QC,,,31,,QUEBEC/JEAN LESAGE INTL,26892,6.5,,,,,,"{""type"": ""Point"", ""coordinates"": [-71.38166666666666, 46.80361111111111]}"
701S001.2023.7.22,2023-07-22 00:00:00,701S001,1.5,,,,0,,22,7,2023,21.9,,19.5,,78,,17.1,,QC,,,,,QUEBEC/JEAN LESAGE INTL,26892,6.6,,,,,,"{""type"": ""Point"", ""coordinates"": [-71.38166666666666, 46.80361111111111]}"
701S001.2023.7.23,2023-07-23 00:00:00,701S001,2.2,,,,0,,23,7,2023,26.3,,20.2,,58,,14.1,,QC,,,,,QUEBEC/JEAN LESAGE INTL,26892,0,,,,,,"{""type"": ""Point"", ""coordinates"": [-71.38166666666666, 46.80361111111111]}"
701S001.2023.7.24,2023-07-24 00:00:00,701S001,2.3,,,,0,,24,7,2023,28,,20.3,,55,,12.6,,QC,,,,,QUEBEC/JEAN LESAGE INTL,26892,0,,,,,,"{""type"": ""Point"", ""coordinates"": [-71.38166666666666, 46.80361111111111]}"
701S001.2023.7.25,2023-07-25 00:00:00,701S001,2.5,,26,,0,,25,7,2023,25.5,,20.5,,61,,15.6,,QC,,,33,,QUEBEC/JEAN LESAGE INTL,26892,0,,,,,,"{""type"": ""Point"", ""coordinates"": [-71.38166666666666, 46.80361111111111]}"
701S001.2023.7.26,2023-07-26 00:00:00,701S001,,M,,M,,M,26,7,2023,,M,,M,,M,,M,QC,,,,M,QUEBEC/JEAN LESAGE INTL,26892,,M,,,,,"{""type"": ""Point"", ""coordinates"": [-71.38166666666666, 46.80361111111111]}"
701S001.2023.7.27,2023-07-27 00:00:00,701S001,4.6,,,,0,,27,7,2023,26.1,,22.6,,63,,19.1,,QC,,,,,QUEBEC/JEAN LESAGE INTL,26892,1,,,,,,"{""type"": ""Point"", ""coordinates"": [-71.38166666666666, 46.80361111111111]}"
701S001.2023.7.28,2023-07-28 00:00:00,701S001,3.8,,26,,0,,28,7,2023,27.1,,21.8,,71,,16.5,,QC,,,37,,QUEBEC/JEAN LESAGE INTL,26892,35.7,,,,,,"{""type"": ""Point"", ""coordinates"": [-71.38166666666666, 46.80361111111111]}"
701S001.2023.7.29,2023-07-29 00:00:00,701S001,0,,,,2,,29,7,2023,20.2,,16,,56,,11.8,,QC,,,,,QUEBEC/JEAN LESAGE INTL,26892,0,,,,,,"{""type"": ""Point"", ""coordinates"": [-71.38166666666666, 46.80361111111111]}"
701S001.2023.7.30,2023-07-30 00:00:00,701S001,0,,23,,2,,30,7,2023,21.5,,16,,58,,10.5,,QC,,,36,,QUEBEC/JEAN LESAGE INTL,26892,0,,,,,,"{""type"": ""Point"", ""coordinates"": [-71.38166666666666, 46.80361111111111]}"
701S001.2023.7.31,2023-07-31 00:00:00,701S001,0,,,,1.9,,31,7,2023,20.4,,16.1,,55,,11.8,,QC,,,,,QUEBEC/JEAN LESAGE INTL,26892,8.8,,,,,,"{""type"": ""Point"", ""coordinates"": [-71.38166666666666, 46.80361111111111]}"
701S001.2023.8.1,2023-08-01 00:00:00,701S001,0,,,,2.8,,1,8,2023,21.4,,15.2,,46,,9,,QC,,,,,QUEBEC/JEAN LESAGE INTL,26892,0,,,,,,"{""type"": ""Point"", ""coordinates"": [-71.38166666666666, 46.80361111111111]}"
701S001.2023.8.2,2023-08-02 00:00:00,701S001,0,,,,3.3,,2,8,2023,22,,14.7,,42,,7.5,,QC,,,,,QUEBEC/JEAN LESAGE INTL,26892,0,,,,,,"{""type"": ""Point"", ""coordinates"": [-71.38166666666666, 46.80361111111111]}"
701S001.2023.8.3,2023-08-03 00:00:00,701S001,0,,24,,3,,3,8,2023,19,,15,,77,,10.9,,QC,,,40,,QUEBEC/JEAN LESAGE INTL,26892,9.2,,,,,,"{""type"": ""Point"", ""coordinates"": [-71.38166666666666, 46.80361111111111]}"
701S001.2023.8.4,2023-08-04 00:00:00,701S001,0,,,,0.4,,4,8,2023,21.5,,17.6,,77,,13.7,,QC,,,,,QUEBEC/JEAN LESAGE INTL,26892,10.6,,,,,,"{""type"": ""Point"", ""coordinates"": [-71.38166666666666, 46.80361111111111]}"
701S001.2023.8.5,2023-08-05 00:00:00,701S001,0,,29,,0.5,,5,8,2023,22.8,,17.5,,53,,12.2,,QC,,,45,,QUEBEC/JEAN LESAGE INTL,26892,0,,,,,,"{""type"": ""Point"", ""coordinates"": [-71.38166666666666, 46.80361111111111]}"
701S001.2023.8.6,2023-08-06 00:00:00,701S001,0,,28,,1.3,,6,8,2023,25,,16.7,,47,,8.5,,QC,,,35,,QUEBEC/JEAN LESAGE INTL,26892,0,,,,,,"{""type"": ""Point"", ""coordinates"": [-71.38166666666666, 46.80361111111111]}"
701S001.2023.8.7,2023-08-07 00:00:00,701S001,0,,5,,1.5,,7,8,2023,19.9,,16.5,,75,,13.1,,QC,,,35,,QUEBEC/JEAN LESAGE INTL,26892,3.9,,,,,,"{""type"": ""Point"", ""coordinates"": [-71.38166666666666, 46.80361111111111]}"
701S001.2023.8.8,2023-08-08 00:00:00,701S001,0,,10,,1.5,,8,8,2023,17.2,,16.5,,95,,15.8,,QC,,,34,,QUEBEC/JEAN LESAGE INTL,26892,77.9,,,,,,"{""type"": ""Point"", ""coordinates"": [-71.38166666666666, 46.80361111111111]}"
701S001.2023.8.9,2023-08-09 00:00:00,701S001,0,,32,,0.5,,9,8,2023,22.8,,17.5,,58,,12.2,,QC,,,37,,QUEBEC/JEAN LESAGE INTL,26892,0,,,,,,"{""type"": ""Point"", ""coordinates"": [-71.38166666666666, 46.80361111111111]}"
701S001.2023.8.10,2023-08-10 00:00:00,701S001,0.2,,12,,0,,10,8,2023,24.8,,18.2,,63,,11.7,,QC,,,32,,QUEBEC/JEAN LESAGE INTL,26892,13.9,,,,,,"{""type"": ""Point"", ""coordinates"": [-71.38166666666666, 46.80361111111111]}"
701S001.2023.8.11,2023-08-11 00:00:00,701S001,0,,27,,0.5,,11,8,2023,20.4,,17.5,,78,,14.5,,QC,,,32,,QUEBEC/JEAN LESAGE INTL,26892,5.2,,,,,,"{""type"": ""Point"", ""coordinates"": [-71.38166666666666, 46.80361111111111]}"
701S001.2023.8.12,2023-08-12 00:00:00,701S001,0,,,,0,,12,8,2023,22.8,,18,,51,,13.1,,QC,,,,,QUEBEC/JEAN LESAGE INTL,26892,1,,,,,,"{""type"": ""Point"", ""coordinates"": [-71.38166666666666, 46.80361111111111]}"
701S001.2023.8.13,2023-08-13 00:00:00,701S001,2.5,,,,0,,13,8,2023,23.9,,20.5,,75,,17,,QC,,,,,QUEBEC/JEAN LESAGE INTL,26892,4.2,,,,,,"{""type"": ""Point"", ""coordinates"": [-71.38166666666666, 46.80361111111111]}"
701S001.2023.8.14,2023-08-14 00:00:00,701S001,1,,,,0,,14,8,2023,22.9,,19,,74,,15.1,,QC,,,,,QUEBEC/JEAN LESAGE INTL,26892,3.1,,,,,,"{""type"": ""Point"", ""coordinates"": [-71.38166666666666, 46.80361111111111]}"
701S001.2023.8.15,2023-08-15 00:00:00,701S001,2.5,,,,0,,15,8,2023,25.8,,20.5,,52,,15.3,,QC,,,,,QUEBEC/JEAN LESAGE INTL,26892,0,,,,,,"{""type"": ""Point"", ""coordinates"": [-71.38166666666666, 46.80361111111111]}"
701S001.2023.8.16,2023-08-16 00:00:00,701S001,2.3,,18,,0,,16,8,2023,26.4,,20.3,,60,,14.2,,QC,,,38,,QUEBEC/JEAN LESAGE INTL,26892,0.7,,,,,,"{""type"": ""Point"", ""coordinates"": [-71.38166666666666, 46.80361111111111]}"
701S001.2023.8.17,2023-08-17 00:00:00,701S001,4.8,,15,,0,,17,8,2023,26.7,,22.8,,65,,18.9,,QC,,,38,,QUEBEC/JEAN LESAGE INTL,26892,1.8,,,,,,"{""type"": ""Point"", ""coordinates"": [-71.38166666666666, 46.80361111111111]}"
701S001.2023.8.18,2023-08-18 00:00:00,701S001,1.9,,24,,0,,18,8,2023,23.2,,19.9,,69,,16.6,,QC,,,36,,QUEBEC/JEAN LESAGE INTL,26892,21.8,,,,,,"{""type"": ""Point"", ""coordinates"": [-71.38166666666666, 46.80361111111111]}"
701S001.2023.8.19,2023-08-19 00:00:00,701S001,0,,,,1.3,,19,8,2023,18.6,,16.7,,81,,14.8,,QC,,,,,QUEBEC/JEAN LESAGE INTL,26892,3.2,,,,,,"{""type"": ""Point"", ""coordinates"": [-71.38166666666666, 46.80361111111111]}"
701S001.2023.8.20,2023-08-20 00:00:00,701S001,0.5,,,,0,,20,8,2023,24.7,,18.5,,64,,12.3,,QC,,,,,QUEBEC/JEAN LESAGE INTL,26892,0,,,,,,"{""type"": ""Point"", ""coordinates"": [-71.38166666666666, 46.80361111111111]}"
701S001.2023.8.21,2023-08-21 00:00:00,701S001,0,,33,,1.5,,21,8,2023,21.9,,16.5,,45,,11,,QC,,,32,,QUEBEC/JEAN LESAGE INTL,26892,0,,,,,,"{""type"": ""Point"", ""coordinates"": [-71.38166666666666, 46.80361111111111]}"
701S001.2023.8.22,2023-08-22 00:00:00,701S001,0,,,,2.4,,22,8,2023,22,,15.6,,37,,9.2,,QC,,,,,QUEBEC/JEAN LESAGE INTL,26892,0,,,,,,"{""type"": ""Point"", ""coordinates"": [-71.38166666666666, 46.80361111111111]}"
701S001.2023.8.23,2023-08-23 00:00:00,701S001,0,,28,,1.7,,23,8,2023,25.3,,16.3,,42,,7.2,,QC,,,32,,QUEBEC/JEAN LESAGE INTL,26892,0,,,,,,"{""type"": ""Point"", ""coordinates"": [-71.38166666666666, 46.80361111111111]}"
701S001.2023.8.24,2023-08-24 00:00:00,701S001,0,,,,0.6,,24,8,2023,25.2,,17.4,,49,,9.7,,QC,,,,,QUEBEC/JEAN LESAGE INTL,26892,0,,,,,,"{""type"": ""Point"", ""coordinates"": [-71.38166666666666, 46.80361111111111]}"
701S001.2023.8.25,2023-08-25 00:00:00,701S001,0,,16,,2.2,,25,8,2023,18,,15.8,,80,,13.6,,QC,,,34,,QUEBEC/JEAN LESAGE INTL,26892,6.9,,,,,,"{""type"": ""Point"", ""coordinates"": [-71.38166666666666, 46.80361111111111]}"
701S001.2023.8.26,2023-08-26 00:00:00,701S001,0.1,,,,0,,26,8,2023,21.5,,18.1,,73,,14.6,,QC,,,,,QUEBEC/JEAN LESAGE INTL,26892,1.5,,,,,,"{""type"": ""Point"", ""coordinates"": [-71.38166666666666, 46.80361111111111]}"
701S001.2023.8.27,2023-08-27 00:00:00,701S001,0,,,,1.4,,27,8,2023,22.5,,16.6,,55,,10.6,,QC,,,,,QUEBEC/JEAN LESAGE INTL,26892,0,,,,,,"{""type"": ""Point"", ""coordinates"": [-71.38166666666666, 46.80361111111111]}"
701S001.2023.8.28,2023-08-28 00:00:00,701S001,0,,,,1.9,,28,8,2023,23.6,,16.1,,46,,8.5,,QC,,,,,QUEBEC/JEAN LESAGE INTL,26892,0,,,,,,"{""type"": ""Point"", ""coordinates"": [-71.38166666666666, 46.80361111111111]}"
701S001.2023.8.29,2023-08-29 00:00:00,701S001,0,,,,0.5,,29,8,2023,24.1,,17.5,,62,,10.9,,QC,,,,,QUEBEC/JEAN LESAGE INTL,26892,9.2,,,,,,"{""type"": ""Point"", ""coordinates"": [-71.38166666666666, 46.80361111111111]}"
701S001.2023.8.30,2023-08-30 00:00:00,701S001,0,,,,2.6,,30,8,2023,19.8,,15.4,,77,,11,,QC,,,,,QUEBEC/JEAN LESAGE INTL,26892,6.8,,,,,,"{""type"": ""Point"", ""coordinates"": [-71.38166666666666, 46.80361111111111]}"
701S001.2023.8.31,2023-08-31 00:00:00,701S001,0,,33,,4,,31,8,2023,19.8,,14,,42,,8.2,,QC,,,31,,QUEBEC/JEAN LESAGE INTL,26892,0,,,,,,"{""type"": ""Point"", ""coordinates"": [-71.38166666666666, 46.80361111111111]}"
701S001.2023.9.1,2023-09-01 00:00:00,701S001,0,,,,4.5,,1,9,2023,21.6,,13.5,,50,,5.4,,QC,,,,,QUEBEC/JEAN LESAGE INTL,26892,0,,,,,,"{""type"": ""Point"", ""coordinates"": [-71.38166666666666, 46.80361111111111]}"
701S001.2023.9.2,2023-09-02 00:00:00,701S001,0,,24,,1.3,,2,9,2023,24.3,,16.7,,56,,9.2,,QC,,,36,,QUEBEC/JEAN LESAGE INTL,26892,0,,,,,,"{""type"": ""Point"", ""coordinates"": [-71.38166666666666, 46.80361111111111]}"
701S001.2023.9.3,2023-09-03 00:00:00,701S001,2.7,,,,0,,3,9,2023,25.9,,20.7,,67,,15.4,,QC,,,,,QUEBEC/JEAN LESAGE INTL,26892,0,,,,,,"{""type"": ""Point"", ""coordinates"": [-71.38166666666666, 46.80361111111111]}"
701S001.2023.9.4,2023-09-04 00:00:00,701S001,3.7,,,M,0,,4,9,2023,27.9,,21.7,,67,,15.5,,QC,,,,M,QUEBEC/JEAN LESAGE INTL,26892,0,,,,,,"{""type"": ""Point"", ""coordinates"": [-71.38166666666666, 46.80361111111111]}"
701S001.2023.9.5,2023-09-05 00:00:00,701S001,6.1,,,,0,,5,9,2023,30.7,,24.1,,56,,17.6,,QC,,,,,QUEBEC/JEAN LESAGE INTL,26892,0,,,,,,"{""type"": ""Point"", ""coordinates"": [-71.38166666666666, 46.80361111111111]}"
701S001.2023.9.6,2023-09-06 00:00:00,701S001,5.3,,,,0,,6,9,2023,30,,23.3,,61,,16.6,,QC,,,,,QUEBEC/JEAN LESAGE INTL,26892,0,,,,,,"{""type"": ""Point"", ""coordinates"": [-71.38166666666666, 46.80361111111111]}"
701S001.2023.9.7,2023-09-07 00:00:00,701S001,6.5,,26,,0,,7,9,2023,30,,24.5,,60,,19,,QC,,,31,,QUEBEC/JEAN LESAGE INTL,26892,0,,,,,,"{""type"": ""Point"", ""coordinates"": [-71.38166666666666, 46.80361111111111]}"
701S001.2023.9.8,2023-09-08 00:00:00,701S001,4.2,,,,0,,8,9,2023,25.3,,22.2,,78,,19,,QC,,,,,QUEBEC/JEAN LESAGE INTL,26892,1.4,,,,,,"{""type"": ""Point"", ""coordinates"": [-71.38166666666666, 46.80361111111111]}"
701S001.2023.9.9,2023-09-09 00:00:00,701S001,0,,28,,2.2,,9,9,2023,21.2,,15.8,,64,,10.3,,QC,,,34,,QUEBEC/JEAN LESAGE INTL,26892,0,,,,,,"{""type"": ""Point"", ""coordinates"": [-71.38166666666666, 46.80361111111111]}"
701S001.2023.9.10,2023-09-10 00:00:00,701S001,0,,,,4.2,,10,9,2023,17.2,,13.8,,84,,10.3,,QC,,,,,QUEBEC/JEAN LESAGE INTL,26892,3.1,,,,,,"{""type"": ""Point"", ""coordinates"": [-71.38166666666666, 46.80361111111111]}"
701S001.2023.9.11,2023-09-11 00:00:00,701S001,0,,9,,1,,11,9,2023,20.5,,17,,59,,13.6,,QC,,,33,,QUEBEC/JEAN LESAGE INTL,26892,0,,,,,,"{""type"": ""Point"", ""coordinates"": [-71.38166666666666, 46.80361111111111]}"
701S001.2023.9.12,2023-09-12 00:00:00,701S001,0,,,,2.7,,12,9,2023,17.7,,15.3,,86,,12.9,,QC,,,,,QUEBEC/JEAN LESAGE INTL,26892,0.2,,,,,,"{""type"": ""Point"", ""coordinates"": [-71.38166666666666, 46.80361111111111]}"
701S001.2023.9.13,2023-09-13 00:00:00,701S001,0,,,,0.2,,13,9,2023,19,,17.8,,91,,16.7,,QC,,,,,QUEBEC/JEAN LESAGE INTL,26892,8.3,,,,,,"{""type"": ""Point"", ""coordinates"": [-71.38166666666666, 46.80361111111111]}"
701S001.2023.9.14,2023-09-14 00:00:00,701S001,0,,25,,3.2,,14,9,2023,18.5,,14.8,,64,,11,,QC,,,33,,QUEBEC/JEAN LESAGE INTL,26892,0.1,,,,,,"{""type"": ""Point"", ""coordinates"": [-71.38166666666666, 46.80361111111111]}"
701S001.2023.9.15,2023-09-15 00:00:00,701S001,0,,,,3.8,,15,9,2023,21,,14.2,,53,,7.4,,QC,,,,,QUEBEC/JEAN LESAGE INTL,26892,0,,,,,,"{""type"": ""Point"", ""coordinates"": [-71.38166666666666, 46.80361111111111]}"
701S001.2023.9.16,2023-09-16 00:00:00,701S001,0,,,,3.6,,16,9,2023,18.5,,14.4,,64,,10.3,,QC,,,,,QUEBEC/JEAN LESAGE INTL,26892,0,,,,,,"{""type"": ""Point"", ""coordinates"": [-71.38166666666666, 46.80361111111111]}"
701S001.2023.9.17,2023-09-17 00:00:00,701S001,0,,25,,2.1,,17,9,2023,24,,15.9,,49,,7.7,,QC,,,37,,QUEBEC/JEAN LESAGE INTL,26892,0,,,,,,"{""type"": ""Point"", ""coordinates"": [-71.38166666666666, 46.80361111111111]}"
701S001.2023.9.18,2023-09-18 00:00:00,701S001,0,,,,2.3,,18,9,2023,18.6,,15.7,,81,,12.8,,QC,,,,,QUEBEC/JEAN LESAGE INTL,26892,17.5,,,,,,"{""type"": ""Point"", ""coordinates"": [-71.38166666666666, 46.80361111111111]}"
701S001.2023.9.19,2023-09-19 00:00:00,701S001,0,,,,4.5,,19,9,2023,15.3,,13.5,,90,,11.6,,QC,,,,,QUEBEC/JEAN LESAGE INTL,26892,30.6,,,,,,"{""type"": ""Point"", ""coordinates"": [-71.38166666666666, 46.80361111111111]}"
701S001.2023.9.20,2023-09-20 00:00:00,701S001,0,,,,3.8,,20,9,2023,19.7,,14.2,,69,,8.8,,QC,,,,,QUEBEC/JEAN LESAGE INTL,26892,0,,,,,,"{""type"": ""Point"", ""coordinates"": [-71.38166666666666, 46.80361111111111]}"
701S001.2023.9.21,2023-09-21 00:00:00,701S001,0,,,,4.2,,21,9,2023,20.2,,13.8,,50,,7.4,,QC,,,,,QUEBEC/JEAN LESAGE INTL,26892,0,,,,,,"{""type"": ""Point"", ""coordinates"": [-71.38166666666666, 46.80361111111111]}"
701S001.2023.9.22,2023-09-22 00:00:00,701S001,0,,,,3.9,,22,9,2023,21.3,,14.1,,53,,6.8,,QC,,,,,QUEBEC/JEAN LESAGE INTL,26892,0,,,,,,"{""type"": ""Point"", ""coordinates"": [-71.38166666666666, 46.80361111111111]}"
701S001.2023.9.23,2023-09-23 00:00:00,701S001,0,,,,4.9,,23,9,2023,20.8,,13.1,,62,,5.5,,QC,,,,,QUEBEC/JEAN LESAGE INTL,26892,0,,,,,,"{""type"": ""Point"", ""coordinates"": [-71.38166666666666, 46.80361111111111]}"
701S001.2023.9.24,2023-09-24 00:00:00,701S001,0,,,,2.8,,24,9,2023,22.8,,15.2,,44,,7.7,,QC,,,,,QUEBEC/JEAN LESAGE INTL,26892,0,,,,,,"{""type"": ""Point"", ""coordinates"": [-71.38166666666666, 46.80361111111111]}"
701S001.2023.9.25,2023-09-25 00:00:00,701S001,0,,6,,6.1,,25,9,2023,17,,11.9,,53,,6.8,,QC,,,49,,QUEBEC/JEAN LESAGE INTL,26892,0,,,,,,"{""type"": ""Point"", ""coordinates"": [-71.38166666666666, 46.80361111111111]}"
701S001.2023.9.26,2023-09-26 00:00:00,701S001,0,,,,6.1,,26,9,2023,19,,11.9,,40,,4.7,,QC,,,,,QUEBEC/JEAN LESAGE INTL,26892,0,,,,,,"{""type"": ""Point"", ""coordinates"": [-71.38166666666666, 46.80361111111111]}"
701S001.2023.9.27,2023-09-27 00:00:00,701S001,0,,,,5.3,,27,9,2023,21.4,,12.7,,42,,3.9,,QC,,,,,QUEBEC/JEAN LESAGE INTL,26892,0,,,,,,"{""type"": ""Point"", ""coordinates"": [-71.38166666666666, 46.80361111111111]}"
701S001.2023.9.28,2023-09-28 00:00:00,701S001,0,,,,4.8,,28,9,2023,20.9,,13.2,,45,,5.6,,QC,,,,,QUEBEC/JEAN LESAGE INTL,26892,0,,,,,,"{""type"": ""Point"", ""coordinates"": [-71.38166666666666, 46.80361111111111]}"
701S001.2023.9.29,2023-09-29 00:00:00,701S001,0,,,,4.9,,29,9,2023,20.2,,13.1,,57,,6,,QC,,,,,QUEBEC/JEAN LESAGE INTL,26892,0,,,,,,"{""type"": ""Point"", ""coordinates"": [-71.38166666666666, 46.80361111111111]}"
701S001.2023.9.30,2023-09-30 00:00:00,701S001,0,,,,3.7,,30,9,2023,22,,14.3,,59,,6.6,,QC,,,,,QUEBEC/JEAN LESAGE INTL,26892,0,,,,,,"{""type"": ""Point"", ""coordinates"": [-71.38166666666666, 46.80361111111111]}"
701S001.2023.10.1,2023-10-01 00:00:00,701S001,0,,,,2.3,,1,10,2023,24.1,,15.7,,42,,7.2,,QC,,,,,QUEBEC/JEAN LESAGE INTL,26892,0,,,,,,"{""type"": ""Point"", ""coordinates"": [-71.38166666666666, 46.80361111111111]}"
701S001.2023.10.2,2023-10-02 00:00:00,701S001,0,,,,4.7,,2,10,2023,21.1,,13.3,,45,,5.5,,QC,,,,,QUEBEC/JEAN LESAGE INTL,26892,0.9,,,,,,"{""type"": ""Point"", ""coordinates"": [-71.38166666666666, 46.80361111111111]}"
701S001.2023.10.3,2023-10-03 00:00:00,701S001,0,,24,,0,,3,10,2023,24.8,,18,,66,,11.1,,QC,,,31,,QUEBEC/JEAN LESAGE INTL,26892,0,,,,,,"{""type"": ""Point"", ""coordinates"": [-71.38166666666666, 46.80361111111111]}"
701S001.2023.10.4,2023-10-04 00:00:00,701S001,0,,,,0.9,,4,10,2023,24,,17.1,,67,,10.3,,QC,,,,,QUEBEC/JEAN LESAGE INTL,26892,0,,,,,,"{""type"": ""Point"", ""coordinates"": [-71.38166666666666, 46.80361111111111]}"
701S001.2023.10.5,2023-10-05 00:00:00,701S001,1,,,,0,,5,10,2023,25.9,,19,,60,,12.2,,QC,,,,,QUEBEC/JEAN LESAGE INTL,26892,0,,,,,,"{""type"": ""Point"", ""coordinates"": [-71.38166666666666, 46.80361111111111]}"
701S001.2023.10.6,2023-10-06 00:00:00,701S001,0,,,,0.6,,6,10,2023,24.3,,17.4,,50,,10.4,,QC,,,,,QUEBEC/JEAN LESAGE INTL,26892,0,,,,,,"{""type"": ""Point"", ""coordinates"": [-71.38166666666666, 46.80361111111111]}"
701S001.2023.10.7,2023-10-07 00:00:00,701S001,0.9,,13,,0,,7,10,2023,22.6,,18.9,,60,,15.2,,QC,,,48,,QUEBEC/JEAN LESAGE INTL,26892,7.2,,,,,,"{""type"": ""Point"", ""coordinates"": [-71.38166666666666, 46.80361111111111]}"
701S001.2023.10.8,2023-10-08 00:00:00,701S001,0,,23,,6.6,,8,10,2023,15.5,,11.4,,68,,7.3,,QC,,,36,,QUEBEC/JEAN LESAGE INTL,26892,16.7,,,,,,"{""type"": ""Point"", ""coordinates"": [-71.38166666666666, 46.80361111111111]}"
701S001.2023.10.9,2023-10-09 00:00:00,701S001,0,,,,8,,9,10,2023,14,,10,,62,,6,,QC,,,,,QUEBEC/JEAN LESAGE INTL,26892,0.3,,,,,,"{""type"": ""Point"", ""coordinates"": [-71.38166666666666, 46.80361111111111]}"
701S001.2023.10.10,2023-10-10 00:00:00,701S001,0,,,,8.8,,10,10,2023,15.6,,9.2,,49,,2.8,,QC,,,,,QUEBEC/JEAN LESAGE INTL,26892,0,,,,,,"{""type"": ""Point"", ""coordinates"": [-71.38166666666666, 46.80361111111111]}"
701S001.2023.10.11,2023-10-11 00:00:00,701S001,0,,,,9.3,,11,10,2023,11.3,,8.7,,78,,6.1,,QC,,,,,QUEBEC/JEAN LESAGE INTL,26892,4.3,,,,,,"{""type"": ""Point"", ""coordinates"": [-71.38166666666666, 46.80361111111111]}"
701S001.2023.10.12,2023-10-12 00:00:00,701S001,0,,,,9.3,,12,10,2023,13.1,,8.7,,66,,4.3,,QC,,,,,QUEBEC/JEAN LESAGE INTL,26892,1.3,,,,,,"{""type"": ""Point"", ""coordinates"": [-71.38166666666666, 46.80361111111111]}"
701S001.2023.10.13,2023-10-13 00:00:00,701S001,0,,33,,8,,13,10,2023,15.8,,10,,51,,4.2,,QC,,,35,,QUEBEC/JEAN LESAGE INTL,26892,0,,,,,,"{""type"": ""Point"", ""coordinates"": [-71.38166666666666, 46.80361111111111]}"
701S001.2023.10.14,2023-10-14 00:00:00,701S001,0,,36,,7.3,,14,10,2023,14.9,,10.7,,52,,6.5,,QC,,,34,,QUEBEC/JEAN LESAGE INTL,26892,0,,,,,,"{""type"": ""Point"", ""coordinates"": [-71.38166666666666, 46.80361111111111]}"
701S001.2023.10.15,2023-10-15 00:00:00,701S001,0,,,,9.3,,15,10,2023,13.6,,8.7,,65,,3.8,,QC,,,,,QUEBEC/JEAN LESAGE INTL,26892,1.7,,,,,,"{""type"": ""Point"", ""coordinates"": [-71.38166666666666, 46.80361111111111]}"
701S001.2023.10.16,2023-10-16 00:00:00,701S001,0,,,,7.8,,16,10,2023,13,,10.2,,69,,7.4,,QC,,,,,QUEBEC/JEAN LESAGE INTL,26892,0.8,,,,,,"{""type"": ""Point"", ""coordinates"": [-71.38166666666666, 46.80361111111111]}"
701S001.2023.10.17,2023-10-17 00:00:00,701S001,0,,,,9.9,,17,10,2023,13.6,,8.1,,65,,2.6,,QC,,,,,QUEBEC/JEAN LESAGE INTL,26892,0.3,,,,,,"{""type"": ""Point"", ""coordinates"": [-71.38166666666666, 46.80361111111111]}"
701S001.2023.10.18,2023-10-18 00:00:00,701S001,0,,,,10.3,,18,10,2023,14.4,,7.7,,56,,1,,QC,,,,,QUEBEC/JEAN LESAGE INTL,26892,0,,,,,,"{""type"": ""Point"", ""coordinates"": [-71.38166666666666, 46.80361111111111]}"
701S001.2023.10.19,2023-10-19 00:00:00,701S001,0,,27,,6.8,,19,10,2023,15.5,,11.2,,55,,7,,QC,,,34,,QUEBEC/JEAN LESAGE INTL,26892,0,,,,,,"{""type"": ""Point"", ""coordinates"": [-71.38166666666666, 46.80361111111111]}"
701S001.2023.10.20,2023-10-20 00:00:00,701S001,0,,,,6.8,,20,10,2023,16.6,,11.2,,63,,5.8,,QC,,,,,QUEBEC/JEAN LESAGE INTL,26892,0,,,,,,"{""type"": ""Point"", ""coordinates"": [-71.38166666666666, 46.80361111111111]}"
701S001.2023.10.21,2023-10-21 00:00:00,701S001,0,,,,5.3,,21,10,2023,13.7,,12.7,,85,,11.7,,QC,,,,,QUEBEC/JEAN LESAGE INTL,26892,18.1,,,,,,"{""type"": ""Point"", ""coordinates"": [-71.38166666666666, 46.80361111111111]}"
701S001.2023.10.22,2023-10-22 00:00:00,701S001,0,,,,7.6,,22,10,2023,12.3,,10.4,,78,,8.4,,QC,,,,,QUEBEC/JEAN LESAGE INTL,26892,6.2,,,,,,"{""type"": ""Point"", ""coordinates"": [-71.38166666666666, 46.80361111111111]}"
701S001.2023.10.23,2023-10-23 00:00:00,701S001,0,,,,12.2,,23,10,2023,12.2,,5.8,,46,,-0.5,,QC,,,,,QUEBEC/JEAN LESAGE INTL,26892,1.7,,,,,,"{""type"": ""Point"", ""coordinates"": [-71.38166666666666, 46.80361111111111]}"
701S001.2023.10.24,2023-10-24 00:00:00,701S001,0,,,,13.7,,24,10,2023,9.6,,4.3,,76,,-1,,QC,,,,,QUEBEC/JEAN LESAGE INTL,26892,0,,,,,,"{""type"": ""Point"", ""coordinates"": [-71.38166666666666, 46.80361111111111]}"
701S001.2023.10.25,2023-10-25 00:00:00,701S001,0,,,,6.3,,25,10,2023,15.5,,11.7,,85,,7.9,,QC,,,,,QUEBEC/JEAN LESAGE INTL,26892,6.7,,,,,,"{""type"": ""Point"", ""coordinates"": [-71.38166666666666, 46.80361111111111]}"
701S001.2023.10.26,2023-10-26 00:00:00,701S001,0,,,,4.9,,26,10,2023,15.9,,13.1,,81,,10.3,,QC,,,,,QUEBEC/JEAN LESAGE INTL,26892,3.2,,,,,,"{""type"": ""Point"", ""coordinates"": [-71.38166666666666, 46.80361111111111]}"
701S001.2023.10.27,2023-10-27 00:00:00,701S001,0,,,,7.3,,27,10,2023,12.2,,10.7,,95,,9.1,,QC,,,,,QUEBEC/JEAN LESAGE INTL,26892,18.9,,,,,,"{""type"": ""Point"", ""coordinates"": [-71.38166666666666, 46.80361111111111]}"
701S001.2023.10.28,2023-10-28 00:00:00,701S001,0,,30,,8.6,,28,10,2023,17.6,,9.4,,57,,1.1,,QC,,,53,,QUEBEC/JEAN LESAGE INTL,26892,4.7,,,,,,"{""type"": ""Point"", ""coordinates"": [-71.38166666666666, 46.80361111111111]}"
701S001.2023.10.29,2023-10-29 00:00:00,701S001,0,,,,15.5,,29,10,2023,5.5,,2.5,,50,,-0.4,,QC,,,,,QUEBEC/JEAN LESAGE INTL,26892,0,,,,,,"{""type"": ""Point"", ""coordinates"": [-71.38166666666666, 46.80361111111111]}"
701S001.2023.10.30,2023-10-30 00:00:00,701S001,0,,27,,16.6,,30,10,2023,2.7,,1.4,,71,,0.1,,QC,,,33,,QUEBEC/JEAN LESAGE INTL,26892,13.6,,,,,,"{""type"": ""Point"", ""coordinates"": [-71.38166666666666, 46.80361111111111]}"
701S001.2023.10.31,2023-10-31 00:00:00,701S001,0,,,,19.9,,31,10,2023,2.1,,-1.9,,64,,-5.9,,QC,,,,,QUEBEC/JEAN LESAGE INTL,26892,0,,,,,,"{""type"": ""Point"", ""coordinates"": [-71.38166666666666, 46.80361111111111]}"
701S001.2023.11.1,2023-11-01 00:00:00,701S001,0,,,,19.9,,1,11,2023,2.5,,-1.9,,44,,-6.3,,QC,2,,,,QUEBEC/JEAN LESAGE INTL,26892,0,,,,,,"{""type"": ""Point"", ""coordinates"": [-71.38166666666666, 46.80361111111111]}"
701S001.2023.11.2,2023-11-02 00:00:00,701S001,0,,25,,18.9,,2,11,2023,4.1,,-0.9,,56,,-5.9,,QC,2,,34,,QUEBEC/JEAN LESAGE INTL,26892,0,,,,,,"{""type"": ""Point"", ""coordinates"": [-71.38166666666666, 46.80361111111111]}"
701S001.2023.11.3,2023-11-03 00:00:00,701S001,0,,26,,11.4,,3,11,2023,10.9,,6.6,,44,,2.3,,QC,,,63,,QUEBEC/JEAN LESAGE INTL,26892,0,,,,,,"{""type"": ""Point"", ""coordinates"": [-71.38166666666666, 46.80361111111111]}"
701S001.2023.11.4,2023-11-04 00:00:00,701S001,0,,25,,16,,4,11,2023,8.2,,2,,52,,-4.2,,QC,,,37,,QUEBEC/JEAN LESAGE INTL,26892,3,,,,,,"{""type"": ""Point"", ""coordinates"": [-71.38166666666666, 46.80361111111111]}"
701S001.2023.11.5,2023-11-05 00:00:00,701S001,0,,,,18,,5,11,2023,5.8,,0,,51,,-5.7,,QC,,,,,QUEBEC/JEAN LESAGE INTL,26892,0,,,,,,"{""type"": ""Point"", ""coordinates"": [-71.38166666666666, 46.80361111111111]}"
701S001.2023.11.6,2023-11-06 00:00:00,701S001,0,,,,20,,6,11,2023,2.5,,-2,,47,,-6.5,,QC,,,,,QUEBEC/JEAN LESAGE INTL,26892,7.5,,,,,,"{""type"": ""Point"", ""coordinates"": [-71.38166666666666, 46.80361111111111]}"
701S001.2023.11.7,2023-11-07 00:00:00,701S001,0,,26,,15,,7,11,2023,5.8,,3,,65,,0.1,,QC,3,,43,,QUEBEC/JEAN LESAGE INTL,26892,19.6,,,,,,"{""type"": ""Point"", ""coordinates"": [-71.38166666666666, 46.80361111111111]}"
701S001.2023.11.8,2023-11-08 00:00:00,701S001,0,,33,,19,,8,11,2023,2,,-1,,50,,-4,,QC,,,52,,QUEBEC/JEAN LESAGE INTL,26892,0,,,,,,"{""type"": ""Point"", ""coordinates"": [-71.38166666666666, 46.80361111111111]}"
701S001.2023.11.9,2023-11-09 00:00:00,701S001,0,,8,,20.7,,9,11,2023,-0.7,,-2.7,,67,,-4.7,,QC,,,35,,QUEBEC/JEAN LESAGE INTL,26892,3.6,,,,,,"{""type"": ""Point"", ""coordinates"": [-71.38166666666666, 46.80361111111111]}"
701S001.2023.11.10,2023-11-10 00:00:00,701S001,0,,28,,16.7,,10,11,2023,3.3,,1.3,,65,,-0.7,,QC,4,,37,,QUEBEC/JEAN LESAGE INTL,26892,1.6,,,,,,"{""type"": ""Point"", ""coordinates"": [-71.38166666666666, 46.80361111111111]}"
701S001.2023.11.11,2023-11-11 00:00:00,701S001,0,,30,,18.9,,11,11,2023,1.2,,-0.9,,59,,-3.1,,QC,,,33,,QUEBEC/JEAN LESAGE INTL,26892,0,,,,,,"{""type"": ""Point"", ""coordinates"": [-71.38166666666666, 46.80361111111111]}"
701S001.2023.11.12,2023-11-12 00:00:00,701S001,0,,,,20.3,,12,11,2023,1.6,,-2.3,,53,,-6.2,,QC,,,,,QUEBEC/JEAN LESAGE INTL,26892,0,,,,,,"{""type"": ""Point"", ""coordinates"": [-71.38166666666666, 46.80361111111111]}"
701S001.2023.11.13,2023-11-13 00:00:00,701S001,0,,,,20.5,,13,11,2023,2,,-2.5,,55,,-6.9,,QC,,,,,QUEBEC/JEAN LESAGE INTL,26892,0,,,,,,"{""type"": ""Point"", ""coordinates"": [-71.38166666666666, 46.80361111111111]}"
701S001.2023.11.14,2023-11-14 00:00:00,701S001,0,,,,19.1,,14,11,2023,1.5,,-1.1,,72,,-3.6,,QC,,,,,QUEBEC/JEAN LESAGE INTL,26892,0,,,,,,"{""type"": ""Point"", ""coordinates"": [-71.38166666666666, 46.80361111111111]}"
701S001.2023.11.15,2023-11-15 00:00:00,701S001,0,,,,15.1,,15,11,2023,6.4,,2.9,,64,,-0.6,,QC,,,,,QUEBEC/JEAN LESAGE INTL,26892,0,,,,,,"{""type"": ""Point"", ""coordinates"": [-71.38166666666666, 46.80361111111111]}"
701S001.2023.11.16,2023-11-16 00:00:00,701S001,0,,,,15.2,,16,11,2023,7.9,,2.8,,60,,-2.4,,QC,,,,,QUEBEC/JEAN LESAGE INTL,26892,0,,,,,,"{""type"": ""Point"", ""coordinates"": [-71.38166666666666, 46.80361111111111]}"
701S001.2023.11.17,2023-11-17 00:00:00,701S001,0,,31,,14.5,,17,11,2023,9.9,,3.5,,62,,-2.9,,QC,,,42,,QUEBEC/JEAN LESAGE INTL,26892,10.6,,,,,,"{""type"": ""Point"", ""coordinates"": [-71.38166666666666, 46.80361111111111]}"
701S001.2023.11.18,2023-11-18 00:00:00,701S001,0,,28,,17.3,,18,11,2023,5.3,,0.7,,56,,-4,,QC,,,31,,QUEBEC/JEAN LESAGE INTL,26892,0,,,,,,"{""type"": ""Point"", ""coordinates"": [-71.38166666666666, 46.80361111111111]}"
701S001.2023.11.19,2023-11-19 00:00:00,701S001,0,,,,20.6,,19,11,2023,1.1,,-2.6,,72,,-6.3,,QC,,,,,QUEBEC/JEAN LESAGE INTL,26892,3.3,,,,,,"{""type"": ""Point"", ""coordinates"": [-71.38166666666666, 46.80361111111111]}"
701S001.2023.11.20,2023-11-20 00:00:00,701S001,0,,31,,22.3,,20,11,2023,-0.7,,-4.3,,57,,-7.9,,QC,,,35,,QUEBEC/JEAN LESAGE INTL,26892,0,,,,,,"{""type"": ""Point"", ""coordinates"": [-71.38166666666666, 46.80361111111111]}"
701S001.2023.11.21,2023-11-21 00:00:00,701S001,0,,,,24.3,,21,11,2023,-0.3,,-6.3,,52,,-12.3,,QC,,,,,QUEBEC/JEAN LESAGE INTL,26892,0.2,,,,,,"{""type"": ""Point"", ""coordinates"": [-71.38166666666666, 46.80361111111111]}"
701S001.2023.11.22,2023-11-22 00:00:00,701S001,0,,,,18.8,,22,11,2023,1.3,,-0.8,,93,,-2.8,,QC,9,,,,QUEBEC/JEAN LESAGE INTL,26892,17.6,,,,,,"{""type"": ""Point"", ""coordinates"": [-71.38166666666666, 46.80361111111111]}"
701S001.2023.11.23,2023-11-23 00:00:00,701S001,0,,,,17.2,,23,11,2023,2.3,,0.8,,83,,-0.7,,QC,6,,,,QUEBEC/JEAN LESAGE INTL,26892,0.5,,,,,,"{""type"": ""Point"", ""coordinates"": [-71.38166666666666, 46.80361111111111]}"
701S001.2023.11.24,2023-11-24 00:00:00,701S001,0,,28,,23.6,,24,11,2023,0.2,,-5.6,,57,,-11.5,,QC,3,,43,,QUEBEC/JEAN LESAGE INTL,26892,0.4,,,,,,"{""type"": ""Point"", ""coordinates"": [-71.38166666666666, 46.80361111111111]}"
701S001.2023.11.25,2023-11-25 00:00:00,701S001,0,,,,26.9,,25,11,2023,-1.7,,-8.9,,61,,-16,,QC,5,,,,QUEBEC/JEAN LESAGE INTL,26892,0,,,,,,"{""type"": ""Point"", ""coordinates"": [-71.38166666666666, 46.80361111111111]}"
701S001.2023.11.26,2023-11-26 00:00:00,701S001,0,,,,20.7,,26,11,2023,2.3,,-2.7,,66,,-7.7,,QC,5,,,,QUEBEC/JEAN LESAGE INTL,26892,0.4,,,,,,"{""type"": ""Point"", ""coordinates"": [-71.38166666666666, 46.80361111111111]}"
701S001.2023.11.27,2023-11-27 00:00:00,701S001,0,,,,17.3,,27,11,2023,1.6,,0.7,,77,,-0.3,,QC,24,,,,QUEBEC/JEAN LESAGE INTL,26892,38.5,,,,,,"{""type"": ""Point"", ""coordinates"": [-71.38166666666666, 46.80361111111111]}"
701S001.2023.11.28,2023-11-28 00:00:00,701S001,0,,26,,22,,28,11,2023,-0.2,,-4,,58,,-7.8,,QC,21,,44,,QUEBEC/JEAN LESAGE INTL,26892,0,,,,,,"{""type"": ""Point"", ""coordinates"": [-71.38166666666666, 46.80361111111111]}"
701S001.2023.11.29,2023-11-29 00:00:00,701S001,0,,26,,26.3,,29,11,2023,-5.3,,-8.3,,51,,-11.2,,QC,21,,32,,QUEBEC/JEAN LESAGE INTL,26892,1.1,,,,,,"{""type"": ""Point"", ""coordinates"": [-71.38166666666666, 46.80361111111111]}"
701S001.2023.11.30,2023-11-30 00:00:00,701S001,0,,,,19.7,,30,11,2023,3.5,,-1.7,,69,,-6.9,,QC,24,,,,QUEBEC/JEAN LESAGE INTL,26892,2,,,,,,"{""type"": ""Point"", ""coordinates"": [-71.38166666666666, 46.80361111111111]}"
701S001.2023.12.1,2023-12-01 00:00:00,701S001,0,,,,16.5,,1,12,2023,4.5,,1.5,,69,,-1.4,,QC,24,,,,QUEBEC/JEAN LESAGE INTL,26892,0,,,,,,"{""type"": ""Point"", ""coordinates"": [-71.38166666666666, 46.80361111111111]}"
701S001.2023.12.2,2023-12-02 00:00:00,701S001,0,,,,17.8,,2,12,2023,1.4,,0.2,,82,,-0.9,,QC,24,,,,QUEBEC/JEAN LESAGE INTL,26892,2.7,,,,,,"{""type"": ""Point"", ""coordinates"": [-71.38166666666666, 46.80361111111111]}"
701S001.2023.12.3,2023-12-03 00:00:00,701S001,0,,9,,20.5,,3,12,2023,-0.9,,-2.5,,73,,-4.1,,QC,23,,50,,QUEBEC/JEAN LESAGE INTL,26892,0,,,,,,"{""type"": ""Point"", ""coordinates"": [-71.38166666666666, 46.80361111111111]}"
701S001.2023.12.4,2023-12-04 00:00:00,701S001,0,,5,,22.6,,4,12,2023,-3.6,,-4.6,,71,,-5.6,,QC,24,,51,,QUEBEC/JEAN LESAGE INTL,26892,2.2,,,,,,"{""type"": ""Point"", ""coordinates"": [-71.38166666666666, 46.80361111111111]}"
701S001.2023.12.5,2023-12-05 00:00:00,701S001,0,,,,30.7,,5,12,2023,-5,,-12.7,,65,,-20.5,,QC,22,,,,QUEBEC/JEAN LESAGE INTL,26892,0.1,,,,,,"{""type"": ""Point"", ""coordinates"": [-71.38166666666666, 46.80361111111111]}"
701S001.2023.12.6,2023-12-06 00:00:00,701S001,0,,,,34,,6,12,2023,-9.6,,-16,,74,,-22.5,,QC,22,,,,QUEBEC/JEAN LESAGE INTL,26892,0,,,,,,"{""type"": ""Point"", ""coordinates"": [-71.38166666666666, 46.80361111111111]}"
701S001.2023.12.7,2023-12-07 00:00:00,701S001,0,,,,34.8,,7,12,2023,-10.9,,-16.8,,71,,-22.6,,QC,21,,,,QUEBEC/JEAN LESAGE INTL,26892,0,,,,,,"{""type"": ""Point"", ""coordinates"": [-71.38166666666666, 46.80361111111111]}"
701S001.2023.12.8,2023-12-08 00:00:00,701S001,0,,,,34,,8,12,2023,-9,,-16,,68,,-23.1,,QC,22,,,,QUEBEC/JEAN LESAGE INTL,26892,0,,,,,,"{""type"": ""Point"", ""coordinates"": [-71.38166666666666, 46.80361111111111]}"
701S001.2023.12.9,2023-12-09 00:00:00,701S001,0,,,,26.5,,9,12,2023,-1.1,,-8.5,,73,,-15.8,,QC,22,,,,QUEBEC/JEAN LESAGE INTL,26892,0,,,,,,"{""type"": ""Point"", ""coordinates"": [-71.38166666666666, 46.80361111111111]}"
701S001.2023.12.10,2023-12-10 00:00:00,701S001,0,,,,16.4,,10,12,2023,4.4,,1.6,,83,,-1.3,,QC,22,,,,QUEBEC/JEAN LESAGE INTL,26892,12.6,,,,,,"{""type"": ""Point"", ""coordinates"": [-71.38166666666666, 46.80361111111111]}"
701S001.2023.12.11,2023-12-11 00:00:00,701S001,0,,28,,18.9,,11,12,2023,2.7,,-0.9,,68,,-4.5,,QC,18,,47,,QUEBEC/JEAN LESAGE INTL,26892,8.8,,,,,,"{""type"": ""Point"", ""coordinates"": [-71.38166666666666, 46.80361111111111]}"
701S001.2023.12.12,2023-12-12 00:00:00,701S001,0,,28,,21.5,,12,12,2023,1,,-3.5,,63,,-8.1,,QC,18,,42,,QUEBEC/JEAN LESAGE INTL,26892,0.6,,,,,,"{""type"": ""Point"", ""coordinates"": [-71.38166666666666, 46.80361111111111]}"
701S001.2023.12.13,2023-12-13 00:00:00,701S001,0,,28,,23.3,,13,12,2023,-0.2,,-5.3,,51,,-10.3,,QC,18,,47,,QUEBEC/JEAN LESAGE INTL,26892,0,,,,,,"{""type"": ""Point"", ""coordinates"": [-71.38166666666666, 46.80361111111111]}"
701S001.2023.12.14,2023-12-14 00:00:00,701S001,0,,25,,25.7,,14,12,2023,-2.8,,-7.7,,62,,-12.6,,QC,18,,33,,QUEBEC/JEAN LESAGE INTL,26892,0,,,,,,"{""type"": ""Point"", ""coordinates"": [-71.38166666666666, 46.80361111111111]}"
701S001.2023.12.15,2023-12-15 00:00:00,701S001,0,,26,,18,,15,12,2023,3.8,,0,,59,,-3.7,,QC,18,,45,,QUEBEC/JEAN LESAGE INTL,26892,0,,,,,,"{""type"": ""Point"", ""coordinates"": [-71.38166666666666, 46.80361111111111]}"
701S001.2023.12.16,2023-12-16 00:00:00,701S001,0,,29,,20.7,,16,12,2023,3.7,,-2.7,,42,,-9.1,,QC,16,,31,,QUEBEC/JEAN LESAGE INTL,26892,0,,,,,,"{""type"": ""Point"", ""coordinates"": [-71.38166666666666, 46.80361111111111]}"
701S001.2023.12.17,2023-12-17 00:00:00,701S001,0,,,,18.6,,17,12,2023,4.5,,-0.6,,60,,-5.7,,QC,16,,,,QUEBEC/JEAN LESAGE INTL,26892,8.5,,,,,,"{""type"": ""Point"", ""coordinates"": [-71.38166666666666, 46.80361111111111]}"
701S001.2023.12.18,2023-12-18 00:00:00,701S001,0,,7,,11.2,,18,12,2023,11.5,,6.8,,89,,2.1,,QC,14,,45,,QUEBEC/JEAN LESAGE INTL,26892,42.7,,,,,,"{""type"": ""Point"", ""coordinates"": [-71.38166666666666, 46.80361111111111]}"
701S001.2023.12.19,2023-12-19 00:00:00,701S001,0,,28,,18.3,,19,12,2023,4.1,,-0.3,,71,,-4.6,,QC,3,,39,,QUEBEC/JEAN LESAGE INTL,26892,0.1,,,,,,"{""type"": ""Point"", ""coordinates"": [-71.38166666666666, 46.80361111111111]}"
701S001.2023.12.20,2023-12-20 00:00:00,701S001,0,,,,23.1,,20,12,2023,-2.8,,-5.1,,57,,-7.5,,QC,2,,,,QUEBEC/JEAN LESAGE INTL,26892,0,,,,,,"{""type"": ""Point"", ""coordinates"": [-71.38166666666666, 46.80361111111111]}"
701S001.2023.12.21,2023-12-21 00:00:00,701S001,0,,35,,25.7,,21,12,2023,-3.6,,-7.7,,41,,-11.8,,QC,3,,32,,QUEBEC/JEAN LESAGE INTL,26892,0,,,,,,"{""type"": ""Point"", ""coordinates"": [-71.38166666666666, 46.80361111111111]}"
701S001.2023.12.22,2023-12-22 00:00:00,701S001,0,,,,26.9,,22,12,2023,-5.6,,-8.9,,47,,-12.3,,QC,3,,,,QUEBEC/JEAN LESAGE INTL,26892,0,,,,,,"{""type"": ""Point"", ""coordinates"": [-71.38166666666666, 46.80361111111111]}"
701S001.2023.12.23,2023-12-23 00:00:00,701S001,0,,,,21.5,,23,12,2023,0.7,,-3.5,,45,,-7.8,,QC,3,,,,QUEBEC/JEAN LESAGE INTL,26892,0,,,,,,"{""type"": ""Point"", ""coordinates"": [-71.38166666666666, 46.80361111111111]}"
701S001.2023.12.24,2023-12-24 00:00:00,701S001,0,,,,19.6,,24,12,2023,3.2,,-1.6,,50,,-6.5,,QC,3,,,,QUEBEC/JEAN LESAGE INTL,26892,0,,,,,,"{""type"": ""Point"", ""coordinates"": [-71.38166666666666, 46.80361111111111]}"
701S001.2023.12.25,2023-12-25 00:00:00,701S001,0,,,,18.3,,25,12,2023,2.9,,-0.3,,73,,-3.5,,QC,3,,,,QUEBEC/JEAN LESAGE INTL,26892,0,,,,,,"{""type"": ""Point"", ""coordinates"": [-71.38166666666666, 46.80361111111111]}"
701S001.2023.12.26,2023-12-26 00:00:00,701S001,0,,,,15.8,,26,12,2023,3.6,,2.2,,85,,0.7,,QC,1,,,,QUEBEC/JEAN LESAGE INTL,26892,0.1,,,,,,"{""type"": ""Point"", ""coordinates"": [-71.38166666666666, 46.80361111111111]}"
701S001.2023.12.27,2023-12-27 00:00:00,701S001,0,,,,16.7,,27,12,2023,2.1,,1.3,,53,,0.6,,QC,,,,,QUEBEC/JEAN LESAGE INTL,26892,0,,,,,,"{""type"": ""Point"", ""coordinates"": [-71.38166666666666, 46.80361111111111]}"
701S001.2023.12.28,2023-12-28 00:00:00,701S001,0,,,,17.3,,28,12,2023,2,,0.7,,55,,-0.6,,QC,,,,,QUEBEC/JEAN LESAGE INTL,26892,0,,,,,,"{""type"": ""Point"", ""coordinates"": [-71.38166666666666, 46.80361111111111]}"
701S001.2023.12.29,2023-12-29 00:00:00,701S001,0,,9,,17.6,,29,12,2023,1.1,,0.4,,81,,-0.3,,QC,,,33,,QUEBEC/JEAN LESAGE INTL,26892,8.9,,,,,,"{""type"": ""Point"", ""coordinates"": [-71.38166666666666, 46.80361111111111]}"
701S001.2023.12.30,2023-12-30 00:00:00,701S001,0,,,,19.2,,30,12,2023,0.4,,-1.2,,83,,-2.8,,QC,0,,,,QUEBEC/JEAN LESAGE INTL,26892,2.6,,,,,,"{""type"": ""Point"", ""coordinates"": [-71.38166666666666, 46.80361111111111]}"
701S001.2023.12.31,2023-12-31 00:00:00,701S001,0,,,,24.4,,31,12,2023,-2.8,,-6.4,,68,,-9.9,,QC,2,,,,QUEBEC/JEAN LESAGE INTL,26892,0,,,,,,"{""type"": ""Point"", ""coordinates"": [-71.38166666666666, 46.80361111111111]}"
701S001.2024.1.1,2024-01-01 00:00:00,701S001,0,,,,25.1,,1,1,2024,-5.5,,-7.1,,61,,-8.7,,QC,2,,,,QUEBEC/JEAN LESAGE INTL,26892,0,,,,,,"{""type"": ""Point"", ""coordinates"": [-71.38166666666666, 46.80361111111111]}"
701S001.2024.1.2,2024-01-02 00:00:00,701S001,0,,,,22.8,,2,1,2024,-1.7,,-4.8,,74,,-7.8,,QC,1,,,,QUEBEC/JEAN LESAGE INTL,26892,0,,,,,,"{""type"": ""Point"", ""coordinates"": [-71.38166666666666, 46.80361111111111]}"
701S001.2024.1.3,2024-01-03 00:00:00,701S001,0,,,,18.7,,3,1,2024,0.4,,-0.7,,83,,-1.7,,QC,1,,,,QUEBEC/JEAN LESAGE INTL,26892,0,,,,,,"{""type"": ""Point"", ""coordinates"": [-71.38166666666666, 46.80361111111111]}"
701S001.2024.1.4,2024-01-04 00:00:00,701S001,0,,28,,25,,4,1,2024,0.3,,-7,,54,,-14.4,,QC,8,,40,,QUEBEC/JEAN LESAGE INTL,26892,4,,,,,,"{""type"": ""Point"", ""coordinates"": [-71.38166666666666, 46.80361111111111]}"
701S001.2024.1.5,2024-01-05 00:00:00,701S001,0,,,,31.4,,5,1,2024,-9.5,,-13.4,,64,,-17.2,,QC,7,,,,QUEBEC/JEAN LESAGE INTL,26892,0.3,,,,,,"{""type"": ""Point"", ""coordinates"": [-71.38166666666666, 46.80361111111111]}"
701S001.2024.1.6,2024-01-06 00:00:00,701S001,0,,9,,34.8,,6,1,2024,-9.2,,-16.8,,49,,-24.5,,QC,7,,43,,QUEBEC/JEAN LESAGE INTL,26892,0,,,,,,"{""type"": ""Point"", ""coordinates"": [-71.38166666666666, 46.80361111111111]}"
701S001.2024.1.7,2024-01-07 00:00:00,701S001,0,,7,,26.5,,7,1,2024,-6.9,,-8.5,,64,,-10.2,,QC,7,,46,,QUEBEC/JEAN LESAGE INTL,26892,1.3,,,,,,"{""type"": ""Point"", ""coordinates"": [-71.38166666666666, 46.80361111111111]}"
701S001.2024.1.8,2024-01-08 00:00:00,701S001,0,,28,,27.2,,8,1,2024,-3.9,,-9.2,,63,,-14.5,,QC,8,,37,,QUEBEC/JEAN LESAGE INTL,26892,0.1,,,,,,"{""type"": ""Point"", ""coordinates"": [-71.38166666666666, 46.80361111111111]}"
701S001.2024.1.9,2024-01-09 00:00:00,701S001,0,,5,,30.6,,9,1,2024,-5.5,,-12.6,,64,,-19.7,,QC,8,,54,,QUEBEC/JEAN LESAGE INTL,26892,10.3,,,,,,"{""type"": ""Point"", ""coordinates"": [-71.38166666666666, 46.80361111111111]}"
701S001.2024.1.10,2024-01-10 00:00:00,701S001,0,,8,,20.1,,10,1,2024,1.3,,-2.1,,85,,-5.5,,QC,24,,61,,QUEBEC/JEAN LESAGE INTL,26892,25.7,,,,,,"{""type"": ""Point"", ""coordinates"": [-71.38166666666666, 46.80361111111111]}"
701S001.2024.1.11,2024-01-11 00:00:00,701S001,0,,28,,22.5,,11,1,2024,0.7,,-4.5,,67,,-9.8,,QC,32,,46,,QUEBEC/JEAN LESAGE INTL,26892,0.4,,,,,,"{""type"": ""Point"", ""coordinates"": [-71.38166666666666, 46.80361111111111]}"
701S001.2024.1.12,2024-01-12 00:00:00,701S001,0,,6,,30.8,,12,1,2024,-7.8,,-12.8,,60,,-17.8,,QC,31,,32,,QUEBEC/JEAN LESAGE INTL,26892,0,,,,,,"{""type"": ""Point"", ""coordinates"": [-71.38166666666666, 46.80361111111111]}"
701S001.2024.1.13,2024-01-13 00:00:00,701S001,0,,6,,24.4,,13,1,2024,-3.7,,-6.4,,75,,-9,,QC,37,,71,,QUEBEC/JEAN LESAGE INTL,26892,11.1,,,,,,"{""type"": ""Point"", ""coordinates"": [-71.38166666666666, 46.80361111111111]}"
701S001.2024.1.14,2024-01-14 00:00:00,701S001,0,,24,,24.4,,14,1,2024,-0.4,,-6.4,,53,,-12.5,,QC,32,,55,,QUEBEC/JEAN LESAGE INTL,26892,0.4,,,,,,"{""type"": ""Point"", ""coordinates"": [-71.38166666666666, 46.80361111111111]}"
701S001.2024.1.15,2024-01-15 00:00:00,701S001,0,,24,,30.6,,15,1,2024,-5.5,,-12.6,,61,,-19.6,,QC,31,,37,,QUEBEC/JEAN LESAGE INTL,26892,0,,,,,,"{""type"": ""Point"", ""coordinates"": [-71.38166666666666, 46.80361111111111]}"
701S001.2024.1.16,2024-01-16 00:00:00,701S001,0,,,,30.6,,16,1,2024,-6.8,,-12.6,,62,,-18.3,,QC,31,,,,QUEBEC/JEAN LESAGE INTL,26892,3.3,,,,,,"{""type"": ""Point"", ""coordinates"": [-71.38166666666666, 46.80361111111111]}"
701S001.2024.1.17,2024-01-17 00:00:00,701S001,0,,25,,29.4,,17,1,2024,-8,,-11.4,,70,,-14.7,,QC,34,,38,,QUEBEC/JEAN LESAGE INTL,26892,0,,,,,,"{""type"": ""Point"", ""coordinates"": [-71.38166666666666, 46.80361111111111]}"
701S001.2024.1.18,2024-01-18 00:00:00,701S001,0,,29,,31.5,,18,1,2024,-8.5,,-13.5,,55,,-18.5,,QC,33,,43,,QUEBEC/JEAN LESAGE INTL,26892,0,,,,,,"{""type"": ""Point"", ""coordinates"": [-71.38166666666666, 46.80361111111111]}"
701S001.2024.1.19,2024-01-19 00:00:00,701S001,0,,22,,36.3,,19,1,2024,-12.7,,-18.3,,54,,-23.9,,QC,32,,33,,QUEBEC/JEAN LESAGE INTL,26892,0,,,,,,"{""type"": ""Point"", ""coordinates"": [-71.38166666666666, 46.80361111111111]}"
701S001.2024.1.20,2024-01-20 00:00:00,701S001,0,,,,28.4,,20,1,2024,-6.6,,-10.4,,60,,-14.1,,QC,32,,,,QUEBEC/JEAN LESAGE INTL,26892,0.3,,,,,,"{""type"": ""Point"", ""coordinates"": [-71.38166666666666, 46.80361111111111]}"
701S001.2024.1.21,2024-01-21 00:00:00,701S001,0,,26,,31.2,,21,1,2024,-10.2,,-13.2,,59,,-16.3,,QC,31,,36,,QUEBEC/JEAN LESAGE INTL,26892,0,,,,,,"{""type"": ""Point"", ""coordinates"": [-71.38166666666666, 46.80361111111111]}"
701S001.2024.1.22,2024-01-22 00:00:00,701S001,0,,25,,27.8,,22,1,2024,-1.9,,-9.8,,65,,-17.6,,QC,30,,48,,QUEBEC/JEAN LESAGE INTL,26892,0.4,,,,,,"{""type"": ""Point"", ""coordinates"": [-71.38166666666666, 46.80361111111111]}"
701S001.2024.1.23,2024-01-23 00:00:00,701S001,0,,31,,27.9,,23,1,2024,-2.1,,-9.9,,35,,-17.7,,QC,28,,36,,QUEBEC/JEAN LESAGE INTL,26892,0,,,,,,"{""type"": ""Point"", ""coordinates"": [-71.38166666666666, 46.80361111111111]}"
701S001.2024.1.24,2024-01-24 00:00:00,701S001,0,,,,28.1,,24,1,2024,-4.5,,-10.1,,57,,-15.7,,QC,28,,,,QUEBEC/JEAN LESAGE INTL,26892,1,,,,,,"{""type"": ""Point"", ""coordinates"": [-71.38166666666666, 46.80361111111111]}"
701S001.2024.1.25,2024-01-25 00:00:00,701S001,0,,,,18.8,,25,1,2024,2.8,,-0.8,,71,,-4.5,,QC,29,,,,QUEBEC/JEAN LESAGE INTL,26892,0.4,,,,,,"{""type"": ""Point"", ""coordinates"": [-71.38166666666666, 46.80361111111111]}"
701S001.2024.1.26,2024-01-26 00:00:00,701S001,0,,,,20.1,,26,1,2024,-1.6,,-2.1,,73,,-2.7,,QC,29,,,,QUEBEC/JEAN LESAGE INTL,26892,4.4,,,,,,"{""type"": ""Point"", ""coordinates"": [-71.38166666666666, 46.80361111111111]}"
701S001.2024.1.27,2024-01-27 00:00:00,701S001,0,,,,18.9,,27,1,2024,0.5,,-0.9,,73,,-2.4,,QC,32,,,,QUEBEC/JEAN LESAGE INTL,26892,0,,,,,,"{""type"": ""Point"", ""coordinates"": [-71.38166666666666, 46.80361111111111]}"
701S001.2024.1.28,2024-01-28 00:00:00,701S001,0,,,,18.3,,28,1,2024,1,,-0.3,,73,,-1.7,,QC,31,,,,QUEBEC/JEAN LESAGE INTL,26892,0,,,,,,"{""type"": ""Point"", ""coordinates"": [-71.38166666666666, 46.80361111111111]}"
701S001.2024.1.29,2024-01-29 00:00:00,701S001,0,,9,,23.2,,29,1,2024,-0.1,,-5.2,,66,,-10.2,,QC,31,,41,,QUEBEC/JEAN LESAGE INTL,26892,0,,,,,,"{""type"": ""Point"", ""coordinates"": [-71.38166666666666, 46.80361111111111]}"
701S001.2024.1.30,2024-01-30 00:00:00,701S001,0,,,,33.2,,30,1,2024,-7.8,,-15.2,,53,,-22.7,,QC,30,,,,QUEBEC/JEAN LESAGE INTL,26892,0,,,,,,"{""type"": ""Point"", ""coordinates"": [-71.38166666666666, 46.80361111111111]}"
701S001.2024.1.31,2024-01-31 00:00:00,701S001,0,,,,25,,31,1,2024,-3.3,,-7,,64,,-10.6,,QC,31,,,,QUEBEC/JEAN LESAGE INTL,26892,0,,,,,,"{""type"": ""Point"", ""coordinates"": [-71.38166666666666, 46.80361111111111]}"
701S001.2024.2.1,2024-02-01 00:00:00,701S001,0,,,,19.3,,1,2,2024,1.2,,-1.3,,92,,-3.7,,QC,31,,,,QUEBEC/JEAN LESAGE INTL,26892,6.3,,,,,,"{""type"": ""Point"", ""coordinates"": [-71.38166666666666, 46.80361111111111]}"
701S001.2024.2.2,2024-02-02 00:00:00,701S001,0,,,,25,,2,2,2024,-2.9,,-7,,73,,-11,,QC,35,,,,QUEBEC/JEAN LESAGE INTL,26892,0,,,,,,"{""type"": ""Point"", ""coordinates"": [-71.38166666666666, 46.80361111111111]}"
701S001.2024.2.3,2024-02-03 00:00:00,701S001,0,,,,27.8,,3,2,2024,-3.8,,-9.8,,60,,-15.7,,QC,34,,,,QUEBEC/JEAN LESAGE INTL,26892,0,,,,,,"{""type"": ""Point"", ""coordinates"": [-71.38166666666666, 46.80361111111111]}"
701S001.2024.2.4,2024-02-04 00:00:00,701S001,0,,,,29.3,,4,2,2024,-2.9,,-11.3,,48,,-19.8,,QC,34,,,,QUEBEC/JEAN LESAGE INTL,26892,0,,,,,,"{""type"": ""Point"", ""coordinates"": [-71.38166666666666, 46.80361111111111]}"
701S001.2024.2.5,2024-02-05 00:00:00,701S001,0,,,,30.4,,5,2,2024,-3.7,,-12.4,,50,,-21.1,,QC,33,,,,QUEBEC/JEAN LESAGE INTL,26892,0,,,,,,"{""type"": ""Point"", ""coordinates"": [-71.38166666666666, 46.80361111111111]}"
701S001.2024.2.6,2024-02-06 00:00:00,701S001,0,,,,28.5,,6,2,2024,-1.2,,-10.5,,58,,-19.9,,QC,34,,,,QUEBEC/JEAN LESAGE INTL,26892,0,,,,,,"{""type"": ""Point"", ""coordinates"": [-71.38166666666666, 46.80361111111111]}"
701S001.2024.2.7,2024-02-07 00:00:00,701S001,0,,,,28.2,,7,2,2024,-1.2,,-10.2,,67,,-19.1,,QC,34,,,,QUEBEC/JEAN LESAGE INTL,26892,0,,,,,,"{""type"": ""Point"", ""coordinates"": [-71.38166666666666, 46.80361111111111]}"
701S001.2024.2.8,2024-02-08 00:00:00,701S001,0,,,,21.6,,8,2,2024,4.9,,-3.6,,46,,-12.2,,QC,33,,,,QUEBEC/JEAN LESAGE INTL,26892,0,,,,,,"{""type"": ""Point"", ""coordinates"": [-71.38166666666666, 46.80361111111111]}"
701S001.2024.2.9,2024-02-09 00:00:00,701S001,0,,,,21.6,,9,2,2024,0.3,,-3.6,,81,,-7.6,,QC,34,,,,QUEBEC/JEAN LESAGE INTL,26892,3.5,,,,,,"{""type"": ""Point"", ""coordinates"": [-71.38166666666666, 46.80361111111111]}"
701S001.2024.2.10,2024-02-10 00:00:00,701S001,0,,26,,15.1,,10,2,2024,6,,2.9,,75,,-0.1,,QC,33,,32,,QUEBEC/JEAN LESAGE INTL,26892,2,,,,,,"{""type"": ""Point"", ""coordinates"": [-71.38166666666666, 46.80361111111111]}"
701S001.2024.2.11,2024-02-11 00:00:00,701S001,0,,27,,16.3,,11,2,2024,3.2,,1.7,,69,,0.2,,QC,27,,38,,QUEBEC/JEAN LESAGE INTL,26892,0.9,,,,,,"{""type"": ""Point"", ""coordinates"": [-71.38166666666666, 46.80361111111111]}"
701S001.2024.2.12,2024-02-12 00:00:00,701S001,0,,,,21.2,,12,2,2024,2,,-3.2,,42,,-8.4,,QC,24,,,,QUEBEC/JEAN LESAGE INTL,26892,0,,,,,,"{""type"": ""Point"", ""coordinates"": [-71.38166666666666, 46.80361111111111]}"
701S001.2024.2.13,2024-02-13 00:00:00,701S001,0,,33,,21.7,,13,2,2024,1.9,,-3.7,,54,,-9.3,,QC,24,,38,,QUEBEC/JEAN LESAGE INTL,26892,0,,,,,,"{""type"": ""Point"", ""coordinates"": [-71.38166666666666, 46.80361111111111]}"
701S001.2024.2.14,2024-02-14 00:00:00,701S001,0,,30,,27.9,,14,2,2024,-7.7,,-9.9,,49,,-12.1,,QC,24,,41,,QUEBEC/JEAN LESAGE INTL,26892,0,,,,,,"{""type"": ""Point"", ""coordinates"": [-71.38166666666666, 46.80361111111111]}"
701S001.2024.2.15,2024-02-15 00:00:00,701S001,0,,22,,27.9,,15,2,2024,-5.6,,-9.9,,45,,-14.2,,QC,24,,37,,QUEBEC/JEAN LESAGE INTL,26892,0,,,,,,"{""type"": ""Point"", ""coordinates"": [-71.38166666666666, 46.80361111111111]}"
701S001.2024.2.16,2024-02-16 00:00:00,701S001,0,,24,,27,,16,2,2024,-3.2,,-9,,45,,-14.8,,QC,24,,33,,QUEBEC/JEAN LESAGE INTL,26892,1,,,,,,"{""type"": ""Point"", ""coordinates"": [-71.38166666666666, 46.80361111111111]}"
701S001.2024.2.17,2024-02-17 00:00:00,701S001,0,,28,,28.7,,17,2,2024,-5.6,,-10.7,,53,,-15.8,,QC,23,,43,,QUEBEC/JEAN LESAGE INTL,26892,0,,,,,,"{""type"": ""Point"", ""coordinates"": [-71.38166666666666, 46.80361111111111]}"
701S001.2024.2.18,2024-02-18 00:00:00,701S001,0,,25,,30.9,,18,2,2024,-6.5,,-12.9,,55,,-19.2,,QC,23,,32,,QUEBEC/JEAN LESAGE INTL,26892,5,,,,,,"{""type"": ""Point"", ""coordinates"": [-71.38166666666666, 46.80361111111111]}"
701S001.2024.2.19,2024-02-19 00:00:00,701S001,0,,24,,30.2,,19,2,2024,-7.5,,-12.2,,52,,-16.9,,QC,32,,38,,QUEBEC/JEAN LESAGE INTL,26892,0,,,,,,"{""type"": ""Point"", ""coordinates"": [-71.38166666666666, 46.80361111111111]}"
701S001.2024.2.20,2024-02-20 00:00:00,701S001,0,,,,36.1,,20,2,2024,-10,,-18.1,,41,,-26.2,,QC,28,,,,QUEBEC/JEAN LESAGE INTL,26892,0,,,,,,"{""type"": ""Point"", ""coordinates"": [-71.38166666666666, 46.80361111111111]}"
701S001.2024.2.21,2024-02-21 00:00:00,701S001,0,,,,26.6,,21,2,2024,1.5,,-8.6,,45,,-18.6,,QC,27,,,,QUEBEC/JEAN LESAGE INTL,26892,0,,,,,,"{""type"": ""Point"", ""coordinates"": [-71.38166666666666, 46.80361111111111]}"
701S001.2024.2.22,2024-02-22 00:00:00,701S001,0,,,,23.5,,22,2,2024,0,,-5.5,,63,,-11,,QC,27,,,,QUEBEC/JEAN LESAGE INTL,26892,0.6,,,,,,"{""type"": ""Point"", ""coordinates"": [-71.38166666666666, 46.80361111111111]}"
701S001.2024.2.23,2024-02-23 00:00:00,701S001,0,,32,,21.4,,23,2,2024,2.9,,-3.4,,59,,-9.7,,QC,26,,34,,QUEBEC/JEAN LESAGE INTL,26892,0.6,,,,,,"{""type"": ""Point"", ""coordinates"": [-71.38166666666666, 46.80361111111111]}"
701S001.2024.2.24,2024-02-24 00:00:00,701S001,0,,34,,30.1,,24,2,2024,-8.4,,-12.1,,42,,-15.8,,QC,25,,40,,QUEBEC/JEAN LESAGE INTL,26892,0,,,,,,"{""type"": ""Point"", ""coordinates"": [-71.38166666666666, 46.80361111111111]}"
701S001.2024.2.25,2024-02-25 00:00:00,701S001,0,,,,29.4,,25,2,2024,-2.9,,-11.4,,40,,-19.9,,QC,25,,,,QUEBEC/JEAN LESAGE INTL,26892,0,,,,,,"{""type"": ""Point"", ""coordinates"": [-71.38166666666666, 46.80361111111111]}"
701S001.2024.2.26,2024-02-26 00:00:00,701S001,0,,31,,19.2,,26,2,2024,4,,-1.2,,46,,-6.4,,QC,25,,40,,QUEBEC/JEAN LESAGE INTL,26892,1.6,,,,,,"{""type"": ""Point"", ""coordinates"": [-71.38166666666666, 46.80361111111111]}"
701S001.2024.2.27,2024-02-27 00:00:00,701S001,0,,,,20.2,,27,2,2024,2.5,,-2.2,,54,,-6.9,,QC,24,,,,QUEBEC/JEAN LESAGE INTL,26892,0,,,,,,"{""type"": ""Point"", ""coordinates"": [-71.38166666666666, 46.80361111111111]}"
701S001.2024.2.28,2024-02-28 00:00:00,701S001,0,,27,,16.7,,28,2,2024,8.1,,1.3,,82,,-5.5,,QC,24,,75,,QUEBEC/JEAN LESAGE INTL,26892,6.9,,,,,,"{""type"": ""Point"", ""coordinates"": [-71.38166666666666, 46.80361111111111]}"
701S001.2024.2.29,2024-02-29 00:00:00,701S001,0,,27,,29,,29,2,2024,-5.6,,-11,,54,,-16.5,,QC,22,,71,,QUEBEC/JEAN LESAGE INTL,26892,0,,,,,,"{""type"": ""Point"", ""coordinates"": [-71.38166666666666, 46.80361111111111]}"
701S001.2024.3.1,2024-03-01 00:00:00,701S001,0,,28,,29.3,,1,3,2024,-5.1,,-11.3,,43,,-17.5,,QC,22,,44,,QUEBEC/JEAN LESAGE INTL,26892,0,,,,,,"{""type"": ""Point"", ""coordinates"": [-71.38166666666666, 46.80361111111111]}"
701S001.2024.3.2,2024-03-02 00:00:00,701S001,0,,,,20.7,,2,3,2024,5.7,,-2.7,,48,,-11.1,,QC,21,,,,QUEBEC/JEAN LESAGE INTL,26892,1.7,,,,,,"{""type"": ""Point"", ""coordinates"": [-71.38166666666666, 46.80361111111111]}"
701S001.2024.3.3,2024-03-03 00:00:00,701S001,0,,,,14.3,,3,3,2024,6.7,,3.7,,74,,0.6,,QC,20,,,,QUEBEC/JEAN LESAGE INTL,26892,0,,,,,,"{""type"": ""Point"", ""coordinates"": [-71.38166666666666, 46.80361111111111]}"
701S001.2024.3.4,2024-03-04 00:00:00,701S001,0,,8,,17.3,,4,3,2024,2.1,,0.7,,47,,-0.8,,QC,18,,45,,QUEBEC/JEAN LESAGE INTL,26892,0,,,,,,"{""type"": ""Point"", ""coordinates"": [-71.38166666666666, 46.80361111111111]}"
701S001.2024.3.5,2024-03-05 00:00:00,701S001,0,,,,12.3,,5,3,2024,12,,5.7,,58,,-0.5,,QC,18,,,,QUEBEC/JEAN LESAGE INTL,26892,0,,,,,,"{""type"": ""Point"", ""coordinates"": [-71.38166666666666, 46.80361111111111]}"
701S001.2024.3.6,2024-03-06 00:00:00,701S001,0,,,,14.6,,6,3,2024,5.5,,3.4,,46,,1.3,,QC,15,,,,QUEBEC/JEAN LESAGE INTL,26892,1.4,,,,,,"{""type"": ""Point"", ""coordinates"": [-71.38166666666666, 46.80361111111111]}"
701S001.2024.3.7,2024-03-07 00:00:00,701S001,0,,9,,17.4,,7,3,2024,3.8,,0.6,,53,,-2.6,,QC,13,,35,,QUEBEC/JEAN LESAGE INTL,26892,0,,,,,,"{""type"": ""Point"", ""coordinates"": [-71.38166666666666, 46.80361111111111]}"
701S001.2024.3.8,2024-03-08 00:00:00,701S001,0,,,,20.4,,8,3,2024,2.2,,-2.4,,48,,-6.9,,QC,12,,,,QUEBEC/JEAN LESAGE INTL,26892,0,,,,,,"{""type"": ""Point"", ""coordinates"": [-71.38166666666666, 46.80361111111111]}"
701S001.2024.3.9,2024-03-09 00:00:00,701S001,0,,13,,17.5,,9,3,2024,4.1,,0.5,,56,,-3.1,,QC,12,,36,,QUEBEC/JEAN LESAGE INTL,26892,6.6,,,,,,"{""type"": ""Point"", ""coordinates"": [-71.38166666666666, 46.80361111111111]}"
701S001.2024.3.10,2024-03-10 00:00:00,701S001,0,,6,,17.6,,10,3,2024,0.9,,0.4,,96,,-0.1,,QC,25,,35,,QUEBEC/JEAN LESAGE INTL,26892,26.9,,,,,,"{""type"": ""Point"", ""coordinates"": [-71.38166666666666, 46.80361111111111]}"
701S001.2024.3.11,2024-03-11 00:00:00,701S001,0,,32,,17.1,,11,3,2024,3.6,,0.9,,62,,-1.8,,QC,38,,52,,QUEBEC/JEAN LESAGE INTL,26892,2.7,,,,,,"{""type"": ""Point"", ""coordinates"": [-71.38166666666666, 46.80361111111111]}"
701S001.2024.3.12,2024-03-12 00:00:00,701S001,0,,30,,18.6,,12,3,2024,2.6,,-0.6,,55,,-3.8,,QC,32,,38,,QUEBEC/JEAN LESAGE INTL,26892,0,,,,,,"{""type"": ""Point"", ""coordinates"": [-71.38166666666666, 46.80361111111111]}"
701S001.2024.3.13,2024-03-13 00:00:00,701S001,0,,,,19.6,,13,3,2024,5.1,,-1.6,,54,,-8.4,,QC,28,,,,QUEBEC/JEAN LESAGE INTL,26892,0,,,,,,"{""type"": ""Point"", ""coordinates"": [-71.38166666666666, 46.80361111111111]}"
701S001.2024.3.14,2024-03-14 00:00:00,701S001,0,,,,14.4,,14,3,2024,7.7,,3.6,,58,,-0.4,,QC,23,,,,QUEBEC/JEAN LESAGE INTL,26892,0,,,,,,"{""type"": ""Point"", ""coordinates"": [-71.38166666666666, 46.80361111111111]}"
701S001.2024.3.15,2024-03-15 00:00:00,701S001,0,,7,,14.2,,15,3,2024,9,,3.8,,46,,-1.4,,QC,19,,32,,QUEBEC/JEAN LESAGE INTL,26892,0,,,,,,"{""type"": ""Point"", ""coordinates"": [-71.38166666666666, 46.80361111111111]}"
701S001.2024.3.16,2024-03-16 00:00:00,701S001,0,,,,17.7,,16,3,2024,2.6,,0.3,,58,,-1.9,,QC,27,,,,QUEBEC/JEAN LESAGE INTL,26892,3.7,,,,,,"{""type"": ""Point"", ""coordinates"": [-71.38166666666666, 46.80361111111111]}"
701S001.2024.3.17,2024-03-17 00:00:00,701S001,0,,7,,17.5,,17,3,2024,1.8,,0.5,,85,,-0.8,,QC,26,,35,,QUEBEC/JEAN LESAGE INTL,26892,15.8,,,,,,"{""type"": ""Point"", ""coordinates"": [-71.38166666666666, 46.80361111111111]}"
701S001.2024.3.18,2024-03-18 00:00:00,701S001,0,,,,17.3,,18,3,2024,3.2,,0.7,,70,,-1.8,,QC,26,,,,QUEBEC/JEAN LESAGE INTL,26892,1.1,,,,,,"{""type"": ""Point"", ""coordinates"": [-71.38166666666666, 46.80361111111111]}"
701S001.2024.3.19,2024-03-19 00:00:00,701S001,0,,24,,21.6,,19,3,2024,0.5,,-3.6,,53,,-7.7,,QC,23,,34,,QUEBEC/JEAN LESAGE INTL,26892,0,,,,,,"{""type"": ""Point"", ""coordinates"": [-71.38166666666666, 46.80361111111111]}"
701S001.2024.3.20,2024-03-20 00:00:00,701S001,0,,,,21.3,,20,3,2024,1.1,,-3.3,,80,,-7.7,,QC,25,,,,QUEBEC/JEAN LESAGE INTL,26892,11.3,,,,,,"{""type"": ""Point"", ""coordinates"": [-71.38166666666666, 46.80361111111111]}"
701S001.2024.3.21,2024-03-21 00:00:00,701S001,0,,31,,24.2,,21,3,2024,-1.1,,-6.2,,55,,-11.3,,QC,34,,68,,QUEBEC/JEAN LESAGE INTL,26892,0.3,,,,,,"{""type"": ""Point"", ""coordinates"": [-71.38166666666666, 46.80361111111111]}"
701S001.2024.3.22,2024-03-22 00:00:00,701S001,0,,27,,28.3,,22,3,2024,-4.6,,-10.3,,29,,-15.9,,QC,28,,46,,QUEBEC/JEAN LESAGE INTL,26892,0,,,,,,"{""type"": ""Point"", ""coordinates"": [-71.38166666666666, 46.80361111111111]}"
701S001.2024.3.23,2024-03-23 00:00:00,701S001,0,,5,,29.6,,23,3,2024,-6.9,,-11.6,,53,,-16.3,,QC,26,,32,,QUEBEC/JEAN LESAGE INTL,26892,2.2,,,,,,"{""type"": ""Point"", ""coordinates"": [-71.38166666666666, 46.80361111111111]}"
701S001.2024.3.24,2024-03-24 00:00:00,701S001,0,,25,,28.3,,24,3,2024,0.9,,-10.3,,30,,-21.6,,QC,29,,35,,QUEBEC/JEAN LESAGE INTL,26892,0,,,,,,"{""type"": ""Point"", ""coordinates"": [-71.38166666666666, 46.80361111111111]}"
701S001.2024.3.25,2024-03-25 00:00:00,701S001,0,,10,,23.7,,25,3,2024,2,,-5.7,,44,,-13.4,,QC,24,,39,,QUEBEC/JEAN LESAGE INTL,26892,0,,,,,,"{""type"": ""Point"", ""coordinates"": [-71.38166666666666, 46.80361111111111]}"
701S001.2024.3.26,2024-03-26 00:00:00,701S001,0,,10,,16,,26,3,2024,5.6,,2,,39,,-1.7,,QC,24,,45,,QUEBEC/JEAN LESAGE INTL,26892,0.4,,,,,,"{""type"": ""Point"", ""coordinates"": [-71.38166666666666, 46.80361111111111]}"
701S001.2024.3.27,2024-03-27 00:00:00,701S001,0,,10,,15.5,,27,3,2024,3.7,,2.5,,83,,1.2,,QC,19,,38,,QUEBEC/JEAN LESAGE INTL,26892,1.5,,,,,,"{""type"": ""Point"", ""coordinates"": [-71.38166666666666, 46.80361111111111]}"
701S001.2024.3.28,2024-03-28 00:00:00,701S001,0,,,,14.9,,28,3,2024,5.9,,3.1,,81,,0.2,,QC,16,,,,QUEBEC/JEAN LESAGE INTL,26892,0,,,,,,"{""type"": ""Point"", ""coordinates"": [-71.38166666666666, 46.80361111111111]}"
701S001.2024.3.29,2024-03-29 00:00:00,701S001,0,,32,,13.9,,29,3,2024,9.1,,4.1,,30,,-0.9,,QC,14,,53,,QUEBEC/JEAN LESAGE INTL,26892,0,,,,,,"{""type"": ""Point"", ""coordinates"": [-71.38166666666666, 46.80361111111111]}"
701S001.2024.3.30,2024-03-30 00:00:00,701S001,0,,28,,18.1,,30,3,2024,3.4,,-0.1,,39,,-3.7,,QC,11,,53,,QUEBEC/JEAN LESAGE INTL,26892,0,,,,,,"{""type"": ""Point"", ""coordinates"": [-71.38166666666666, 46.80361111111111]}"
701S001.2024.3.31,2024-03-31 00:00:00,701S001,0,,25,,18.3,,31,3,2024,5.2,,-0.3,,39,,-5.8,,QC,11,,41,,QUEBEC/JEAN LESAGE INTL,26892,0,,,,,,"{""type"": ""Point"", ""coordinates"": [-71.38166666666666, 46.80361111111111]}"
701S001.2024.4.1,2024-04-01 00:00:00,701S001,0,,,,18.6,,1,4,2024,6,,-0.6,,39,,-7.1,,QC,10,,,,QUEBEC/JEAN LESAGE INTL,26892,0.5,,,,,,"{""type"": ""Point"", ""coordinates"": [-71.38166666666666, 46.80361111111111]}"
701S001.2024.4.2,2024-04-02 00:00:00,701S001,0,,,,16.4,,2,4,2024,7,,1.6,,32,,-3.8,,QC,9,,,,QUEBEC/JEAN LESAGE INTL,26892,0,,,,,,"{""type"": ""Point"", ""coordinates"": [-71.38166666666666, 46.80361111111111]}"
701S001.2024.4.3,2024-04-03 00:00:00,701S001,0,,9,,14.1,,3,4,2024,7.5,,3.9,,41,,0.3,,QC,1,,55,,QUEBEC/JEAN LESAGE INTL,26892,0,,,,,,"{""type"": ""Point"", ""coordinates"": [-71.38166666666666, 46.80361111111111]}"
701S001.2024.4.4,2024-04-04 00:00:00,701S001,0,,7,,16.7,,4,4,2024,3,,1.3,,46,,-0.4,,QC,,,62,,QUEBEC/JEAN LESAGE INTL,26892,0.7,,,,,,"{""type"": ""Point"", ""coordinates"": [-71.38166666666666, 46.80361111111111]}"
701S001.2024.4.5,2024-04-05 00:00:00,701S001,0,,7,,14.5,,5,4,2024,5.4,,3.5,,65,,1.7,,QC,,,49,,QUEBEC/JEAN LESAGE INTL,26892,0.3,,,,,,"{""type"": ""Point"", ""coordinates"": [-71.38166666666666, 46.80361111111111]}"
701S001.2024.4.6,2024-04-06 00:00:00,701S001,0,,6,,16.7,,6,4,2024,5.2,,1.3,,65,,-2.6,,QC,,,40,,QUEBEC/JEAN LESAGE INTL,26892,0.2,,,,,,"{""type"": ""Point"", ""coordinates"": [-71.38166666666666, 46.80361111111111]}"
701S001.2024.4.7,2024-04-07 00:00:00,701S001,0,,,,15.5,,7,4,2024,9.6,,2.5,,46,,-4.6,,QC,,,,,QUEBEC/JEAN LESAGE INTL,26892,0,,,,,,"{""type"": ""Point"", ""coordinates"": [-71.38166666666666, 46.80361111111111]}"
701S001.2024.4.8,2024-04-08 00:00:00,701S001,0,,28,,11.6,,8,4,2024,17.4,,6.4,,23,,-4.5,,QC,,,37,,QUEBEC/JEAN LESAGE INTL,26892,0,,,,,,"{""type"": ""Point"", ""coordinates"": [-71.38166666666666, 46.80361111111111]}"
701S001.2024.4.9,2024-04-09 00:00:00,701S001,0,,6,,12.3,,9,4,2024,9.9,,5.7,,38,,1.6,,QC,,,31,,QUEBEC/JEAN LESAGE INTL,26892,0,,,,,,"{""type"": ""Point"", ""coordinates"": [-71.38166666666666, 46.80361111111111]}"
701S001.2024.4.10,2024-04-10 00:00:00,701S001,0,,7,,12.8,,10,4,2024,8.1,,5.2,,42,,2.2,,QC,,,32,,QUEBEC/JEAN LESAGE INTL,26892,0,,,,,,"{""type"": ""Point"", ""coordinates"": [-71.38166666666666, 46.80361111111111]}"
701S001.2024.4.11,2024-04-11 00:00:00,701S001,0,,,,11.7,,11,4,2024,8.8,,6.3,,76,,3.9,,QC,,,,,QUEBEC/JEAN LESAGE INTL,26892,11.4,,,,,,"{""type"": ""Point"", ""coordinates"": [-71.38166666666666, 46.80361111111111]}"
701S001.2024.4.12,2024-04-12 00:00:00,701S001,0,,9,,7,,12,4,2024,15.1,,11,,80,,6.9,,QC,,,45,,QUEBEC/JEAN LESAGE INTL,26892,11.8,,,,,,"{""type"": ""Point"", ""coordinates"": [-71.38166666666666, 46.80361111111111]}"
701S001.2024.4.13,2024-04-13 00:00:00,701S001,0,,26,,9.7,,13,4,2024,14,,8.3,,60,,2.5,,QC,,,38,,QUEBEC/JEAN LESAGE INTL,26892,0.2,,,,,,"{""type"": ""Point"", ""coordinates"": [-71.38166666666666, 46.80361111111111]}"
701S001.2024.4.14,2024-04-14 00:00:00,701S001,0,,23,,11.2,,14,4,2024,11.9,,6.8,,44,,1.8,,QC,,,39,,QUEBEC/JEAN LESAGE INTL,26892,0,,,,,,"{""type"": ""Point"", ""coordinates"": [-71.38166666666666, 46.80361111111111]}"
701S001.2024.4.15,2024-04-15 00:00:00,701S001,0,,26,,9,,15,4,2024,13.6,,9,,28,,4.4,,QC,,,38,,QUEBEC/JEAN LESAGE INTL,26892,0.1,,,,,,"{""type"": ""Point"", ""coordinates"": [-71.38166666666666, 46.80361111111111]}"
701S001.2024.4.16,2024-04-16 00:00:00,701S001,0,,29,,13.7,,16,4,2024,7.1,,4.3,,45,,1.5,,QC,,,38,,QUEBEC/JEAN LESAGE INTL,26892,0,,,,,,"{""type"": ""Point"", ""coordinates"": [-71.38166666666666, 46.80361111111111]}"
701S001.2024.4.17,2024-04-17 00:00:00,701S001,0,,,,12.2,,17,4,2024,10.8,,5.8,,38,,0.8,,QC,,,,,QUEBEC/JEAN LESAGE INTL,26892,0,,,,,,"{""type"": ""Point"", ""coordinates"": [-71.38166666666666, 46.80361111111111]}"
701S001.2024.4.18,2024-04-18 00:00:00,701S001,0,,7,,11.7,,18,4,2024,12.9,,6.3,,48,,-0.4,,QC,,,36,,QUEBEC/JEAN LESAGE INTL,26892,0,,,,,,"{""type"": ""Point"", ""coordinates"": [-71.38166666666666, 46.80361111111111]}"
701S001.2024.4.19,2024-04-19 00:00:00,701S001,0,,18,,9,,19,4,2024,13.4,,9,,46,,4.6,,QC,,,40,,QUEBEC/JEAN LESAGE INTL,26892,0.9,,,,,,"{""type"": ""Point"", ""coordinates"": [-71.38166666666666, 46.80361111111111]}"
701S001.2024.4.20,2024-04-20 00:00:00,701S001,0,,22,,11,,20,4,2024,11.1,,7,,42,,2.9,,QC,,,43,,QUEBEC/JEAN LESAGE INTL,26892,0,,,,,,"{""type"": ""Point"", ""coordinates"": [-71.38166666666666, 46.80361111111111]}"
701S001.2024.4.21,2024-04-21 00:00:00,701S001,0,,33,,15.7,,21,4,2024,6.3,,2.3,,62,,-1.7,,QC,,,44,,QUEBEC/JEAN LESAGE INTL,26892,2.9,,,,,,"{""type"": ""Point"", ""coordinates"": [-71.38166666666666, 46.80361111111111]}"
701S001.2024.4.22,2024-04-22 00:00:00,701S001,0,,33,,18.9,,22,4,2024,3.9,,-0.9,,36,,-5.7,,QC,,,47,,QUEBEC/JEAN LESAGE INTL,26892,0,,,,,,"{""type"": ""Point"", ""coordinates"": [-71.38166666666666, 46.80361111111111]}"
701S001.2024.4.23,2024-04-23 00:00:00,701S001,0,,26,,10.9,,23,4,2024,19.1,,7.1,,25,,-4.8,,QC,,,49,,QUEBEC/JEAN LESAGE INTL,26892,1.1,,,,,,"{""type"": ""Point"", ""coordinates"": [-71.38166666666666, 46.80361111111111]}"
701S001.2024.4.24,2024-04-24 00:00:00,701S001,0,,34,,15,,24,4,2024,10,,3,,45,,-3.9,,QC,,,50,,QUEBEC/JEAN LESAGE INTL,26892,15.1,,,,,,"{""type"": ""Point"", ""coordinates"": [-71.38166666666666, 46.80361111111111]}"
701S001.2024.4.25,2024-04-25 00:00:00,701S001,0,,30,,16.7,,25,4,2024,7.7,,1.3,,27,,-5.1,,QC,,,38,,QUEBEC/JEAN LESAGE INTL,26892,0,,,,,,"{""type"": ""Point"", ""coordinates"": [-71.38166666666666, 46.80361111111111]}"
701S001.2024.4.26,2024-04-26 00:00:00,701S001,0,,23,,13.3,,26,4,2024,13.6,,4.7,,29,,-4.2,,QC,,,33,,QUEBEC/JEAN LESAGE INTL,26892,0,,,,,,"{""type"": ""Point"", ""coordinates"": [-71.38166666666666, 46.80361111111111]}"
701S001.2024.4.27,2024-04-27 00:00:00,701S001,0,,,,9.9,,27,4,2024,18.8,,8.1,,19,,-2.6,,QC,,,,,QUEBEC/JEAN LESAGE INTL,26892,0,,,,,,"{""type"": ""Point"", ""coordinates"": [-71.38166666666666, 46.80361111111111]}"
701S001.2024.4.28,2024-04-28 00:00:00,701S001,0,,33,,8.4,,28,4,2024,14,,9.6,,65,,5.2,,QC,,,44,,QUEBEC/JEAN LESAGE INTL,26892,4.3,,,,,,"{""type"": ""Point"", ""coordinates"": [-71.38166666666666, 46.80361111111111]}"
701S001.2024.4.29,2024-04-29 00:00:00,701S001,0,,10,,8.6,,29,4,2024,14.8,,9.4,,43,,3.9,,QC,,,32,,QUEBEC/JEAN LESAGE INTL,26892,0,,,,,,"{""type"": ""Point"", ""coordinates"": [-71.38166666666666, 46.80361111111111]}"
701S001.2024.4.30,2024-04-30 00:00:00,701S001,0,,12,,10.6,,30,4,2024,10,,7.4,,43,,4.8,,QC,,,36,,QUEBEC/JEAN LESAGE INTL,26892,0,,,,,,"{""type"": ""Point"", ""coordinates"": [-71.38166666666666, 46.80361111111111]}"
701S001.2024.5.1,2024-05-01 00:00:00,701S001,0,,9,,8.4,,1,5,2024,15.1,,9.6,,38,,4.2,,QC,,,34,,QUEBEC/JEAN LESAGE INTL,26892,0,,,,,,"{""type"": ""Point"", ""coordinates"": [-71.38166666666666, 46.80361111111111]}"
701S001.2024.5.2,2024-05-02 00:00:00,701S001,0,,9,,11.1,,2,5,2024,11.2,,6.9,,71,,2.6,,QC,,,38,,QUEBEC/JEAN LESAGE INTL,26892,5.7,,,,,,"{""type"": ""Point"", ""coordinates"": [-71.38166666666666, 46.80361111111111]}"
701S001.2024.5.3,2024-05-03 00:00:00,701S001,0,,6,,8.5,,3,5,2024,14,,9.5,,53,,5,,QC,,,41,,QUEBEC/JEAN LESAGE INTL,26892,0,,,,,,"{""type"": ""Point"", ""coordinates"": [-71.38166666666666, 46.80361111111111]}"
701S001.2024.5.4,2024-05-04 00:00:00,701S001,0,,9,,8.2,,4,5,2024,14.1,,9.8,,60,,5.5,,QC,,,36,,QUEBEC/JEAN LESAGE INTL,26892,0,,,,,,"{""type"": ""Point"", ""coordinates"": [-71.38166666666666, 46.80361111111111]}"
701S001.2024.5.5,2024-05-05 00:00:00,701S001,0,,6,,10,,5,5,2024,11.3,,8,,75,,4.7,,QC,,,31,,QUEBEC/JEAN LESAGE INTL,26892,13.1,,,,,,"{""type"": ""Point"", ""coordinates"": [-71.38166666666666, 46.80361111111111]}"
701S001.2024.5.6,2024-05-06 00:00:00,701S001,0,,31,,6.6,,6,5,2024,17.9,,11.4,,44,,4.9,,QC,,,34,,QUEBEC/JEAN LESAGE INTL,26892,1.3,,,,,,"{""type"": ""Point"", ""coordinates"": [-71.38166666666666, 46.80361111111111]}"
701S001.2024.5.7,2024-05-07 00:00:00,701S001,0,,28,,7.2,,7,5,2024,19.5,,10.8,,28,,2.1,,QC,,,43,,QUEBEC/JEAN LESAGE INTL,26892,0,,,,,,"{""type"": ""Point"", ""coordinates"": [-71.38166666666666, 46.80361111111111]}"
701S001.2024.5.8,2024-05-08 00:00:00,701S001,0,,10,,10.2,,8,5,2024,13.4,,7.8,,43,,2.2,,QC,,,39,,QUEBEC/JEAN LESAGE INTL,26892,5.2,,,,,,"{""type"": ""Point"", ""coordinates"": [-71.38166666666666, 46.80361111111111]}"
701S001.2024.5.9,2024-05-09 00:00:00,701S001,0,,11,,10.3,,9,5,2024,12.9,,7.7,,51,,2.6,,QC,,,37,,QUEBEC/JEAN LESAGE INTL,26892,3.9,,,,,,"{""type"": ""Point"", ""coordinates"": [-71.38166666666666, 46.80361111111111]}"
701S001.2024.5.10,2024-05-10 00:00:00,701S001,0,,11,,8.1,,10,5,2024,17.3,,9.9,,23,,2.4,,QC,,,34,,QUEBEC/JEAN LESAGE INTL,26892,0,,,,,,"{""type"": ""Point"", ""coordinates"": [-71.38166666666666, 46.80361111111111]}"
701S001.2024.5.11,2024-05-11 00:00:00,701S001,0,,12,,8.3,,11,5,2024,17.8,,9.7,,34,,1.5,,QC,,,31,,QUEBEC/JEAN LESAGE INTL,26892,0,,,,,,"{""type"": ""Point"", ""coordinates"": [-71.38166666666666, 46.80361111111111]}"
701S001.2024.5.12,2024-05-12 00:00:00,701S001,0,,,,6.9,,12,5,2024,17,,11.1,,34,,5.3,,QC,,,,,QUEBEC/JEAN LESAGE INTL,26892,0,,,,,,"{""type"": ""Point"", ""coordinates"": [-71.38166666666666, 46.80361111111111]}"
701S001.2024.5.13,2024-05-13 00:00:00,701S001,0,,,,6.7,,13,5,2024,19.6,,11.3,,41,,3.1,,QC,,,,,QUEBEC/JEAN LESAGE INTL,26892,1.8,,,,,,"{""type"": ""Point"", ""coordinates"": [-71.38166666666666, 46.80361111111111]}"
701S001.2024.5.14,2024-05-14 00:00:00,701S001,0,,,,3.8,,14,5,2024,17.4,,14.2,,85,,10.9,,QC,,,,,QUEBEC/JEAN LESAGE INTL,26892,11.1,,,,,,"{""type"": ""Point"", ""coordinates"": [-71.38166666666666, 46.80361111111111]}"
701S001.2024.5.15,2024-05-15 00:00:00,701S001,0,,,,2.6,,15,5,2024,20.3,,15.4,,59,,10.6,,QC,,,,,QUEBEC/JEAN LESAGE INTL,26892,0,,,,,,"{""type"": ""Point"", ""coordinates"": [-71.38166666666666, 46.80361111111111]}"
701S001.2024.5.16,2024-05-16 00:00:00,701S001,0,,,,3.7,,16,5,2024,20.1,,14.3,,52,,8.5,,QC,,,,,QUEBEC/JEAN LESAGE INTL,26892,0,,,,,,"{""type"": ""Point"", ""coordinates"": [-71.38166666666666, 46.80361111111111]}"
701S001.2024.5.17,2024-05-17 00:00:00,701S001,0,,16,,2.8,,17,5,2024,19.3,,15.2,,64,,11,,QC,,,34,,QUEBEC/JEAN LESAGE INTL,26892,18,,,,,,"{""type"": ""Point"", ""coordinates"": [-71.38166666666666, 46.80361111111111]}"
701S001.2024.5.18,2024-05-18 00:00:00,701S001,0,,,,4.8,,18,5,2024,16.4,,13.2,,80,,10,,QC,,,,,QUEBEC/JEAN LESAGE INTL,26892,0.9,,,,,,"{""type"": ""Point"", ""coordinates"": [-71.38166666666666, 46.80361111111111]}"
701S001.2024.5.19,2024-05-19 00:00:00,701S001,0,,,,1.5,,19,5,2024,23.3,,16.5,,55,,9.7,,QC,,,,,QUEBEC/JEAN LESAGE INTL,26892,0,,,,,,"{""type"": ""Point"", ""coordinates"": [-71.38166666666666, 46.80361111111111]}"
701S001.2024.5.20,2024-05-20 00:00:00,701S001,0.5,,31,,0,,20,5,2024,27.8,,18.5,,53,,9.2,,QC,,,60,,QUEBEC/JEAN LESAGE INTL,26892,1.8,,,,,,"{""type"": ""Point"", ""coordinates"": [-71.38166666666666, 46.80361111111111]}"
701S001.2024.5.21,2024-05-21 00:00:00,701S001,1.3,,,,0,,21,5,2024,26,,19.3,,41,,12.5,,QC,,,,,QUEBEC/JEAN LESAGE INTL,26892,0,,,,,,"{""type"": ""Point"", ""coordinates"": [-71.38166666666666, 46.80361111111111]}"
701S001.2024.5.22,2024-05-22 00:00:00,701S001,2.3,,,,0,,22,5,2024,27.8,,20.3,,53,,12.8,,QC,,,,,QUEBEC/JEAN LESAGE INTL,26892,0,,,,,,"{""type"": ""Point"", ""coordinates"": [-71.38166666666666, 46.80361111111111]}"
701S001.2024.5.23,2024-05-23 00:00:00,701S001,1.4,,25,,0,,23,5,2024,25.1,,19.4,,38,,13.7,,QC,,,40,,QUEBEC/JEAN LESAGE INTL,26892,8.2,,,,,,"{""type"": ""Point"", ""coordinates"": [-71.38166666666666, 46.80361111111111]}"
701S001.2024.5.24,2024-05-24 00:00:00,701S001,0,,24,,5.7,,24,5,2024,17.8,,12.3,,44,,6.7,,QC,,,45,,QUEBEC/JEAN LESAGE INTL,26892,1.1,,,,,,"{""type"": ""Point"", ""coordinates"": [-71.38166666666666, 46.80361111111111]}"
701S001.2024.5.25,2024-05-25 00:00:00,701S001,0,,,,4.5,,25,5,2024,20.3,,13.5,,38,,6.7,,QC,,,,,QUEBEC/JEAN LESAGE INTL,26892,0,,,,,,"{""type"": ""Point"", ""coordinates"": [-71.38166666666666, 46.80361111111111]}"
701S001.2024.5.26,2024-05-26 00:00:00,701S001,0,,,,3.1,,26,5,2024,19.2,,14.9,,58,,10.7,,QC,,,,,QUEBEC/JEAN LESAGE INTL,26892,0,,,,,,"{""type"": ""Point"", ""coordinates"": [-71.38166666666666, 46.80361111111111]}"
701S001.2024.5.27,2024-05-27 00:00:00,701S001,0,,11,,4.8,,27,5,2024,15.7,,13.2,,77,,10.7,,QC,,,44,,QUEBEC/JEAN LESAGE INTL,26892,20.6,,,,,,"{""type"": ""Point"", ""coordinates"": [-71.38166666666666, 46.80361111111111]}"
701S001.2024.5.28,2024-05-28 00:00:00,701S001,0,,24,,0.9,,28,5,2024,21.5,,17.1,,61,,12.7,,QC,,,44,,QUEBEC/JEAN LESAGE INTL,26892,2,,,,,,"{""type"": ""Point"", ""coordinates"": [-71.38166666666666, 46.80361111111111]}"
701S001.2024.5.29,2024-05-29 00:00:00,701S001,0,,31,,5.7,,29,5,2024,17.8,,12.3,,45,,6.9,,QC,,,32,,QUEBEC/JEAN LESAGE INTL,26892,0,,,,,,"{""type"": ""Point"", ""coordinates"": [-71.38166666666666, 46.80361111111111]}"
701S001.2024.5.30,2024-05-30 00:00:00,701S001,0,,32,,5.7,,30,5,2024,20.9,,12.3,,28,,3.6,,QC,,,35,,QUEBEC/JEAN LESAGE INTL,26892,0,,,,,,"{""type"": ""Point"", ""coordinates"": [-71.38166666666666, 46.80361111111111]}"
701S001.2024.5.31,2024-05-31 00:00:00,701S001,0,,28,,3,,31,5,2024,23.4,,15,,25,,6.7,,QC,,,31,,QUEBEC/JEAN LESAGE INTL,26892,0,,,,,,"{""type"": ""Point"", ""coordinates"": [-71.38166666666666, 46.80361111111111]}"
701S001.2024.6.1,2024-06-01 00:00:00,701S001,0,,,,4.5,,1,6,2024,21.8,,13.5,,30,,5.1,,QC,,,,,QUEBEC/JEAN LESAGE INTL,26892,0,,,,,,"{""type"": ""Point"", ""coordinates"": [-71.38166666666666, 46.80361111111111]}"
701S001.2024.6.2,2024-06-02 00:00:00,701S001,0,,,,1,,2,6,2024,27,,17,,31,,6.9,,QC,,,,,QUEBEC/JEAN LESAGE INTL,26892,0,,,,,,"{""type"": ""Point"", ""coordinates"": [-71.38166666666666, 46.80361111111111]}"
701S001.2024.6.3,2024-06-03 00:00:00,701S001,1.6,,8,,0,,3,6,2024,29.1,,19.6,,31,,10,,QC,,,31,,QUEBEC/JEAN LESAGE INTL,26892,0,,,,,,"{""type"": ""Point"", ""coordinates"": [-71.38166666666666, 46.80361111111111]}"
701S001.2024.6.4,2024-06-04 00:00:00,701S001,0,,,,1.4,,4,6,2024,22.2,,16.6,,66,,11.1,,QC,,,,,QUEBEC/JEAN LESAGE INTL,26892,0,,,,,,"{""type"": ""Point"", ""coordinates"": [-71.38166666666666, 46.80361111111111]}"
701S001.2024.6.5,2024-06-05 00:00:00,701S001,0.8,,,,0,,5,6,2024,26.7,,18.8,,52,,10.8,,QC,,,,,QUEBEC/JEAN LESAGE INTL,26892,0,,,,,,"{""type"": ""Point"", ""coordinates"": [-71.38166666666666, 46.80361111111111]}"
701S001.2024.6.6,2024-06-06 00:00:00,701S001,1.3,,10,,0,,6,6,2024,25.5,,19.3,,56,,13,,QC,,,31,,QUEBEC/JEAN LESAGE INTL,26892,0,,,,,,"{""type"": ""Point"", ""coordinates"": [-71.38166666666666, 46.80361111111111]}"
701S001.2024.6.7,2024-06-07 00:00:00,701S001,0,,,,0.9,,7,6,2024,19.8,,17.1,,82,,14.4,,QC,,,,,QUEBEC/JEAN LESAGE INTL,26892,25.8,,,,,,"{""type"": ""Point"", ""coordinates"": [-71.38166666666666, 46.80361111111111]}"
701S001.2024.6.8,2024-06-08 00:00:00,701S001,0,,,,1.1,,8,6,2024,19.7,,16.9,,69,,14.1,,QC,,,,,QUEBEC/JEAN LESAGE INTL,26892,12.6,,,,,,"{""type"": ""Point"", ""coordinates"": [-71.38166666666666, 46.80361111111111]}"
701S001.2024.6.9,2024-06-09 00:00:00,701S001,0,,,,3.1,,9,6,2024,17,,14.9,,82,,12.7,,QC,,,,,QUEBEC/JEAN LESAGE INTL,26892,11.4,,,,,,"{""type"": ""Point"", ""coordinates"": [-71.38166666666666, 46.80361111111111]}"
701S001.2024.6.10,2024-06-10 00:00:00,701S001,0,,26,,2,,10,6,2024,20.6,,16,,71,,11.5,,QC,,,33,,QUEBEC/JEAN LESAGE INTL,26892,4.5,,,,,,"{""type"": ""Point"", ""coordinates"": [-71.38166666666666, 46.80361111111111]}"
701S001.2024.6.11,2024-06-11 00:00:00,701S001,0,,,,2.2,,11,6,2024,21.3,,15.8,,66,,10.2,,QC,,,,,QUEBEC/JEAN LESAGE INTL,26892,0,,,,,,"{""type"": ""Point"", ""coordinates"": [-71.38166666666666, 46.80361111111111]}"
701S001.2024.6.12,2024-06-12 00:00:00,701S001,0,,,,1,,12,6,2024,22.4,,17,,57,,11.6,,QC,,,,,QUEBEC/JEAN LESAGE INTL,26892,0,,,,,,"{""type"": ""Point"", ""coordinates"": [-71.38166666666666, 46.80361111111111]}"
701S001.2024.6.13,2024-06-13 00:00:00,701S001,1,,,,0,,13,6,2024,26,,19,,52,,11.9,,QC,,,,,QUEBEC/JEAN LESAGE INTL,26892,8.4,,,,,,"{""type"": ""Point"", ""coordinates"": [-71.38166666666666, 46.80361111111111]}"
701S001.2024.6.14,2024-06-14 00:00:00,701S001,0.3,,28,,0,,14,6,2024,24.1,,18.3,,50,,12.6,,QC,,,40,,QUEBEC/JEAN LESAGE INTL,26892,2.8,,,,,,"{""type"": ""Point"", ""coordinates"": [-71.38166666666666, 46.80361111111111]}"
701S001.2024.6.15,2024-06-15 00:00:00,701S001,0,,26,,5.9,,15,6,2024,19,,12.1,,35,,5.2,,QC,,,36,,QUEBEC/JEAN LESAGE INTL,26892,0,,,,,,"{""type"": ""Point"", ""coordinates"": [-71.38166666666666, 46.80361111111111]}"
701S001.2024.6.16,2024-06-16 00:00:00,701S001,0,,,,4.4,,16,6,2024,22.1,,13.6,,35,,5.2,,QC,,,,,QUEBEC/JEAN LESAGE INTL,26892,0,,,,,,"{""type"": ""Point"", ""coordinates"": [-71.38166666666666, 46.80361111111111]}"
701S001.2024.6.17,2024-06-17 00:00:00,701S001,0,,,,1.9,,17,6,2024,22.8,,16.1,,59,,9.3,,QC,,,,,QUEBEC/JEAN LESAGE INTL,26892,0.1,,,,,,"{""type"": ""Point"", ""coordinates"": [-71.38166666666666, 46.80361111111111]}"
701S001.2024.6.18,2024-06-18 00:00:00,701S001,5.9,,,,0,,18,6,2024,31.3,,23.9,,56,,16.4,,QC,,,,,QUEBEC/JEAN LESAGE INTL,26892,0,,,,,,"{""type"": ""Point"", ""coordinates"": [-71.38166666666666, 46.80361111111111]}"
701S001.2024.6.19,2024-06-19 00:00:00,701S001,8.9,,22,,0,,19,6,2024,33.4,,26.9,,53,,20.4,,QC,,,40,,QUEBEC/JEAN LESAGE INTL,26892,0,,,,,,"{""type"": ""Point"", ""coordinates"": [-71.38166666666666, 46.80361111111111]}"
701S001.2024.6.20,2024-06-20 00:00:00,701S001,4.6,,29,,0,,20,6,2024,29.9,,22.6,,43,,15.2,,QC,,,38,,QUEBEC/JEAN LESAGE INTL,26892,0,,,,,,"{""type"": ""Point"", ""coordinates"": [-71.38166666666666, 46.80361111111111]}"
701S001.2024.6.21,2024-06-21 00:00:00,701S001,0,,,,1.1,,21,6,2024,22.9,,16.9,,44,,10.8,,QC,,,,,QUEBEC/JEAN LESAGE INTL,26892,0,,,,,,"{""type"": ""Point"", ""coordinates"": [-71.38166666666666, 46.80361111111111]}"
701S001.2024.6.22,2024-06-22 00:00:00,701S001,0.6,,,,0,,22,6,2024,25.2,,18.6,,48,,11.9,,QC,,,,,QUEBEC/JEAN LESAGE INTL,26892,0,,,,,,"{""type"": ""Point"", ""coordinates"": [-71.38166666666666, 46.80361111111111]}"
701S001.2024.6.23,2024-06-23 00:00:00,701S001,0,,9,,1.8,,23,6,2024,17.6,,16.2,,82,,14.7,,QC,,,40,,QUEBEC/JEAN LESAGE INTL,26892,56.2,,,,,,"{""type"": ""Point"", ""coordinates"": [-71.38166666666666, 46.80361111111111]}"
701S001.2024.6.24,2024-06-24 00:00:00,701S001,0.2,,,,0,,24,6,2024,24.1,,18.2,,64,,12.3,,QC,,,,,QUEBEC/JEAN LESAGE INTL,26892,1.8,,,,,,"{""type"": ""Point"", ""coordinates"": [-71.38166666666666, 46.80361111111111]}"
701S001.2024.6.25,2024-06-25 00:00:00,701S001,1.5,,25,,0,,25,6,2024,28.2,,19.5,,41,,10.8,,QC,,,31,,QUEBEC/JEAN LESAGE INTL,26892,0,,,,,,"{""type"": ""Point"", ""coordinates"": [-71.38166666666666, 46.80361111111111]}"
701S001.2024.6.26,2024-06-26 00:00:00,701S001,2.9,,31,,0,,26,6,2024,25.3,,20.9,,61,,16.5,,QC,,,36,,QUEBEC/JEAN LESAGE INTL,26892,0.4,,,,,,"{""type"": ""Point"", ""coordinates"": [-71.38166666666666, 46.80361111111111]}"
701S001.2024.6.27,2024-06-27 00:00:00,701S001,0,,29,,2.9,,27,6,2024,20.6,,15.1,,57,,9.6,,QC,,,39,,QUEBEC/JEAN LESAGE INTL,26892,11.8,,,,,,"{""type"": ""Point"", ""coordinates"": [-71.38166666666666, 46.80361111111111]}"
701S001.2024.6.28,2024-06-28 00:00:00,701S001,0,,28,,2.9,,28,6,2024,21.8,,15.1,,40,,8.3,,QC,,,35,,QUEBEC/JEAN LESAGE INTL,26892,0,,,,,,"{""type"": ""Point"", ""coordinates"": [-71.38166666666666, 46.80361111111111]}"
701S001.2024.6.29,2024-06-29 00:00:00,701S001,0,,,,0.7,,29,6,2024,21.3,,17.3,,56,,13.3,,QC,,,,,QUEBEC/JEAN LESAGE INTL,26892,21.2,,,,,,"{""type"": ""Point"", ""coordinates"": [-71.38166666666666, 46.80361111111111]}"
701S001.2024.6.30,2024-06-30 00:00:00,701S001,2.2,,32,,0,,30,6,2024,25.8,,20.2,,52,,14.6,,QC,,,50,,QUEBEC/JEAN LESAGE INTL,26892,6.6,,,,,,"{""type"": ""Point"", ""coordinates"": [-71.38166666666666, 46.80361111111111]}"
701S001.2024.7.1,2024-07-01 00:00:00,701S001,1.2,,,,0,,1,7,2024,26.5,,19.2,,33,,12,,QC,,,,,QUEBEC/JEAN LESAGE INTL,26892,0,,,,,,"{""type"": ""Point"", ""coordinates"": [-71.38166666666666, 46.80361111111111]}"
701S001.2024.7.2,2024-07-02 00:00:00,701S001,1.1,,,,0,,2,7,2024,27.6,,19.1,,35,,10.7,,QC,,,,,QUEBEC/JEAN LESAGE INTL,26892,0,,,,,,"{""type"": ""Point"", ""coordinates"": [-71.38166666666666, 46.80361111111111]}"
701S001.2024.7.3,2024-07-03 00:00:00,701S001,2.6,,16,,0,,3,7,2024,27.8,,20.6,,44,,13.4,,QC,,,34,,QUEBEC/JEAN LESAGE INTL,26892,2,,,,,,"{""type"": ""Point"", ""coordinates"": [-71.38166666666666, 46.80361111111111]}"
701S001.2024.7.4,2024-07-04 00:00:00,701S001,5.2,,22,,0,,4,7,2024,28.5,,23.2,,53,,18,,QC,,,33,,QUEBEC/JEAN LESAGE INTL,26892,1,,,,,,"{""type"": ""Point"", ""coordinates"": [-71.38166666666666, 46.80361111111111]}"
701S001.2024.7.5,2024-07-05 00:00:00,701S001,3.6,,,,0,,5,7,2024,25.8,,21.6,,62,,17.5,,QC,,,,,QUEBEC/JEAN LESAGE INTL,26892,1.1,,,,,,"{""type"": ""Point"", ""coordinates"": [-71.38166666666666, 46.80361111111111]}"
701S001.2024.7.6,2024-07-06 00:00:00,701S001,0.6,,,,0,,6,7,2024,20.5,,18.6,,76,,16.7,,QC,,,,,QUEBEC/JEAN LESAGE INTL,26892,10.5,,,,,,"{""type"": ""Point"", ""coordinates"": [-71.38166666666666, 46.80361111111111]}"
701S001.2024.7.7,2024-07-07 00:00:00,701S001,3.3,,,,0,,7,7,2024,26.4,,21.3,,64,,16.2,,QC,,,,,QUEBEC/JEAN LESAGE INTL,26892,0,,,,,,"{""type"": ""Point"", ""coordinates"": [-71.38166666666666, 46.80361111111111]}"
701S001.2024.7.8,2024-07-08 00:00:00,701S001,3.5,,,,0,,8,7,2024,27.6,,21.5,,65,,15.3,,QC,,,,,QUEBEC/JEAN LESAGE INTL,26892,0,,,,,,"{""type"": ""Point"", ""coordinates"": [-71.38166666666666, 46.80361111111111]}"
701S001.2024.7.9,2024-07-09 00:00:00,701S001,2.6,,,,0,,9,7,2024,25.6,,20.6,,72,,15.6,,QC,,,,,QUEBEC/JEAN LESAGE INTL,26892,2.6,,,,,,"{""type"": ""Point"", ""coordinates"": [-71.38166666666666, 46.80361111111111]}"
701S001.2024.7.10,2024-07-10 00:00:00,701S001,1.2,,,,0,,10,7,2024,24.1,,19.2,,79,,14.3,,QC,,,,,QUEBEC/JEAN LESAGE INTL,26892,6,,,,,,"{""type"": ""Point"", ""coordinates"": [-71.38166666666666, 46.80361111111111]}"
701S001.2024.7.11,2024-07-11 00:00:00,701S001,1.1,,9,,0,,11,7,2024,20.9,,19.1,,76,,17.3,,QC,,,43,,QUEBEC/JEAN LESAGE INTL,26892,7.6,,,,,,"{""type"": ""Point"", ""coordinates"": [-71.38166666666666, 46.80361111111111]}"
701S001.2024.7.12,2024-07-12 00:00:00,701S001,3.3,,,,0,,12,7,2024,25.5,,21.3,,71,,17,,QC,,,,,QUEBEC/JEAN LESAGE INTL,26892,0,,,,,,"{""type"": ""Point"", ""coordinates"": [-71.38166666666666, 46.80361111111111]}"
701S001.2024.7.13,2024-07-13 00:00:00,701S001,4.3,,,,0,,13,7,2024,27.2,,22.3,,67,,17.3,,QC,,,,,QUEBEC/JEAN LESAGE INTL,26892,0,,,,,,"{""type"": ""Point"", ""coordinates"": [-71.38166666666666, 46.80361111111111]}"
701S001.2024.7.14,2024-07-14 00:00:00,701S001,4.5,,,,0,,14,7,2024,29.1,,22.5,,53,,15.9,,QC,,,,,QUEBEC/JEAN LESAGE INTL,26892,0,,,,,,"{""type"": ""Point"", ""coordinates"": [-71.38166666666666, 46.80361111111111]}"
701S001.2024.7.15,2024-07-15 00:00:00,701S001,4.7,,31,,0,,15,7,2024,28.8,,22.7,,61,,16.7,,QC,,,46,,QUEBEC/JEAN LESAGE INTL,26892,0.8,,,,,,"{""type"": ""Point"", ""coordinates"": [-71.38166666666666, 46.80361111111111]}"
701S001.2024.7.16,2024-07-16 00:00:00,701S001,5.1,,,,0,,16,7,2024,27,,23.1,,71,,19.2,,QC,,,,,QUEBEC/JEAN LESAGE INTL,26892,2.6,,,,,,"{""type"": ""Point"", ""coordinates"": [-71.38166666666666, 46.80361111111111]}"
701S001.2024.7.17,2024-07-17 00:00:00,701S001,4.8,,22,,0,,17,7,2024,28.2,,22.8,,58,,17.3,,QC,,,42,,QUEBEC/JEAN LESAGE INTL,26892,0.6,,,,,,"{""type"": ""Point"", ""coordinates"": [-71.38166666666666, 46.80361111111111]}"
701S001.2024.7.18,2024-07-18 00:00:00,701S001,1.4,,28,,0,,18,7,2024,24.9,,19.4,,54,,13.8,,QC,,,45,,QUEBEC/JEAN LESAGE INTL,26892,9.2,,,,,,"{""type"": ""Point"", ""coordinates"": [-71.38166666666666, 46.80361111111111]}"
701S001.2024.7.19,2024-07-19 00:00:00,701S001,0.8,,24,,0,,19,7,2024,25.1,,18.8,,47,,12.6,,QC,,,34,,QUEBEC/JEAN LESAGE INTL,26892,0,,,,,,"{""type"": ""Point"", ""coordinates"": [-71.38166666666666, 46.80361111111111]}"
701S001.2024.7.20,2024-07-20 00:00:00,701S001,1,,31,,0,,20,7,2024,26.1,,19,,52,,11.8,,QC,,,48,,QUEBEC/JEAN LESAGE INTL,26892,4.8,,,,,,"{""type"": ""Point"", ""coordinates"": [-71.38166666666666, 46.80361111111111]}"
701S001.2024.7.21,2024-07-21 00:00:00,701S001,0,,26,,2.9,,21,7,2024,22.9,,15.1,,44,,7.2,,QC,,,35,,QUEBEC/JEAN LESAGE INTL,26892,0,,,,,,"{""type"": ""Point"", ""coordinates"": [-71.38166666666666, 46.80361111111111]}"
701S001.2024.7.22,2024-07-22 00:00:00,701S001,0,,25,,0.9,,22,7,2024,25.3,,17.1,,46,,8.9,,QC,,,31,,QUEBEC/JEAN LESAGE INTL,26892,0,,,,,,"{""type"": ""Point"", ""coordinates"": [-71.38166666666666, 46.80361111111111]}"
701S001.2024.7.23,2024-07-23 00:00:00,701S001,0.9,,,,0,,23,7,2024,24.8,,18.9,,50,,12.9,,QC,,,,,QUEBEC/JEAN LESAGE INTL,26892,0,,,,,,"{""type"": ""Point"", ""coordinates"": [-71.38166666666666, 46.80361111111111]}"
701S001.2024.7.24,2024-07-24 00:00:00,701S001,1.5,,,,0,,24,7,2024,26.3,,19.5,,54,,12.6,,QC,,,,,QUEBEC/JEAN LESAGE INTL,26892,16.4,,,,,,"{""type"": ""Point"", ""coordinates"": [-71.38166666666666, 46.80361111111111]}"
701S001.2024.7.25,2024-07-25 00:00:00,701S001,2.9,,21,,0,,25,7,2024,24.7,,20.9,,63,,17.2,,QC,,,41,,QUEBEC/JEAN LESAGE INTL,26892,8.4,,,,,,"{""type"": ""Point"", ""coordinates"": [-71.38166666666666, 46.80361111111111]}"
701S001.2024.7.26,2024-07-26 00:00:00,701S001,2.3,,,,0,,26,7,2024,26.8,,20.3,,36,,13.9,,QC,,,,,QUEBEC/JEAN LESAGE INTL,26892,0,,,,,,"{""type"": ""Point"", ""coordinates"": [-71.38166666666666, 46.80361111111111]}"
701S001.2024.7.27,2024-07-27 00:00:00,701S001,1.2,,,,0,,27,7,2024,27.2,,19.2,,45,,11.1,,QC,,,,,QUEBEC/JEAN LESAGE INTL,26892,0,,,,,,"{""type"": ""Point"", ""coordinates"": [-71.38166666666666, 46.80361111111111]}"
701S001.2024.7.28,2024-07-28 00:00:00,701S001,4.9,,,,0,,28,7,2024,29.4,,22.9,,51,,16.3,,QC,,,,,QUEBEC/JEAN LESAGE INTL,26892,0,,,,,,"{""type"": ""Point"", ""coordinates"": [-71.38166666666666, 46.80361111111111]}"
701S001.2024.7.29,2024-07-29 00:00:00,701S001,5.4,,,,0,,29,7,2024,32.1,,23.4,,42,,14.7,,QC,,,,,QUEBEC/JEAN LESAGE INTL,26892,0,,,,,,"{""type"": ""Point"", ""coordinates"": [-71.38166666666666, 46.80361111111111]}"
701S001.2024.7.30,2024-07-30 00:00:00,701S001,5.6,,,,0,,30,7,2024,28.5,,23.6,,63,,18.6,,QC,,,,,QUEBEC/JEAN LESAGE INTL,26892,0,,,,,,"{""type"": ""Point"", ""coordinates"": [-71.38166666666666, 46.80361111111111]}"
701S001.2024.7.31,2024-07-31 00:00:00,701S001,5.6,,,,0,,31,7,2024,28.3,,23.6,,74,,18.8,,QC,,,,,QUEBEC/JEAN LESAGE INTL,26892,8.2,,,,,,"{""type"": ""Point"", ""coordinates"": [-71.38166666666666, 46.80361111111111]}"
701S001.2024.8.1,2024-08-01 00:00:00,701S001,6.5,,,,0,,1,8,2024,31.3,,24.5,,50,,17.7,,QC,,,,,QUEBEC/JEAN LESAGE INTL,26892,0,,,,,,"{""type"": ""Point"", ""coordinates"": [-71.38166666666666, 46.80361111111111]}"
701S001.2024.8.2,2024-08-02 00:00:00,701S001,6.9,,26,,0,,2,8,2024,31,,24.9,,61,,18.8,,QC,,,33,,QUEBEC/JEAN LESAGE INTL,26892,0,,,,,,"{""type"": ""Point"", ""coordinates"": [-71.38166666666666, 46.80361111111111]}"
701S001.2024.8.3,2024-08-03 00:00:00,701S001,6.8,,31,,0,,3,8,2024,31.5,,24.8,,57,,18,,QC,,,38,,QUEBEC/JEAN LESAGE INTL,26892,0.4,,,,,,"{""type"": ""Point"", ""coordinates"": [-71.38166666666666, 46.80361111111111]}"
701S001.2024.8.4,2024-08-04 00:00:00,701S001,5,,,,0,,4,8,2024,29.7,,23,,55,,16.4,,QC,,,,,QUEBEC/JEAN LESAGE INTL,26892,1.4,,,,,,"{""type"": ""Point"", ""coordinates"": [-71.38166666666666, 46.80361111111111]}"
701S001.2024.8.5,2024-08-05 00:00:00,701S001,1,,27,,0,,5,8,2024,25.6,,19,,38,,12.4,,QC,,,32,,QUEBEC/JEAN LESAGE INTL,26892,4.7,,,,,,"{""type"": ""Point"", ""coordinates"": [-71.38166666666666, 46.80361111111111]}"
701S001.2024.8.6,2024-08-06 00:00:00,701S001,0,,24,,1.2,,6,8,2024,23.2,,16.8,,52,,10.4,,QC,,,41,,QUEBEC/JEAN LESAGE INTL,26892,0,,,,,,"{""type"": ""Point"", ""coordinates"": [-71.38166666666666, 46.80361111111111]}"
701S001.2024.8.7,2024-08-07 00:00:00,701S001,0,,,,1,,7,8,2024,23.9,,17,,36,,10,,QC,,,,,QUEBEC/JEAN LESAGE INTL,26892,0,,,,,,"{""type"": ""Point"", ""coordinates"": [-71.38166666666666, 46.80361111111111]}"
701S001.2024.8.8,2024-08-08 00:00:00,701S001,0.2,,,,0,,8,8,2024,27.1,,18.2,,37,,9.3,,QC,,,,,QUEBEC/JEAN LESAGE INTL,26892,0,,,,,,"{""type"": ""Point"", ""coordinates"": [-71.38166666666666, 46.80361111111111]}"
701S001.2024.8.9,2024-08-09 00:00:00,701S001,0,,7,,0.3,,9,8,2024,19.4,,17.7,,75,,16,,QC,,,46,,QUEBEC/JEAN LESAGE INTL,26892,81.9,,,,,,"{""type"": ""Point"", ""coordinates"": [-71.38166666666666, 46.80361111111111]}"
701S001.2024.8.10,2024-08-10 00:00:00,701S001,2.3,,24,,0,,10,8,2024,24.2,,20.3,,63,,16.4,,QC,,,35,,QUEBEC/JEAN LESAGE INTL,26892,0.3,,,,,,"{""type"": ""Point"", ""coordinates"": [-71.38166666666666, 46.80361111111111]}"
701S001.2024.8.11,2024-08-11 00:00:00,701S001,1.7,,24,,0,,11,8,2024,23.5,,19.7,,55,,15.9,,QC,,,35,,QUEBEC/JEAN LESAGE INTL,26892,0,,,,,,"{""type"": ""Point"", ""coordinates"": [-71.38166666666666, 46.80361111111111]}"
701S001.2024.8.12,2024-08-12 00:00:00,701S001,1,,,,0,,12,8,2024,23.3,,19,,55,,14.8,,QC,,,,,QUEBEC/JEAN LESAGE INTL,26892,0.4,,,,,,"{""type"": ""Point"", ""coordinates"": [-71.38166666666666, 46.80361111111111]}"
701S001.2024.8.13,2024-08-13 00:00:00,701S001,1.2,,,,0,,13,8,2024,26.7,,19.2,,48,,11.8,,QC,,,,,QUEBEC/JEAN LESAGE INTL,26892,0,,,,,,"{""type"": ""Point"", ""coordinates"": [-71.38166666666666, 46.80361111111111]}"
701S001.2024.8.14,2024-08-14 00:00:00,701S001,1.7,,,,0,,14,8,2024,26.4,,19.7,,60,,13,,QC,,,,,QUEBEC/JEAN LESAGE INTL,26892,0.4,,,,,,"{""type"": ""Point"", ""coordinates"": [-71.38166666666666, 46.80361111111111]}"
701S001.2024.8.15,2024-08-15 00:00:00,701S001,,M,,M,,M,15,8,2024,,M,,M,,M,,M,QC,,,,M,QUEBEC/JEAN LESAGE INTL,26892,,M,,,,,"{""type"": ""Point"", ""coordinates"": [-71.38166666666666, 46.80361111111111]}"
701S001.2024.8.16,2024-08-16 00:00:00,701S001,3,,,,0,,16,8,2024,26.7,,21,,65,,15.4,,QC,,,,,QUEBEC/JEAN LESAGE INTL,26892,0,,,,,,"{""type"": ""Point"", ""coordinates"": [-71.38166666666666, 46.80361111111111]}"
701S001.2024.8.17,2024-08-17 00:00:00,701S001,3.2,,,,0,,17,8,2024,27.6,,21.2,,63,,14.8,,QC,,,,,QUEBEC/JEAN LESAGE INTL,26892,0.2,,,,,,"{""type"": ""Point"", ""coordinates"": [-71.38166666666666, 46.80361111111111]}"
701S001.2024.8.18,2024-08-18 00:00:00,701S001,2.8,,,,0,,18,8,2024,22.4,,20.8,,78,,19.2,,QC,,,,,QUEBEC/JEAN LESAGE INTL,26892,2.2,,,,,,"{""type"": ""Point"", ""coordinates"": [-71.38166666666666, 46.80361111111111]}"
701S001.2024.8.19,2024-08-19 00:00:00,701S001,,M,,M,,M,19,8,2024,,M,,M,,M,,M,QC,,,,M,QUEBEC/JEAN LESAGE INTL,26892,,M,,,,,"{""type"": ""Point"", ""coordinates"": [-71.38166666666666, 46.80361111111111]}"
701S001.2024.8.20,2024-08-20 00:00:00,701S001,0,,,,3.5,,20,8,2024,16.5,,14.5,,80,,12.5,,QC,,,,,QUEBEC/JEAN LESAGE INTL,26892,11.4,,,,,,"{""type"": ""Point"", ""coordinates"": [-71.38166666666666, 46.80361111111111]}"
701S001.2024.8.21,2024-08-21 00:00:00,701S001,0,,8,,3,,21,8,2024,17.5,,15,,68,,12.5,,QC,,,37,,QUEBEC/JEAN LESAGE INTL,26892,7.2,,,,,,"{""type"": ""Point"", ""coordinates"": [-71.38166666666666, 46.80361111111111]}"
701S001.2024.8.22,2024-08-22 00:00:00,701S001,0,,,,2.4,,22,8,2024,18.7,,15.6,,72,,12.5,,QC,,,,,QUEBEC/JEAN LESAGE INTL,26892,7.7,,,,,,"{""type"": ""Point"", ""coordinates"": [-71.38166666666666, 46.80361111111111]}"
701S001.2024.8.23,2024-08-23 00:00:00,701S001,0,,,,1.2,,23,8,2024,23.2,,16.8,,57,,10.5,,QC,,,,,QUEBEC/JEAN LESAGE INTL,26892,0,,,,,,"{""type"": ""Point"", ""coordinates"": [-71.38166666666666, 46.80361111111111]}"
701S001.2024.8.24,2024-08-24 00:00:00,701S001,0.9,,,,0,,24,8,2024,25.7,,18.9,,57,,12.1,,QC,,,,,QUEBEC/JEAN LESAGE INTL,26892,0,,,,,,"{""type"": ""Point"", ""coordinates"": [-71.38166666666666, 46.80361111111111]}"
701S001.2024.8.25,2024-08-25 00:00:00,701S001,2,,,,0,,25,8,2024,25.5,,20,,62,,14.5,,QC,,,,,QUEBEC/JEAN LESAGE INTL,26892,0,,,,,,"{""type"": ""Point"", ""coordinates"": [-71.38166666666666, 46.80361111111111]}"
701S001.2024.8.26,2024-08-26 00:00:00,701S001,2.4,,,,0,,26,8,2024,26.9,,20.4,,54,,13.9,,QC,,,,,QUEBEC/JEAN LESAGE INTL,26892,0,,,,,,"{""type"": ""Point"", ""coordinates"": [-71.38166666666666, 46.80361111111111]}"
701S001.2024.8.27,2024-08-27 00:00:00,701S001,2,,25,,0,,27,8,2024,27.1,,20,,65,,12.9,,QC,,,33,,QUEBEC/JEAN LESAGE INTL,26892,4.6,,,,,,"{""type"": ""Point"", ""coordinates"": [-71.38166666666666, 46.80361111111111]}"
701S001.2024.8.28,2024-08-28 00:00:00,701S001,0,,36,,2.7,,28,8,2024,20.4,,15.3,,51,,10.3,,QC,,,36,,QUEBEC/JEAN LESAGE INTL,26892,4,,,,,,"{""type"": ""Point"", ""coordinates"": [-71.38166666666666, 46.80361111111111]}"
701S001.2024.8.29,2024-08-29 00:00:00,701S001,0,,,,3.1,,29,8,2024,21.3,,14.9,,48,,8.5,,QC,,,,,QUEBEC/JEAN LESAGE INTL,26892,0,,,,,,"{""type"": ""Point"", ""coordinates"": [-71.38166666666666, 46.80361111111111]}"
701S001.2024.8.30,2024-08-30 00:00:00,701S001,0,,,,1.1,,30,8,2024,25.8,,16.9,,44,,8,,QC,,,,,QUEBEC/JEAN LESAGE INTL,26892,0,,,,,,"{""type"": ""Point"", ""coordinates"": [-71.38166666666666, 46.80361111111111]}"
701S001.2024.8.31,2024-08-31 00:00:00,701S001,0,,,,0.5,,31,8,2024,19,,17.5,,70,,16,,QC,,,,,QUEBEC/JEAN LESAGE INTL,26892,13.7,,,,,,"{""type"": ""Point"", ""coordinates"": [-71.38166666666666, 46.80361111111111]}"
701S001.2024.9.1,2024-09-01 00:00:00,701S001,0,,31,,1,,1,9,2024,25.8,,17,,56,,8.2,,QC,,,48,,QUEBEC/JEAN LESAGE INTL,26892,11.2,,,,,,"{""type"": ""Point"", ""coordinates"": [-71.38166666666666, 46.80361111111111]}"
701S001.2024.9.2,2024-09-02 00:00:00,701S001,0,,30,,6.5,,2,9,2024,16.3,,11.5,,54,,6.7,,QC,,,36,,QUEBEC/JEAN LESAGE INTL,26892,0,,,,,,"{""type"": ""Point"", ""coordinates"": [-71.38166666666666, 46.80361111111111]}"
701S001.2024.9.3,2024-09-03 00:00:00,701S001,0,,26,,5.5,,3,9,2024,20.5,,12.5,,45,,4.6,,QC,,,35,,QUEBEC/JEAN LESAGE INTL,26892,0,,,,,,"{""type"": ""Point"", ""coordinates"": [-71.38166666666666, 46.80361111111111]}"
701S001.2024.9.4,2024-09-04 00:00:00,701S001,0,,,,2,,4,9,2024,24,,16,,55,,8,,QC,,,,,QUEBEC/JEAN LESAGE INTL,26892,0,,,,,,"{""type"": ""Point"", ""coordinates"": [-71.38166666666666, 46.80361111111111]}"
701S001.2024.9.5,2024-09-05 00:00:00,701S001,0,,,,0,,5,9,2024,25.4,,18,,52,,10.5,,QC,,,,,QUEBEC/JEAN LESAGE INTL,26892,0,,,,,,"{""type"": ""Point"", ""coordinates"": [-71.38166666666666, 46.80361111111111]}"
701S001.2024.9.6,2024-09-06 00:00:00,701S001,0,,,,0.2,,6,9,2024,25.4,,17.8,,45,,10.2,,QC,,,,,QUEBEC/JEAN LESAGE INTL,26892,0,,,,,,"{""type"": ""Point"", ""coordinates"": [-71.38166666666666, 46.80361111111111]}"
701S001.2024.9.7,2024-09-07 00:00:00,701S001,0,,9,,1.4,,7,9,2024,22.2,,16.6,,64,,11,,QC,,,39,,QUEBEC/JEAN LESAGE INTL,26892,5.4,,,,,,"{""type"": ""Point"", ""coordinates"": [-71.38166666666666, 46.80361111111111]}"
701S001.2024.9.8,2024-09-08 00:00:00,701S001,0,,24,,7.1,,8,9,2024,13.5,,10.9,,64,,8.3,,QC,,,38,,QUEBEC/JEAN LESAGE INTL,26892,8.1,,,,,,"{""type"": ""Point"", ""coordinates"": [-71.38166666666666, 46.80361111111111]}"
701S001.2024.9.9,2024-09-09 00:00:00,701S001,0,,27,,4.7,,9,9,2024,17.8,,13.3,,58,,8.9,,QC,,,34,,QUEBEC/JEAN LESAGE INTL,26892,0.1,,,,,,"{""type"": ""Point"", ""coordinates"": [-71.38166666666666, 46.80361111111111]}"
701S001.2024.9.10,2024-09-10 00:00:00,701S001,0,,24,,6.5,,10,9,2024,17.6,,11.5,,51,,5.3,,QC,,,32,,QUEBEC/JEAN LESAGE INTL,26892,0,,,,,,"{""type"": ""Point"", ""coordinates"": [-71.38166666666666, 46.80361111111111]}"
701S001.2024.9.11,2024-09-11 00:00:00,701S001,0,,,,5.4,,11,9,2024,22.1,,12.6,,57,,3.1,,QC,,,,,QUEBEC/JEAN LESAGE INTL,26892,0,,,,,,"{""type"": ""Point"", ""coordinates"": [-71.38166666666666, 46.80361111111111]}"
701S001.2024.9.12,2024-09-12 00:00:00,701S001,0,,,,3.1,,12,9,2024,20.8,,14.9,,79,,9,,QC,,,,,QUEBEC/JEAN LESAGE INTL,26892,0,,,,,,"{""type"": ""Point"", ""coordinates"": [-71.38166666666666, 46.80361111111111]}"
701S001.2024.9.13,2024-09-13 00:00:00,701S001,0.3,,,,0,,13,9,2024,25.7,,18.3,,61,,11,,QC,,,,,QUEBEC/JEAN LESAGE INTL,26892,0,,,,,,"{""type"": ""Point"", ""coordinates"": [-71.38166666666666, 46.80361111111111]}"
701S001.2024.9.14,2024-09-14 00:00:00,701S001,0,,,,2,,14,9,2024,21.4,,16,,46,,10.6,,QC,,,,,QUEBEC/JEAN LESAGE INTL,26892,0,,,,,,"{""type"": ""Point"", ""coordinates"": [-71.38166666666666, 46.80361111111111]}"
701S001.2024.9.15,2024-09-15 00:00:00,701S001,0,,,,0.9,,15,9,2024,25.8,,17.1,,49,,8.4,,QC,,,,,QUEBEC/JEAN LESAGE INTL,26892,0,,,,,,"{""type"": ""Point"", ""coordinates"": [-71.38166666666666, 46.80361111111111]}"
701S001.2024.9.16,2024-09-16 00:00:00,701S001,1.6,,,,0,,16,9,2024,27.1,,19.6,,57,,12.2,,QC,,,,,QUEBEC/JEAN LESAGE INTL,26892,0,,,,,,"{""type"": ""Point"", ""coordinates"": [-71.38166666666666, 46.80361111111111]}"
701S001.2024.9.17,2024-09-17 00:00:00,701S001,2.8,,,,0,,17,9,2024,27.7,,20.8,,52,,13.8,,QC,,,,,QUEBEC/JEAN LESAGE INTL,26892,0,,,,,,"{""type"": ""Point"", ""coordinates"": [-71.38166666666666, 46.80361111111111]}"
701S001.2024.9.18,2024-09-18 00:00:00,701S001,1.4,,,,0,,18,9,2024,27.1,,19.4,,46,,11.6,,QC,,,,,QUEBEC/JEAN LESAGE INTL,26892,0,,,,,,"{""type"": ""Point"", ""coordinates"": [-71.38166666666666, 46.80361111111111]}"
701S001.2024.9.19,2024-09-19 00:00:00,701S001,0,,9,,2.5,,19,9,2024,20.2,,15.5,,75,,10.8,,QC,,,32,,QUEBEC/JEAN LESAGE INTL,26892,0,,,,,,"{""type"": ""Point"", ""coordinates"": [-71.38166666666666, 46.80361111111111]}"
701S001.2024.9.20,2024-09-20 00:00:00,701S001,0,,7,,0.6,,20,9,2024,21.5,,17.4,,60,,13.3,,QC,,,31,,QUEBEC/JEAN LESAGE INTL,26892,0,,,,,,"{""type"": ""Point"", ""coordinates"": [-71.38166666666666, 46.80361111111111]}"
701S001.2024.9.21,2024-09-21 00:00:00,701S001,0,,10,,3.7,,21,9,2024,19.4,,14.3,,55,,9.2,,QC,,,31,,QUEBEC/JEAN LESAGE INTL,26892,0,,,,,,"{""type"": ""Point"", ""coordinates"": [-71.38166666666666, 46.80361111111111]}"
701S001.2024.9.22,2024-09-22 00:00:00,701S001,0,,11,,4.6,,22,9,2024,17.9,,13.4,,65,,8.9,,QC,,,32,,QUEBEC/JEAN LESAGE INTL,26892,0,,,,,,"{""type"": ""Point"", ""coordinates"": [-71.38166666666666, 46.80361111111111]}"
701S001.2024.9.23,2024-09-23 00:00:00,701S001,0,,,,4,,23,9,2024,17.1,,14,,71,,11,,QC,,,,,QUEBEC/JEAN LESAGE INTL,26892,0,,,,,,"{""type"": ""Point"", ""coordinates"": [-71.38166666666666, 46.80361111111111]}"
701S001.2024.9.24,2024-09-24 00:00:00,701S001,0,,10,,1.7,,24,9,2024,19.9,,16.3,,52,,12.7,,QC,,,31,,QUEBEC/JEAN LESAGE INTL,26892,0,,,,,,"{""type"": ""Point"", ""coordinates"": [-71.38166666666666, 46.80361111111111]}"
701S001.2024.9.25,2024-09-25 00:00:00,701S001,0,,,,4.2,,25,9,2024,15.6,,13.8,,72,,12.1,,QC,,,,,QUEBEC/JEAN LESAGE INTL,26892,8.4,,,,,,"{""type"": ""Point"", ""coordinates"": [-71.38166666666666, 46.80361111111111]}"
701S001.2024.9.26,2024-09-26 00:00:00,701S001,0,,,,3.8,,26,9,2024,15.7,,14.2,,94,,12.7,,QC,,,,,QUEBEC/JEAN LESAGE INTL,26892,41.2,,,,,,"{""type"": ""Point"", ""coordinates"": [-71.38166666666666, 46.80361111111111]}"
701S001.2024.9.27,2024-09-27 00:00:00,701S001,0,,,,2.7,,27,9,2024,19.7,,15.3,,72,,10.8,,QC,,,,,QUEBEC/JEAN LESAGE INTL,26892,1,,,,,,"{""type"": ""Point"", ""coordinates"": [-71.38166666666666, 46.80361111111111]}"
701S001.2024.9.28,2024-09-28 00:00:00,701S001,0,,,,4.6,,28,9,2024,18.5,,13.4,,67,,8.3,,QC,,,,,QUEBEC/JEAN LESAGE INTL,26892,0,,,,,,"{""type"": ""Point"", ""coordinates"": [-71.38166666666666, 46.80361111111111]}"
701S001.2024.9.29,2024-09-29 00:00:00,701S001,0,,,,4,,29,9,2024,21.2,,14,,58,,6.9,,QC,,,,,QUEBEC/JEAN LESAGE INTL,26892,0,,,,,,"{""type"": ""Point"", ""coordinates"": [-71.38166666666666, 46.80361111111111]}"
701S001.2024.9.30,2024-09-30 00:00:00,701S001,0,,10,,4,,30,9,2024,19.3,,14,,55,,8.6,,QC,,,32,,QUEBEC/JEAN LESAGE INTL,26892,0,,,,,,"{""type"": ""Point"", ""coordinates"": [-71.38166666666666, 46.80361111111111]}"
701S001.2024.10.1,2024-10-01 00:00:00,701S001,0,,10,,4.7,,1,10,2024,17.1,,13.3,,70,,9.5,,QC,,,36,,QUEBEC/JEAN LESAGE INTL,26892,0,,,,,,"{""type"": ""Point"", ""coordinates"": [-71.38166666666666, 46.80361111111111]}"
701S001.2024.10.2,2024-10-02 00:00:00,701S001,0,,,,2.9,,2,10,2024,18.4,,15.1,,58,,11.9,,QC,,,,,QUEBEC/JEAN LESAGE INTL,26892,0.5,,,,,,"{""type"": ""Point"", ""coordinates"": [-71.38166666666666, 46.80361111111111]}"
701S001.2024.10.3,2024-10-03 00:00:00,701S001,0,,,,5,,3,10,2024,19.1,,13,,53,,7,,QC,,,,,QUEBEC/JEAN LESAGE INTL,26892,0,,,,,,"{""type"": ""Point"", ""coordinates"": [-71.38166666666666, 46.80361111111111]}"
701S001.2024.10.4,2024-10-04 00:00:00,701S001,0,,,,4.6,,4,10,2024,20.6,,13.4,,59,,6.1,,QC,,,,,QUEBEC/JEAN LESAGE INTL,26892,0,,,,,,"{""type"": ""Point"", ""coordinates"": [-71.38166666666666, 46.80361111111111]}"
701S001.2024.10.5,2024-10-05 00:00:00,701S001,0,,,,9.7,,5,10,2024,12.3,,8.3,,77,,4.3,,QC,,,,,QUEBEC/JEAN LESAGE INTL,26892,3.3,,,,,,"{""type"": ""Point"", ""coordinates"": [-71.38166666666666, 46.80361111111111]}"
701S001.2024.10.6,2024-10-06 00:00:00,701S001,0,,,,9.1,,6,10,2024,13.4,,8.9,,81,,4.5,,QC,,,,,QUEBEC/JEAN LESAGE INTL,26892,1.5,,,,,,"{""type"": ""Point"", ""coordinates"": [-71.38166666666666, 46.80361111111111]}"
701S001.2024.10.7,2024-10-07 00:00:00,701S001,0,,,,8.2,,7,10,2024,12.9,,9.8,,86,,6.8,,QC,,,,,QUEBEC/JEAN LESAGE INTL,26892,20.7,,,,,,"{""type"": ""Point"", ""coordinates"": [-71.38166666666666, 46.80361111111111]}"
701S001.2024.10.8,2024-10-08 00:00:00,701S001,0,,,,10.4,,8,10,2024,12.8,,7.6,,50,,2.3,,QC,,,,,QUEBEC/JEAN LESAGE INTL,26892,0,,,,,,"{""type"": ""Point"", ""coordinates"": [-71.38166666666666, 46.80361111111111]}"
701S001.2024.10.9,2024-10-09 00:00:00,701S001,0,,,,11.5,,9,10,2024,11.9,,6.5,,64,,1.1,,QC,,,,,QUEBEC/JEAN LESAGE INTL,26892,2.2,,,,,,"{""type"": ""Point"", ""coordinates"": [-71.38166666666666, 46.80361111111111]}"
701S001.2024.10.10,2024-10-10 00:00:00,701S001,0,,29,,9,,10,10,2024,12.5,,9,,56,,5.5,,QC,,,38,,QUEBEC/JEAN LESAGE INTL,26892,0,,,,,,"{""type"": ""Point"", ""coordinates"": [-71.38166666666666, 46.80361111111111]}"
701S001.2024.10.11,2024-10-11 00:00:00,701S001,0,,27,,8,,11,10,2024,14.1,,10,,61,,5.9,,QC,,,37,,QUEBEC/JEAN LESAGE INTL,26892,9.3,,,,,,"{""type"": ""Point"", ""coordinates"": [-71.38166666666666, 46.80361111111111]}"
701S001.2024.10.12,2024-10-12 00:00:00,701S001,0,,32,,10.5,,12,10,2024,12.2,,7.5,,52,,2.8,,QC,,,53,,QUEBEC/JEAN LESAGE INTL,26892,4.8,,,,,,"{""type"": ""Point"", ""coordinates"": [-71.38166666666666, 46.80361111111111]}"
701S001.2024.10.13,2024-10-13 00:00:00,701S001,0,,,,12.5,,13,10,2024,10.4,,5.5,,55,,0.6,,QC,,,,,QUEBEC/JEAN LESAGE INTL,26892,0,,,,,,"{""type"": ""Point"", ""coordinates"": [-71.38166666666666, 46.80361111111111]}"
701S001.2024.10.14,2024-10-14 00:00:00,701S001,0,,,,13.1,,14,10,2024,7,,4.9,,70,,2.8,,QC,,,,,QUEBEC/JEAN LESAGE INTL,26892,10.7,,,,,,"{""type"": ""Point"", ""coordinates"": [-71.38166666666666, 46.80361111111111]}"
701S001.2024.10.15,2024-10-15 00:00:00,701S001,0,,28,,11.9,,15,10,2024,9.1,,6.1,,60,,3,,QC,,,41,,QUEBEC/JEAN LESAGE INTL,26892,0,,,,,,"{""type"": ""Point"", ""coordinates"": [-71.38166666666666, 46.80361111111111]}"
701S001.2024.10.16,2024-10-16 00:00:00,701S001,0,,32,,14,,16,10,2024,9.1,,4,,51,,-1.2,,QC,,,38,,QUEBEC/JEAN LESAGE INTL,26892,0,,,,,,"{""type"": ""Point"", ""coordinates"": [-71.38166666666666, 46.80361111111111]}"
701S001.2024.10.17,2024-10-17 00:00:00,701S001,0,,,,13.8,,17,10,2024,11.9,,4.2,,48,,-3.6,,QC,,,,,QUEBEC/JEAN LESAGE INTL,26892,0,,,,,,"{""type"": ""Point"", ""coordinates"": [-71.38166666666666, 46.80361111111111]}"
701S001.2024.10.18,2024-10-18 00:00:00,701S001,0,,,,11.6,,18,10,2024,14.7,,6.4,,46,,-1.8,,QC,,,,,QUEBEC/JEAN LESAGE INTL,26892,0,,,,,,"{""type"": ""Point"", ""coordinates"": [-71.38166666666666, 46.80361111111111]}"
701S001.2024.10.19,2024-10-19 00:00:00,701S001,0,,,,8.1,,19,10,2024,16.3,,9.9,,47,,3.4,,QC,,,,,QUEBEC/JEAN LESAGE INTL,26892,0,,,,,,"{""type"": ""Point"", ""coordinates"": [-71.38166666666666, 46.80361111111111]}"
701S001.2024.10.20,2024-10-20 00:00:00,701S001,0,,25,,9,,20,10,2024,17.2,,9,,56,,0.9,,QC,,,31,,QUEBEC/JEAN LESAGE INTL,26892,0,,,,,,"{""type"": ""Point"", ""coordinates"": [-71.38166666666666, 46.80361111111111]}"
701S001.2024.10.21,2024-10-21 00:00:00,701S001,0,,26,,4.8,,21,10,2024,20.3,,13.2,,53,,6.2,,QC,,,33,,QUEBEC/JEAN LESAGE INTL,26892,0,,,,,,"{""type"": ""Point"", ""coordinates"": [-71.38166666666666, 46.80361111111111]}"
701S001.2024.10.22,2024-10-22 00:00:00,701S001,0,,,,7.6,,22,10,2024,16,,10.4,,57,,4.8,,QC,,,,,QUEBEC/JEAN LESAGE INTL,26892,0,,,,,,"{""type"": ""Point"", ""coordinates"": [-71.38166666666666, 46.80361111111111]}"
701S001.2024.10.23,2024-10-23 00:00:00,701S001,0,,23,,3.1,,23,10,2024,24.4,,14.9,,41,,5.4,,QC,,,35,,QUEBEC/JEAN LESAGE INTL,26892,3.9,,,,,,"{""type"": ""Point"", ""coordinates"": [-71.38166666666666, 46.80361111111111]}"
701S001.2024.10.24,2024-10-24 00:00:00,701S001,0,,,,10.8,,24,10,2024,12.7,,7.2,,47,,1.8,,QC,,,,,QUEBEC/JEAN LESAGE INTL,26892,0,,,,,,"{""type"": ""Point"", ""coordinates"": [-71.38166666666666, 46.80361111111111]}"
701S001.2024.10.25,2024-10-25 00:00:00,701S001,0,,,,13.6,,25,10,2024,9.7,,4.4,,55,,-0.9,,QC,,,,,QUEBEC/JEAN LESAGE INTL,26892,0,,,,,,"{""type"": ""Point"", ""coordinates"": [-71.38166666666666, 46.80361111111111]}"
701S001.2024.10.26,2024-10-26 00:00:00,701S001,0,,28,,12.8,,26,10,2024,9.5,,5.2,,44,,0.9,,QC,,,47,,QUEBEC/JEAN LESAGE INTL,26892,1.1,,,,,,"{""type"": ""Point"", ""coordinates"": [-71.38166666666666, 46.80361111111111]}"
701S001.2024.10.27,2024-10-27 00:00:00,701S001,0,,31,,17.8,,27,10,2024,5.4,,0.2,,44,,-4.9,,QC,,,49,,QUEBEC/JEAN LESAGE INTL,26892,0,,,,,,"{""type"": ""Point"", ""coordinates"": [-71.38166666666666, 46.80361111111111]}"
701S001.2024.10.28,2024-10-28 00:00:00,701S001,0,,28,,18,,28,10,2024,6.3,,0,,39,,-6.2,,QC,,,32,,QUEBEC/JEAN LESAGE INTL,26892,0,,,,,,"{""type"": ""Point"", ""coordinates"": [-71.38166666666666, 46.80361111111111]}"
701S001.2024.10.29,2024-10-29 00:00:00,701S001,0,,,,16.9,,29,10,2024,6.6,,1.1,,47,,-4.4,,QC,,,,,QUEBEC/JEAN LESAGE INTL,26892,0.4,,,,,,"{""type"": ""Point"", ""coordinates"": [-71.38166666666666, 46.80361111111111]}"
701S001.2024.10.30,2024-10-30 00:00:00,701S001,0,,,,8.1,,30,10,2024,15.6,,9.9,,83,,4.2,,QC,,,,,QUEBEC/JEAN LESAGE INTL,26892,2.5,,,,,,"{""type"": ""Point"", ""coordinates"": [-71.38166666666666, 46.80361111111111]}"
701S001.2024.10.31,2024-10-31 00:00:00,701S001,0,,9,,2.8,,31,10,2024,22,,15.2,,60,,8.4,,QC,,,35,,QUEBEC/JEAN LESAGE INTL,26892,13.1,,,,,,"{""type"": ""Point"", ""coordinates"": [-71.38166666666666, 46.80361111111111]}"
701S001.2024.11.1,2024-11-01 00:00:00,701S001,0,,,,13.1,,1,11,2024,8.4,,4.9,,72,,1.3,,QC,,,,,QUEBEC/JEAN LESAGE INTL,26892,15.3,,,,,,"{""type"": ""Point"", ""coordinates"": [-71.38166666666666, 46.80361111111111]}"
701S001.2024.11.2,2024-11-02 00:00:00,701S001,0,,,,16.8,,2,11,2024,3.6,,1.2,,56,,-1.3,,QC,,,,,QUEBEC/JEAN LESAGE INTL,26892,0,,,,,,"{""type"": ""Point"", ""coordinates"": [-71.38166666666666, 46.80361111111111]}"
701S001.2024.11.3,2024-11-03 00:00:00,701S001,0,,,,17.3,,3,11,2024,5.7,,0.7,,49,,-4.4,,QC,,,,,QUEBEC/JEAN LESAGE INTL,26892,0,,,,,,"{""type"": ""Point"", ""coordinates"": [-71.38166666666666, 46.80361111111111]}"
701S001.2024.11.4,2024-11-04 00:00:00,701S001,0,,,,17.4,,4,11,2024,5.4,,0.6,,57,,-4.3,,QC,,,,,QUEBEC/JEAN LESAGE INTL,26892,5.9,,,,,,"{""type"": ""Point"", ""coordinates"": [-71.38166666666666, 46.80361111111111]}"
701S001.2024.11.5,2024-11-05 00:00:00,701S001,0,,,,10,,5,11,2024,13.4,,8,,91,,2.7,,QC,,,,,QUEBEC/JEAN LESAGE INTL,26892,15.6,,,,,,"{""type"": ""Point"", ""coordinates"": [-71.38166666666666, 46.80361111111111]}"
701S001.2024.11.6,2024-11-06 00:00:00,701S001,0,,25,,7.1,,6,11,2024,20.3,,10.9,,63,,1.5,,QC,,,47,,QUEBEC/JEAN LESAGE INTL,26892,0.2,,,,,,"{""type"": ""Point"", ""coordinates"": [-71.38166666666666, 46.80361111111111]}"
701S001.2024.11.7,2024-11-07 00:00:00,701S001,0,,28,,13.6,,7,11,2024,9,,4.4,,56,,-0.1,,QC,,,40,,QUEBEC/JEAN LESAGE INTL,26892,0,,,,,,"{""type"": ""Point"", ""coordinates"": [-71.38166666666666, 46.80361111111111]}"
701S001.2024.11.8,2024-11-08 00:00:00,701S001,0,,28,,11.1,,8,11,2024,10.9,,6.9,,42,,3,,QC,,,57,,QUEBEC/JEAN LESAGE INTL,26892,0.5,,,,,,"{""type"": ""Point"", ""coordinates"": [-71.38166666666666, 46.80361111111111]}"
701S001.2024.11.9,2024-11-09 00:00:00,701S001,0,,33,,17.6,,9,11,2024,5.6,,0.4,,32,,-4.8,,QC,,,41,,QUEBEC/JEAN LESAGE INTL,26892,0,,,,,,"{""type"": ""Point"", ""coordinates"": [-71.38166666666666, 46.80361111111111]}"
701S001.2024.11.10,2024-11-10 00:00:00,701S001,0,,,,16.7,,10,11,2024,8.1,,1.3,,47,,-5.5,,QC,,,,,QUEBEC/JEAN LESAGE INTL,26892,0.3,,,,,,"{""type"": ""Point"", ""coordinates"": [-71.38166666666666, 46.80361111111111]}"
701S001.2024.11.11,2024-11-11 00:00:00,701S001,0,,,,12.5,,11,11,2024,7.7,,5.5,,86,,3.3,,QC,,,,,QUEBEC/JEAN LESAGE INTL,26892,17.2,,,,,,"{""type"": ""Point"", ""coordinates"": [-71.38166666666666, 46.80361111111111]}"
701S001.2024.11.12,2024-11-12 00:00:00,701S001,0,,34,,16.7,,12,11,2024,5.3,,1.3,,42,,-2.8,,QC,,,49,,QUEBEC/JEAN LESAGE INTL,26892,0,,,,,,"{""type"": ""Point"", ""coordinates"": [-71.38166666666666, 46.80361111111111]}"
701S001.2024.11.13,2024-11-13 00:00:00,701S001,0,,,,19.7,,13,11,2024,2.6,,-1.7,,41,,-6,,QC,,,,,QUEBEC/JEAN LESAGE INTL,26892,0,,,,,,"{""type"": ""Point"", ""coordinates"": [-71.38166666666666, 46.80361111111111]}"
701S001.2024.11.14,2024-11-14 00:00:00,701S001,0,,,,19.6,,14,11,2024,3.9,,-1.6,,52,,-7.1,,QC,,,,,QUEBEC/JEAN LESAGE INTL,26892,0,,,,,,"{""type"": ""Point"", ""coordinates"": [-71.38166666666666, 46.80361111111111]}"
701S001.2024.11.15,2024-11-15 00:00:00,701S001,0,,,,17.4,,15,11,2024,8.5,,0.6,,40,,-7.3,,QC,,,,,QUEBEC/JEAN LESAGE INTL,26892,0,,,,,,"{""type"": ""Point"", ""coordinates"": [-71.38166666666666, 46.80361111111111]}"
701S001.2024.11.16,2024-11-16 00:00:00,701S001,0,,,,13.6,,16,11,2024,7.4,,4.4,,52,,1.4,,QC,,,,,QUEBEC/JEAN LESAGE INTL,26892,1.8,,,,,,"{""type"": ""Point"", ""coordinates"": [-71.38166666666666, 46.80361111111111]}"
701S001.2024.11.17,2024-11-17 00:00:00,701S001,0,,,,15.4,,17,11,2024,7.7,,2.6,,59,,-2.4,,QC,,,,,QUEBEC/JEAN LESAGE INTL,26892,0,,,,,,"{""type"": ""Point"", ""coordinates"": [-71.38166666666666, 46.80361111111111]}"
701S001.2024.11.18,2024-11-18 00:00:00,701S001,0,,,,15.6,,18,11,2024,5.9,,2.4,,75,,-1.1,,QC,,,,,QUEBEC/JEAN LESAGE INTL,26892,0.4,,,,,,"{""type"": ""Point"", ""coordinates"": [-71.38166666666666, 46.80361111111111]}"
701S001.2024.11.19,2024-11-19 00:00:00,701S001,0,,,,13.5,,19,11,2024,10.7,,4.5,,53,,-1.7,,QC,,,,,QUEBEC/JEAN LESAGE INTL,26892,0,,,,,,"{""type"": ""Point"", ""coordinates"": [-71.38166666666666, 46.80361111111111]}"
701S001.2024.11.20,2024-11-20 00:00:00,701S001,0,,9,,14.7,,20,11,2024,8.5,,3.3,,74,,-2,,QC,,,45,,QUEBEC/JEAN LESAGE INTL,26892,0,,,,,,"{""type"": ""Point"", ""coordinates"": [-71.38166666666666, 46.80361111111111]}"
701S001.2024.11.21,2024-11-21 00:00:00,701S001,0,,7,,12.2,,21,11,2024,6.8,,5.8,,79,,4.9,,QC,,,50,,QUEBEC/JEAN LESAGE INTL,26892,0.1,,,,,,"{""type"": ""Point"", ""coordinates"": [-71.38166666666666, 46.80361111111111]}"
701S001.2024.11.22,2024-11-22 00:00:00,701S001,0,,5,,12.9,,22,11,2024,6.6,,5.1,,80,,3.6,,QC,,,56,,QUEBEC/JEAN LESAGE INTL,26892,0,,,,,,"{""type"": ""Point"", ""coordinates"": [-71.38166666666666, 46.80361111111111]}"
701S001.2024.11.23,2024-11-23 00:00:00,701S001,0,,,,14.9,,23,11,2024,4.4,,3.1,,78,,1.9,,QC,,,,,QUEBEC/JEAN LESAGE INTL,26892,2.7,,,,,,"{""type"": ""Point"", ""coordinates"": [-71.38166666666666, 46.80361111111111]}"
701S001.2024.11.24,2024-11-24 00:00:00,701S001,0,,27,,16.4,,24,11,2024,2.9,,1.6,,74,,0.2,,QC,,,39,,QUEBEC/JEAN LESAGE INTL,26892,2.5,,,,,,"{""type"": ""Point"", ""coordinates"": [-71.38166666666666, 46.80361111111111]}"
701S001.2024.11.25,2024-11-25 00:00:00,701S001,0,,26,,17.7,,25,11,2024,4.6,,0.3,,65,,-4.1,,QC,,,35,,QUEBEC/JEAN LESAGE INTL,26892,0,,,,,,"{""type"": ""Point"", ""coordinates"": [-71.38166666666666, 46.80361111111111]}"
701S001.2024.11.26,2024-11-26 00:00:00,701S001,0,,,,19,,26,11,2024,2.1,,-1,,79,,-4.1,,QC,,,,,QUEBEC/JEAN LESAGE INTL,26892,14.9,,,,,,"{""type"": ""Point"", ""coordinates"": [-71.38166666666666, 46.80361111111111]}"
701S001.2024.11.27,2024-11-27 00:00:00,701S001,0,,25,,16.8,,27,11,2024,2.4,,1.2,,72,,0.1,,QC,5,,34,,QUEBEC/JEAN LESAGE INTL,26892,1.6,,,,,,"{""type"": ""Point"", ""coordinates"": [-71.38166666666666, 46.80361111111111]}"
701S001.2024.11.28,2024-11-28 00:00:00,701S001,0,,,,17.4,,28,11,2024,2.5,,0.6,,69,,-1.3,,QC,4,,,,QUEBEC/JEAN LESAGE INTL,26892,5.1,,,,,,"{""type"": ""Point"", ""coordinates"": [-71.38166666666666, 46.80361111111111]}"
701S001.2024.11.29,2024-11-29 00:00:00,701S001,0,,,,17.3,,29,11,2024,1.5,,0.7,,75,,-0.1,,QC,4,,,,QUEBEC/JEAN LESAGE INTL,26892,3,,,,,,"{""type"": ""Point"", ""coordinates"": [-71.38166666666666, 46.80361111111111]}"
701S001.2024.11.30,2024-11-30 00:00:00,701S001,0,,31,,19.2,,30,11,2024,0.2,,-1.2,,69,,-2.6,,QC,5,,31,,QUEBEC/JEAN LESAGE INTL,26892,1,,,,,,"{""type"": ""Point"", ""coordinates"": [-71.38166666666666, 46.80361111111111]}"
701S001.2024.12.1,2024-12-01 00:00:00,701S001,0,,,,21.9,,1,12,2024,-1.2,,-3.9,,81,,-6.6,,QC,7,,,,QUEBEC/JEAN LESAGE INTL,26892,2,,,,,,"{""type"": ""Point"", ""coordinates"": [-71.38166666666666, 46.80361111111111]}"
701S001.2024.12.2,2024-12-02 00:00:00,701S001,0,,,,23.4,,2,12,2024,-2.4,,-5.4,,72,,-8.4,,QC,6,,,,QUEBEC/JEAN LESAGE INTL,26892,0,,,,,,"{""type"": ""Point"", ""coordinates"": [-71.38166666666666, 46.80361111111111]}"
701S001.2024.12.3,2024-12-03 00:00:00,701S001,0,,,,22.7,,3,12,2024,-1.3,,-4.7,,57,,-8.2,,QC,6,,,,QUEBEC/JEAN LESAGE INTL,26892,0,,,,,,"{""type"": ""Point"", ""coordinates"": [-71.38166666666666, 46.80361111111111]}"
701S001.2024.12.4,2024-12-04 00:00:00,701S001,0,,13,,22.7,,4,12,2024,-0.4,,-4.7,,54,,-8.9,,QC,6,,35,,QUEBEC/JEAN LESAGE INTL,26892,1.3,,,,,,"{""type"": ""Point"", ""coordinates"": [-71.38166666666666, 46.80361111111111]}"
701S001.2024.12.5,2024-12-05 00:00:00,701S001,0,,28,,19.7,,5,12,2024,0,,-1.7,,69,,-3.4,,QC,14,,42,,QUEBEC/JEAN LESAGE INTL,26892,3.9,,,,,,"{""type"": ""Point"", ""coordinates"": [-71.38166666666666, 46.80361111111111]}"
701S001.2024.12.6,2024-12-06 00:00:00,701S001,0,,31,,25.2,,6,12,2024,-2.1,,-7.2,,53,,-12.3,,QC,10,,54,,QUEBEC/JEAN LESAGE INTL,26892,0,,,,,,"{""type"": ""Point"", ""coordinates"": [-71.38166666666666, 46.80361111111111]}"
701S001.2024.12.7,2024-12-07 00:00:00,701S001,0,,,,31.9,,7,12,2024,-8.8,,-13.9,,52,,-19.1,,QC,7,,,,QUEBEC/JEAN LESAGE INTL,26892,0,,,,,,"{""type"": ""Point"", ""coordinates"": [-71.38166666666666, 46.80361111111111]}"
701S001.2024.12.8,2024-12-08 00:00:00,701S001,0,,5,,26.7,,8,12,2024,-4.4,,-8.7,,74,,-13,,QC,13,,31,,QUEBEC/JEAN LESAGE INTL,26892,9.4,,,,,,"{""type"": ""Point"", ""coordinates"": [-71.38166666666666, 46.80361111111111]}"
701S001.2024.12.9,2024-12-09 00:00:00,701S001,0,,5,,29.1,,9,12,2024,-5.7,,-11.1,,52,,-16.5,,QC,14,,49,,QUEBEC/JEAN LESAGE INTL,26892,0,,,,,,"{""type"": ""Point"", ""coordinates"": [-71.38166666666666, 46.80361111111111]}"
701S001.2024.12.10,2024-12-10 00:00:00,701S001,0,,8,,22.1,,10,12,2024,-0.7,,-4.1,,68,,-7.4,,QC,13,,43,,QUEBEC/JEAN LESAGE INTL,26892,4.1,,,,,,"{""type"": ""Point"", ""coordinates"": [-71.38166666666666, 46.80361111111111]}"
701S001.2024.12.11,2024-12-11 00:00:00,701S001,0,,7,,17.1,,11,12,2024,2.5,,0.9,,92,,-0.7,,QC,12,,33,,QUEBEC/JEAN LESAGE INTL,26892,33,,,,,,"{""type"": ""Point"", ""coordinates"": [-71.38166666666666, 46.80361111111111]}"
701S001.2024.12.12,2024-12-12 00:00:00,701S001,0,,25,,20.7,,12,12,2024,1.4,,-2.7,,63,,-6.7,,QC,9,,54,,QUEBEC/JEAN LESAGE INTL,26892,5.5,,,,,,"{""type"": ""Point"", ""coordinates"": [-71.38166666666666, 46.80361111111111]}"
701S001.2024.12.13,2024-12-13 00:00:00,701S001,0,,26,,27.6,,13,12,2024,-6.7,,-9.6,,57,,-12.5,,QC,10,,37,,QUEBEC/JEAN LESAGE INTL,26892,0,,,,,,"{""type"": ""Point"", ""coordinates"": [-71.38166666666666, 46.80361111111111]}"
701S001.2024.12.14,2024-12-14 00:00:00,701S001,0,,,,31.2,,14,12,2024,-8,,-13.2,,55,,-18.4,,QC,9,,,,QUEBEC/JEAN LESAGE INTL,26892,0,,,,,,"{""type"": ""Point"", ""coordinates"": [-71.38166666666666, 46.80361111111111]}"
701S001.2024.12.15,2024-12-15 00:00:00,701S001,0,,,,31.2,,15,12,2024,-7.1,,-13.2,,65,,-19.4,,QC,9,,,,QUEBEC/JEAN LESAGE INTL,26892,0,,,,,,"{""type"": ""Point"", ""coordinates"": [-71.38166666666666, 46.80361111111111]}"
701S001.2024.12.16,2024-12-16 00:00:00,701S001,0,,,,23.6,,16,12,2024,0.4,,-5.6,,68,,-11.6,,QC,9,,,,QUEBEC/JEAN LESAGE INTL,26892,0.1,,,,,,"{""type"": ""Point"", ""coordinates"": [-71.38166666666666, 46.80361111111111]}"
701S001.2024.12.17,2024-12-17 00:00:00,701S001,0,,24,,15,,17,12,2024,5.6,,3,,78,,0.3,,QC,8,,39,,QUEBEC/JEAN LESAGE INTL,26892,14.4,,,,,,"{""type"": ""Point"", ""coordinates"": [-71.38166666666666, 46.80361111111111]}"
701S001.2024.12.18,2024-12-18 00:00:00,701S001,0,,,,16.7,,18,12,2024,2.2,,1.3,,86,,0.3,,QC,4,,,,QUEBEC/JEAN LESAGE INTL,26892,4.4,,,,,,"{""type"": ""Point"", ""coordinates"": [-71.38166666666666, 46.80361111111111]}"
701S001.2024.12.19,2024-12-19 00:00:00,701S001,0,,31,,24,,19,12,2024,0.6,,-6,,57,,-12.6,,QC,5,,31,,QUEBEC/JEAN LESAGE INTL,26892,0.5,,,,,,"{""type"": ""Point"", ""coordinates"": [-71.38166666666666, 46.80361111111111]}"
701S001.2024.12.20,2024-12-20 00:00:00,701S001,0,,,,28.2,,20,12,2024,-7.5,,-10.2,,65,,-12.8,,QC,4,,,,QUEBEC/JEAN LESAGE INTL,26892,0,,,,,,"{""type"": ""Point"", ""coordinates"": [-71.38166666666666, 46.80361111111111]}"
701S001.2024.12.21,2024-12-21 00:00:00,701S001,0,,34,,29.9,,21,12,2024,-7.9,,-11.9,,54,,-15.9,,QC,5,,32,,QUEBEC/JEAN LESAGE INTL,26892,0,,,,,,"{""type"": ""Point"", ""coordinates"": [-71.38166666666666, 46.80361111111111]}"
701S001.2024.12.22,2024-12-22 00:00:00,701S001,0,,31,,31.5,,22,12,2024,-9.3,,-13.5,,53,,-17.6,,QC,5,,36,,QUEBEC/JEAN LESAGE INTL,26892,0,,,,,,"{""type"": ""Point"", ""coordinates"": [-71.38166666666666, 46.80361111111111]}"
701S001.2024.12.23,2024-12-23 00:00:00,701S001,0,,,,31.7,,23,12,2024,-10.9,,-13.7,,71,,-16.5,,QC,6,,,,QUEBEC/JEAN LESAGE INTL,26892,2.9,,,,,,"{""type"": ""Point"", ""coordinates"": [-71.38166666666666, 46.80361111111111]}"
701S001.2024.12.24,2024-12-24 00:00:00,701S001,0,,,,27.1,,24,12,2024,-5.6,,-9.1,,65,,-12.7,,QC,10,,,,QUEBEC/JEAN LESAGE INTL,26892,1.8,,,,,,"{""type"": ""Point"", ""coordinates"": [-71.38166666666666, 46.80361111111111]}"
701S001.2024.12.25,2024-12-25 00:00:00,701S001,0,,,,31,,25,12,2024,-6.2,,-13,,66,,-19.8,,QC,10,,,,QUEBEC/JEAN LESAGE INTL,26892,0,,,,,,"{""type"": ""Point"", ""coordinates"": [-71.38166666666666, 46.80361111111111]}"
701S001.2024.12.26,2024-12-26 00:00:00,701S001,0,,,,32.8,,26,12,2024,-8.7,,-14.8,,73,,-21,,QC,10,,,,QUEBEC/JEAN LESAGE INTL,26892,0,,,,,,"{""type"": ""Point"", ""coordinates"": [-71.38166666666666, 46.80361111111111]}"
701S001.2024.12.27,2024-12-27 00:00:00,701S001,0,,,,32.8,,27,12,2024,-8.5,,-14.8,,77,,-21.1,,QC,10,,,,QUEBEC/JEAN LESAGE INTL,26892,0,,,,,,"{""type"": ""Point"", ""coordinates"": [-71.38166666666666, 46.80361111111111]}"
701S001.2024.12.28,2024-12-28 00:00:00,701S001,0,,,,24.8,,28,12,2024,-0.7,,-6.8,,66,,-12.9,,QC,10,,,,QUEBEC/JEAN LESAGE INTL,26892,0.9,,,,,,"{""type"": ""Point"", ""coordinates"": [-71.38166666666666, 46.80361111111111]}"
701S001.2024.12.29,2024-12-29 00:00:00,701S001,0,,,,17.2,,29,12,2024,2.5,,0.8,,96,,-0.9,,QC,9,,,,QUEBEC/JEAN LESAGE INTL,26892,4.8,,,,,,"{""type"": ""Point"", ""coordinates"": [-71.38166666666666, 46.80361111111111]}"
701S001.2024.12.30,2024-12-30 00:00:00,701S001,0,,9,,14.6,,30,12,2024,5.7,,3.4,,84,,1.1,,QC,5,,33,,QUEBEC/JEAN LESAGE INTL,26892,17,,,,,,"{""type"": ""Point"", ""coordinates"": [-71.38166666666666, 46.80361111111111]}"
701S001.2024.12.31,2024-12-31 00:00:00,701S001,0,,25,,16.8,,31,12,2024,3.7,,1.2,,84,,-1.4,,QC,1,,33,,QUEBEC/JEAN LESAGE INTL,26892,0.5,,,,,,"{""type"": ""Point"", ""coordinates"": [-71.38166666666666, 46.80361111111111]}"
701S001.2025.1.1,2025-01-01 00:00:00,701S001,0,,6,,16.9,,1,1,2025,3.5,,1.1,,74,,-1.3,,QC,1,,40,,QUEBEC/JEAN LESAGE INTL,26892,18.8,,,,,,"{""type"": ""Point"", ""coordinates"": [-71.38166666666666, 46.80361111111111]}"
701S001.2025.1.2,2025-01-02 00:00:00,701S001,0,,26,,20.8,,2,1,2025,0.7,,-2.8,,79,,-6.2,,QC,4,,51,,QUEBEC/JEAN LESAGE INTL,26892,2.8,,,,,,"{""type"": ""Point"", ""coordinates"": [-71.38166666666666, 46.80361111111111]}"
701S001.2025.1.3,2025-01-03 00:00:00,701S001,0,,26,,27.1,,3,1,2025,-6.2,,-9.1,,63,,-12,,QC,4,,58,,QUEBEC/JEAN LESAGE INTL,26892,0,,,,,,"{""type"": ""Point"", ""coordinates"": [-71.38166666666666, 46.80361111111111]}"
701S001.2025.1.4,2025-01-04 00:00:00,701S001,0,,27,,31.3,,4,1,2025,-11.7,,-13.3,,61,,-14.8,,QC,3,,38,,QUEBEC/JEAN LESAGE INTL,26892,0,,,,,,"{""type"": ""Point"", ""coordinates"": [-71.38166666666666, 46.80361111111111]}"
701S001.2025.1.5,2025-01-05 00:00:00,701S001,0,,32,,33.4,,5,1,2025,-13.5,,-15.4,,48,,-17.3,,QC,4,,32,,QUEBEC/JEAN LESAGE INTL,26892,0,,,,,,"{""type"": ""Point"", ""coordinates"": [-71.38166666666666, 46.80361111111111]}"
701S001.2025.1.6,2025-01-06 00:00:00,701S001,0,,25,,31.5,,6,1,2025,-9.2,,-13.5,,60,,-17.8,,QC,4,,34,,QUEBEC/JEAN LESAGE INTL,26892,0,,,,,,"{""type"": ""Point"", ""coordinates"": [-71.38166666666666, 46.80361111111111]}"
701S001.2025.1.7,2025-01-07 00:00:00,701S001,0,,31,,24.9,,7,1,2025,-3.2,,-6.9,,56,,-10.6,,QC,4,,36,,QUEBEC/JEAN LESAGE INTL,26892,0.1,,,,,,"{""type"": ""Point"", ""coordinates"": [-71.38166666666666, 46.80361111111111]}"
701S001.2025.1.8,2025-01-08 00:00:00,701S001,0,,24,,29.2,,8,1,2025,-8.9,,-11.2,,66,,-13.5,,QC,4,,47,,QUEBEC/JEAN LESAGE INTL,26892,0,,,,,,"{""type"": ""Point"", ""coordinates"": [-71.38166666666666, 46.80361111111111]}"
701S001.2025.1.9,2025-01-09 00:00:00,701S001,0,,26,,23.5,,9,1,2025,-1.8,,-5.5,,55,,-9.2,,QC,4,,47,,QUEBEC/JEAN LESAGE INTL,26892,0,,,,,,"{""type"": ""Point"", ""coordinates"": [-71.38166666666666, 46.80361111111111]}"
701S001.2025.1.10,2025-01-10 00:00:00,701S001,0,,25,,26.8,,10,1,2025,-4.7,,-8.8,,68,,-12.9,,QC,4,,39,,QUEBEC/JEAN LESAGE INTL,26892,0,,,,,,"{""type"": ""Point"", ""coordinates"": [-71.38166666666666, 46.80361111111111]}"
701S001.2025.1.11,2025-01-11 00:00:00,701S001,0,,,,27.7,,11,1,2025,-6.2,,-9.7,,76,,-13.2,,QC,4,,,,QUEBEC/JEAN LESAGE INTL,26892,2.6,,,,,,"{""type"": ""Point"", ""coordinates"": [-71.38166666666666, 46.80361111111111]}"
701S001.2025.1.12,2025-01-12 00:00:00,701S001,0,,,,29.2,,12,1,2025,-5.7,,-11.2,,70,,-16.6,,QC,6,,,,QUEBEC/JEAN LESAGE INTL,26892,0,,,,,,"{""type"": ""Point"", ""coordinates"": [-71.38166666666666, 46.80361111111111]}"
701S001.2025.1.13,2025-01-13 00:00:00,701S001,0,,,,25,,13,1,2025,-4.6,,-7,,71,,-9.3,,QC,6,,,,QUEBEC/JEAN LESAGE INTL,26892,1.3,,,,,,"{""type"": ""Point"", ""coordinates"": [-71.38166666666666, 46.80361111111111]}"
701S001.2025.1.14,2025-01-14 00:00:00,701S001,0,,,,25.2,,14,1,2025,-3.3,,-7.2,,63,,-11.1,,QC,9,,,,QUEBEC/JEAN LESAGE INTL,26892,2.8,,,,,,"{""type"": ""Point"", ""coordinates"": [-71.38166666666666, 46.80361111111111]}"
701S001.2025.1.15,2025-01-15 00:00:00,701S001,0,,,,26.8,,15,1,2025,-6.9,,-8.8,,62,,-10.7,,QC,13,,,,QUEBEC/JEAN LESAGE INTL,26892,0,,,,,,"{""type"": ""Point"", ""coordinates"": [-71.38166666666666, 46.80361111111111]}"
701S001.2025.1.16,2025-01-16 00:00:00,701S001,0,,,,30.1,,16,1,2025,-7.9,,-12.1,,66,,-16.4,,QC,11,,,,QUEBEC/JEAN LESAGE INTL,26892,0,,,,,,"{""type"": ""Point"", ""coordinates"": [-71.38166666666666, 46.80361111111111]}"
701S001.2025.1.17,2025-01-17 00:00:00,701S001,0,,,,27.4,,17,1,2025,-4.8,,-9.4,,80,,-14,,QC,11,,,,QUEBEC/JEAN LESAGE INTL,26892,0,,,,,,"{""type"": ""Point"", ""coordinates"": [-71.38166666666666, 46.80361111111111]}"
701S001.2025.1.18,2025-01-18 00:00:00,701S001,0,,,,20.2,,18,1,2025,0.6,,-2.2,,73,,-5,,QC,12,,,,QUEBEC/JEAN LESAGE INTL,26892,7.9,,,,,,"{""type"": ""Point"", ""coordinates"": [-71.38166666666666, 46.80361111111111]}"
701S001.2025.1.19,2025-01-19 00:00:00,701S001,0,,,,23.5,,19,1,2025,1.1,,-5.5,,72,,-12.1,,QC,15,,,,QUEBEC/JEAN LESAGE INTL,26892,0.3,,,,,,"{""type"": ""Point"", ""coordinates"": [-71.38166666666666, 46.80361111111111]}"
701S001.2025.1.20,2025-01-20 00:00:00,701S001,0,,28,,37.2,,20,1,2025,-11.2,,-19.2,,52,,-27.3,,QC,17,,43,,QUEBEC/JEAN LESAGE INTL,26892,1,,,,,,"{""type"": ""Point"", ""coordinates"": [-71.38166666666666, 46.80361111111111]}"
701S001.2025.1.21,2025-01-21 00:00:00,701S001,0,,,,41,,21,1,2025,-14.9,,-23,,60,,-31,,QC,14,,,,QUEBEC/JEAN LESAGE INTL,26892,0,,,,,,"{""type"": ""Point"", ""coordinates"": [-71.38166666666666, 46.80361111111111]}"
701S001.2025.1.22,2025-01-22 00:00:00,701S001,0,,,,40.1,,22,1,2025,-13.4,,-22.1,,59,,-30.9,,QC,15,,,,QUEBEC/JEAN LESAGE INTL,26892,0,,,,,,"{""type"": ""Point"", ""coordinates"": [-71.38166666666666, 46.80361111111111]}"
701S001.2025.1.23,2025-01-23 00:00:00,701S001,0,,,,32.5,,23,1,2025,-9.5,,-14.5,,71,,-19.5,,QC,15,,,,QUEBEC/JEAN LESAGE INTL,26892,1.5,,,,,,"{""type"": ""Point"", ""coordinates"": [-71.38166666666666, 46.80361111111111]}"
701S001.2025.1.24,2025-01-24 00:00:00,701S001,0,,,,35.7,,24,1,2025,-10,,-17.7,,55,,-25.3,,QC,17,,,,QUEBEC/JEAN LESAGE INTL,26892,0,,,,,,"{""type"": ""Point"", ""coordinates"": [-71.38166666666666, 46.80361111111111]}"
701S001.2025.1.25,2025-01-25 00:00:00,701S001,0,,,,35.9,,25,1,2025,-10.5,,-17.9,,55,,-25.3,,QC,17,,,,QUEBEC/JEAN LESAGE INTL,26892,0.3,,,,,,"{""type"": ""Point"", ""coordinates"": [-71.38166666666666, 46.80361111111111]}"
701S001.2025.1.26,2025-01-26 00:00:00,701S001,0,,28,,29.5,,26,1,2025,-1.7,,-11.5,,55,,-21.3,,QC,21,,55,,QUEBEC/JEAN LESAGE INTL,26892,4.7,,,,,,"{""type"": ""Point"", ""coordinates"": [-71.38166666666666, 46.80361111111111]}"
701S001.2025.1.27,2025-01-27 00:00:00,701S001,0,,21,,28,,27,1,2025,0.9,,-10,,54,,-21,,QC,19,,63,,QUEBEC/JEAN LESAGE INTL,26892,3.2,,,,,,"{""type"": ""Point"", ""coordinates"": [-71.38166666666666, 46.80361111111111]}"
701S001.2025.1.28,2025-01-28 00:00:00,701S001,0,,27,,33,,28,1,2025,-4.9,,-15,,46,,-25.1,,QC,18,,40,,QUEBEC/JEAN LESAGE INTL,26892,0,,,,,,"{""type"": ""Point"", ""coordinates"": [-71.38166666666666, 46.80361111111111]}"
701S001.2025.1.29,2025-01-29 00:00:00,701S001,0,,6,,36.4,,29,1,2025,-11.8,,-18.4,,58,,-24.9,,QC,17,,33,,QUEBEC/JEAN LESAGE INTL,26892,0.6,,,,,,"{""type"": ""Point"", ""coordinates"": [-71.38166666666666, 46.80361111111111]}"
701S001.2025.1.30,2025-01-30 00:00:00,701S001,0,,27,,37.6,,30,1,2025,-16,,-19.6,,48,,-23.3,,QC,18,,41,,QUEBEC/JEAN LESAGE INTL,26892,0.8,,,,,,"{""type"": ""Point"", ""coordinates"": [-71.38166666666666, 46.80361111111111]}"
701S001.2025.1.31,2025-01-31 00:00:00,701S001,0,,,,29.3,,31,1,2025,-6,,-11.3,,65,,-16.7,,QC,20,,,,QUEBEC/JEAN LESAGE INTL,26892,2.6,,,,,,"{""type"": ""Point"", ""coordinates"": [-71.38166666666666, 46.80361111111111]}"
701S001.2025.2.1,2025-02-01 00:00:00,701S001,0,,31,,36.7,,1,2,2025,-12,,-18.7,,45,,-25.4,,QC,21,,33,,QUEBEC/JEAN LESAGE INTL,26892,0,,,,,,"{""type"": ""Point"", ""coordinates"": [-71.38166666666666, 46.80361111111111]}"
701S001.2025.2.2,2025-02-02 00:00:00,701S001,0,,,,39.2,,2,2,2025,-10.4,,-21.2,,56,,-31.9,,QC,20,,,,QUEBEC/JEAN LESAGE INTL,26892,0.2,,,,,,"{""type"": ""Point"", ""coordinates"": [-71.38166666666666, 46.80361111111111]}"
701S001.2025.2.3,2025-02-03 00:00:00,701S001,0,,,,25.2,,3,2,2025,-3.9,,-7.2,,82,,-10.5,,QC,25,,,,QUEBEC/JEAN LESAGE INTL,26892,12.8,,,,,,"{""type"": ""Point"", ""coordinates"": [-71.38166666666666, 46.80361111111111]}"
701S001.2025.2.4,2025-02-04 00:00:00,701S001,0,,32,,29.1,,4,2,2025,-6,,-11.1,,49,,-16.1,,QC,35,,45,,QUEBEC/JEAN LESAGE INTL,26892,0,,,,,,"{""type"": ""Point"", ""coordinates"": [-71.38166666666666, 46.80361111111111]}"
701S001.2025.2.5,2025-02-05 00:00:00,701S001,0,,22,,37.4,,5,2,2025,-13.9,,-19.4,,48,,-25,,QC,29,,32,,QUEBEC/JEAN LESAGE INTL,26892,0,,,,,,"{""type"": ""Point"", ""coordinates"": [-71.38166666666666, 46.80361111111111]}"
701S001.2025.2.6,2025-02-06 00:00:00,701S001,0,,26,,34,,6,2,2025,-4.8,,-16,,58,,-27.1,,QC,28,,33,,QUEBEC/JEAN LESAGE INTL,26892,9.8,,,,,,"{""type"": ""Point"", ""coordinates"": [-71.38166666666666, 46.80361111111111]}"
701S001.2025.2.7,2025-02-07 00:00:00,701S001,0,,28,,23.9,,7,2,2025,-3.3,,-5.9,,65,,-8.5,,QC,34,,52,,QUEBEC/JEAN LESAGE INTL,26892,0.1,,,,,,"{""type"": ""Point"", ""coordinates"": [-71.38166666666666, 46.80361111111111]}"
701S001.2025.2.8,2025-02-08 00:00:00,701S001,0,,27,,31.2,,8,2,2025,-6.7,,-13.2,,47,,-19.7,,QC,32,,35,,QUEBEC/JEAN LESAGE INTL,26892,0,,,,,,"{""type"": ""Point"", ""coordinates"": [-71.38166666666666, 46.80361111111111]}"
701S001.2025.2.9,2025-02-09 00:00:00,701S001,0,,,,26.4,,9,2,2025,-3.1,,-8.4,,55,,-13.7,,QC,31,,,,QUEBEC/JEAN LESAGE INTL,26892,1.5,,,,,,"{""type"": ""Point"", ""coordinates"": [-71.38166666666666, 46.80361111111111]}"
701S001.2025.2.10,2025-02-10 00:00:00,701S001,0,,,,37.1,,10,2,2025,-8.8,,-19.1,,47,,-29.4,,QC,39,,,,QUEBEC/JEAN LESAGE INTL,26892,0.8,,,,,,"{""type"": ""Point"", ""coordinates"": [-71.38166666666666, 46.80361111111111]}"
701S001.2025.2.11,2025-02-11 00:00:00,701S001,0,,28,,35.5,,11,2,2025,-7.7,,-17.5,,59,,-27.3,,QC,35,,31,,QUEBEC/JEAN LESAGE INTL,26892,1.1,,,,,,"{""type"": ""Point"", ""coordinates"": [-71.38166666666666, 46.80361111111111]}"
701S001.2025.2.12,2025-02-12 00:00:00,701S001,0,,,,40,,12,2,2025,-11.2,,-22,,46,,-32.7,,QC,35,,,,QUEBEC/JEAN LESAGE INTL,26892,0,,,,,,"{""type"": ""Point"", ""coordinates"": [-71.38166666666666, 46.80361111111111]}"
701S001.2025.2.13,2025-02-13 00:00:00,701S001,0,,6,,28.2,,13,2,2025,-8.1,,-10.2,,65,,-12.2,,QC,34,,47,,QUEBEC/JEAN LESAGE INTL,26892,18.4,,,,,,"{""type"": ""Point"", ""coordinates"": [-71.38166666666666, 46.80361111111111]}"
701S001.2025.2.14,2025-02-14 00:00:00,701S001,0,,29,,31.1,,14,2,2025,-8.9,,-13.1,,47,,-17.2,,QC,50,,51,,QUEBEC/JEAN LESAGE INTL,26892,0,,,,,,"{""type"": ""Point"", ""coordinates"": [-71.38166666666666, 46.80361111111111]}"
701S001.2025.2.15,2025-02-15 00:00:00,701S001,0,,,,34.3,,15,2,2025,-10,,-16.3,,48,,-22.6,,QC,45,,,,QUEBEC/JEAN LESAGE INTL,26892,0,,,,,,"{""type"": ""Point"", ""coordinates"": [-71.38166666666666, 46.80361111111111]}"
701S001.2025.2.16,2025-02-16 00:00:00,701S001,0,,6,,32.5,,16,2,2025,-9.4,,-14.5,,61,,-19.5,,QC,45,,54,,QUEBEC/JEAN LESAGE INTL,26892,10.6,,,,,,"{""type"": ""Point"", ""coordinates"": [-71.38166666666666, 46.80361111111111]}"
701S001.2025.2.17,2025-02-17 00:00:00,701S001,0,,26,,31,,17,2,2025,-9.5,,-13,,64,,-16.4,,QC,58,,64,,QUEBEC/JEAN LESAGE INTL,26892,0.6,,,,,,"{""type"": ""Point"", ""coordinates"": [-71.38166666666666, 46.80361111111111]}"
701S001.2025.2.18,2025-02-18 00:00:00,701S001,0,,27,,33.4,,18,2,2025,-13.2,,-15.4,,55,,-17.7,,QC,41,,47,,QUEBEC/JEAN LESAGE INTL,26892,0,,,,,,"{""type"": ""Point"", ""coordinates"": [-71.38166666666666, 46.80361111111111]}"
701S001.2025.2.19,2025-02-19 00:00:00,701S001,0,,25,,31.4,,19,2,2025,-10.7,,-13.4,,58,,-16.1,,QC,40,,43,,QUEBEC/JEAN LESAGE INTL,26892,0.3,,,,,,"{""type"": ""Point"", ""coordinates"": [-71.38166666666666, 46.80361111111111]}"
701S001.2025.2.20,2025-02-20 00:00:00,701S001,0,,,,27.3,,20,2,2025,-6.4,,-9.3,,61,,-12.2,,QC,39,,,,QUEBEC/JEAN LESAGE INTL,26892,0,,,,,,"{""type"": ""Point"", ""coordinates"": [-71.38166666666666, 46.80361111111111]}"
701S001.2025.2.21,2025-02-21 00:00:00,701S001,0,,32,,26,,21,2,2025,-3.1,,-8,,51,,-12.8,,QC,39,,37,,QUEBEC/JEAN LESAGE INTL,26892,0,,,,,,"{""type"": ""Point"", ""coordinates"": [-71.38166666666666, 46.80361111111111]}"
701S001.2025.2.22,2025-02-22 00:00:00,701S001,0,,,,26,,22,2,2025,-4.9,,-8,,50,,-11.1,,QC,38,,,,QUEBEC/JEAN LESAGE INTL,26892,0.1,,,,,,"{""type"": ""Point"", ""coordinates"": [-71.38166666666666, 46.80361111111111]}"
701S001.2025.2.23,2025-02-23 00:00:00,701S001,0,,,,28.9,,23,2,2025,-1.7,,-10.9,,59,,-20.1,,QC,39,,,,QUEBEC/JEAN LESAGE INTL,26892,0.4,,,,,,"{""type"": ""Point"", ""coordinates"": [-71.38166666666666, 46.80361111111111]}"
701S001.2025.2.24,2025-02-24 00:00:00,701S001,0,,,,27.3,,24,2,2025,3.9,,-9.3,,64,,-22.5,,QC,38,,,,QUEBEC/JEAN LESAGE INTL,26892,3.6,,,,,,"{""type"": ""Point"", ""coordinates"": [-71.38166666666666, 46.80361111111111]}"
701S001.2025.2.25,2025-02-25 00:00:00,701S001,0,,25,,14.3,,25,2,2025,6.5,,3.7,,61,,0.9,,QC,38,,38,,QUEBEC/JEAN LESAGE INTL,26892,2.5,,,,,,"{""type"": ""Point"", ""coordinates"": [-71.38166666666666, 46.80361111111111]}"
701S001.2025.2.26,2025-02-26 00:00:00,701S001,,M,,M,,M,26,2,2025,,M,,M,,M,,M,QC,,,,M,QUEBEC/JEAN LESAGE INTL,26892,,M,,,,,"{""type"": ""Point"", ""coordinates"": [-71.38166666666666, 46.80361111111111]}"
701S001.2025.2.27,2025-02-27 00:00:00,701S001,0,,,,25.2,,27,2,2025,-0.1,,-7.2,,53,,-14.4,,QC,29,,,,QUEBEC/JEAN LESAGE INTL,26892,5.7,,,,,,"{""type"": ""Point"", ""coordinates"": [-71.38166666666666, 46.80361111111111]}"
701S001.2025.2.28,2025-02-28 00:00:00,701S001,0,,28,,26.5,,28,2,2025,-0.2,,-8.5,,39,,-16.8,,QC,38,,46,,QUEBEC/JEAN LESAGE INTL,26892,1.9,,,,,,"{""type"": ""Point"", ""coordinates"": [-71.38166666666666, 46.80361111111111]}"
701S001.2025.3.1,2025-03-01 00:00:00,701S001,0,,7,,26.3,,1,3,2025,-5,,-8.3,,61,,-11.5,,QC,40,,39,,QUEBEC/JEAN LESAGE INTL,26892,10.5,,,,,,"{""type"": ""Point"", ""coordinates"": [-71.38166666666666, 46.80361111111111]}"
701S001.2025.3.2,2025-03-02 00:00:00,701S001,0,,28,,33,,2,3,2025,-10.9,,-15,,49,,-19,,QC,46,,46,,QUEBEC/JEAN LESAGE INTL,26892,0,,,,,,"{""type"": ""Point"", ""coordinates"": [-71.38166666666666, 46.80361111111111]}"
701S001.2025.3.3,2025-03-03 00:00:00,701S001,0,,23,,37.8,,3,3,2025,-8.5,,-19.8,,51,,-31.2,,QC,44,,31,,QUEBEC/JEAN LESAGE INTL,26892,0,,,,,,"{""type"": ""Point"", ""coordinates"": [-71.38166666666666, 46.80361111111111]}"
701S001.2025.3.4,2025-03-04 00:00:00,701S001,0,,,,24.4,,4,3,2025,0,,-6.4,,64,,-12.8,,QC,43,,,,QUEBEC/JEAN LESAGE INTL,26892,3.9,,,,,,"{""type"": ""Point"", ""coordinates"": [-71.38166666666666, 46.80361111111111]}"
701S001.2025.3.5,2025-03-05 00:00:00,701S001,0,,10,,17.9,,5,3,2025,1.7,,0.1,,91,,-1.5,,QC,46,,41,,QUEBEC/JEAN LESAGE INTL,26892,14.3,,,,,,"{""type"": ""Point"", ""coordinates"": [-71.38166666666666, 46.80361111111111]}"
701S001.2025.3.6,2025-03-06 00:00:00,701S001,0,,25,,17,,6,3,2025,3.6,,1,,76,,-1.6,,QC,40,,38,,QUEBEC/JEAN LESAGE INTL,26892,6.2,,,,,,"{""type"": ""Point"", ""coordinates"": [-71.38166666666666, 46.80361111111111]}"
701S001.2025.3.7,2025-03-07 00:00:00,701S001,0,,29,,22.6,,7,3,2025,-1.5,,-4.6,,57,,-7.7,,QC,38,,68,,QUEBEC/JEAN LESAGE INTL,26892,0.1,,,,,,"{""type"": ""Point"", ""coordinates"": [-71.38166666666666, 46.80361111111111]}"
701S001.2025.3.8,2025-03-08 00:00:00,701S001,0,,28,,26.6,,8,3,2025,-6.4,,-8.6,,51,,-10.8,,QC,37,,58,,QUEBEC/JEAN LESAGE INTL,26892,0,,,,,,"{""type"": ""Point"", ""coordinates"": [-71.38166666666666, 46.80361111111111]}"
701S001.2025.3.9,2025-03-09 00:00:00,701S001,0,,27,,25.3,,9,3,2025,-2.7,,-7.3,,52,,-11.8,,QC,37,,35,,QUEBEC/JEAN LESAGE INTL,26892,0.2,,,,,,"{""type"": ""Point"", ""coordinates"": [-71.38166666666666, 46.80361111111111]}"
701S001.2025.3.10,2025-03-10 00:00:00,701S001,0,,,,25.3,,10,3,2025,-2.6,,-7.3,,54,,-12,,QC,37,,,,QUEBEC/JEAN LESAGE INTL,26892,0,,,,,,"{""type"": ""Point"", ""coordinates"": [-71.38166666666666, 46.80361111111111]}"
701S001.2025.3.11,2025-03-11 00:00:00,701S001,0,,30,,19,,11,3,2025,6.9,,-1,,55,,-8.9,,QC,37,,46,,QUEBEC/JEAN LESAGE INTL,26892,2.7,,,,,,"{""type"": ""Point"", ""coordinates"": [-71.38166666666666, 46.80361111111111]}"
701S001.2025.3.12,2025-03-12 00:00:00,701S001,0,,31,,30.3,,12,3,2025,-6.6,,-12.3,,43,,-17.9,,QC,35,,39,,QUEBEC/JEAN LESAGE INTL,26892,0,,,,,,"{""type"": ""Point"", ""coordinates"": [-71.38166666666666, 46.80361111111111]}"
701S001.2025.3.13,2025-03-13 00:00:00,701S001,0,,,,23.4,,13,3,2025,4,,-5.4,,33,,-14.8,,QC,35,,,,QUEBEC/JEAN LESAGE INTL,26892,0,,,,,,"{""type"": ""Point"", ""coordinates"": [-71.38166666666666, 46.80361111111111]}"
701S001.2025.3.14,2025-03-14 00:00:00,701S001,0,,,,19.5,,14,3,2025,8.2,,-1.5,,44,,-11.2,,QC,35,,,,QUEBEC/JEAN LESAGE INTL,26892,0,,,,,,"{""type"": ""Point"", ""coordinates"": [-71.38166666666666, 46.80361111111111]}"
701S001.2025.3.15,2025-03-15 00:00:00,701S001,0,,6,,17.8,,15,3,2025,3.2,,0.2,,64,,-2.9,,QC,32,,37,,QUEBEC/JEAN LESAGE INTL,26892,0,,,,,,"{""type"": ""Point"", ""coordinates"": [-71.38166666666666, 46.80361111111111]}"
701S001.2025.3.16,2025-03-16 00:00:00,701S001,0,,,,16.9,,16,3,2025,3.1,,1.1,,76,,-0.9,,QC,29,,,,QUEBEC/JEAN LESAGE INTL,26892,3.9,,,,,,"{""type"": ""Point"", ""coordinates"": [-71.38166666666666, 46.80361111111111]}"
701S001.2025.3.17,2025-03-17 00:00:00,701S001,0,,31,,16.3,,17,3,2025,6,,1.7,,58,,-2.5,,QC,25,,33,,QUEBEC/JEAN LESAGE INTL,26892,0,,,,,,"{""type"": ""Point"", ""coordinates"": [-71.38166666666666, 46.80361111111111]}"
701S001.2025.3.18,2025-03-18 00:00:00,701S001,0,,,,19.9,,18,3,2025,3.6,,-1.9,,38,,-7.5,,QC,23,,,,QUEBEC/JEAN LESAGE INTL,26892,0,,,,,,"{""type"": ""Point"", ""coordinates"": [-71.38166666666666, 46.80361111111111]}"
701S001.2025.3.19,2025-03-19 00:00:00,701S001,0,,10,,17.5,,19,3,2025,3.2,,0.5,,56,,-2.2,,QC,23,,35,,QUEBEC/JEAN LESAGE INTL,26892,0,,,,,,"{""type"": ""Point"", ""coordinates"": [-71.38166666666666, 46.80361111111111]}"
701S001.2025.3.20,2025-03-20 00:00:00,701S001,0,,,,11.1,,20,3,2025,15.9,,6.9,,34,,-2.1,,QC,19,,,,QUEBEC/JEAN LESAGE INTL,26892,0,,,,,,"{""type"": ""Point"", ""coordinates"": [-71.38166666666666, 46.80361111111111]}"
701S001.2025.3.21,2025-03-21 00:00:00,701S001,0,,34,,15.9,,21,3,2025,7.2,,2.1,,34,,-3.1,,QC,13,,39,,QUEBEC/JEAN LESAGE INTL,26892,4.5,,,,,,"{""type"": ""Point"", ""coordinates"": [-71.38166666666666, 46.80361111111111]}"
701S001.2025.3.22,2025-03-22 00:00:00,701S001,0,,32,,16.7,,22,3,2025,8.6,,1.3,,40,,-6,,QC,12,,43,,QUEBEC/JEAN LESAGE INTL,26892,0.8,,,,,,"{""type"": ""Point"", ""coordinates"": [-71.38166666666666, 46.80361111111111]}"
701S001.2025.3.23,2025-03-23 00:00:00,701S001,0,,30,,25,,23,3,2025,-2.6,,-7,,38,,-11.3,,QC,7,,42,,QUEBEC/JEAN LESAGE INTL,26892,0,,,,,,"{""type"": ""Point"", ""coordinates"": [-71.38166666666666, 46.80361111111111]}"
701S001.2025.3.24,2025-03-24 00:00:00,701S001,0,,9,,25.4,,24,3,2025,-2.7,,-7.4,,58,,-12.1,,QC,7,,40,,QUEBEC/JEAN LESAGE INTL,26892,3.6,,,,,,"{""type"": ""Point"", ""coordinates"": [-71.38166666666666, 46.80361111111111]}"
701S001.2025.3.25,2025-03-25 00:00:00,701S001,0,,,,17,,25,3,2025,4.6,,1,,61,,-2.7,,QC,10,,,,QUEBEC/JEAN LESAGE INTL,26892,3.6,,,,,,"{""type"": ""Point"", ""coordinates"": [-71.38166666666666, 46.80361111111111]}"
701S001.2025.3.26,2025-03-26 00:00:00,701S001,0,,,,16,,26,3,2025,4.4,,2,,54,,-0.5,,QC,7,,,,QUEBEC/JEAN LESAGE INTL,26892,2.8,,,,,,"{""type"": ""Point"", ""coordinates"": [-71.38166666666666, 46.80361111111111]}"
701S001.2025.3.27,2025-03-27 00:00:00,701S001,0,,24,,16.8,,27,3,2025,5.1,,1.2,,34,,-2.6,,QC,3,,38,,QUEBEC/JEAN LESAGE INTL,26892,0,,,,,,"{""type"": ""Point"", ""coordinates"": [-71.38166666666666, 46.80361111111111]}"
701S001.2025.3.28,2025-03-28 00:00:00,701S001,0,,27,,21.2,,28,3,2025,0.5,,-3.2,,36,,-7,,QC,2,,39,,QUEBEC/JEAN LESAGE INTL,26892,0.9,,,,,,"{""type"": ""Point"", ""coordinates"": [-71.38166666666666, 46.80361111111111]}"
701S001.2025.3.29,2025-03-29 00:00:00,701S001,0,,,,22.9,,29,3,2025,-0.7,,-4.9,,33,,-9,,QC,1,,,,QUEBEC/JEAN LESAGE INTL,26892,0,,,,,,"{""type"": ""Point"", ""coordinates"": [-71.38166666666666, 46.80361111111111]}"
701S001.2025.3.30,2025-03-30 00:00:00,701S001,0,,6,,21.3,,30,3,2025,0.5,,-3.3,,41,,-7.1,,QC,1,,37,,QUEBEC/JEAN LESAGE INTL,26892,7,,,,,,"{""type"": ""Point"", ""coordinates"": [-71.38166666666666, 46.80361111111111]}"
701S001.2025.3.31,2025-03-31 00:00:00,701S001,0,,26,,16.1,,31,3,2025,4.8,,1.9,,77,,-0.9,,QC,4,,33,,QUEBEC/JEAN LESAGE INTL,26892,18.9,,,,,,"{""type"": ""Point"", ""coordinates"": [-71.38166666666666, 46.80361111111111]}"
701S001.2025.4.1,2025-04-01 00:00:00,701S001,0,,28,,20.7,,1,4,2025,1.7,,-2.7,,39,,-7.1,,QC,2,,51,,QUEBEC/JEAN LESAGE INTL,26892,0,,,,,,"{""type"": ""Point"", ""coordinates"": [-71.38166666666666, 46.80361111111111]}"
701S001.2025.4.2,2025-04-02 00:00:00,701S001,0,,8,,23.1,,2,4,2025,0.3,,-5.1,,30,,-10.4,,QC,1,,34,,QUEBEC/JEAN LESAGE INTL,26892,0,,,,,,"{""type"": ""Point"", ""coordinates"": [-71.38166666666666, 46.80361111111111]}"
701S001.2025.4.3,2025-04-03 00:00:00,701S001,,M,,M,,M,3,4,2025,,M,,M,,M,,M,QC,1,,,M,QUEBEC/JEAN LESAGE INTL,26892,,M,,,,,"{""type"": ""Point"", ""coordinates"": [-71.38166666666666, 46.80361111111111]}"
701S001.2025.4.4,2025-04-04 00:00:00,701S001,0,,28,,15.9,,4,4,2025,6.2,,2.1,,48,,-2,,QC,1,,51,,QUEBEC/JEAN LESAGE INTL,26892,0,,,,,,"{""type"": ""Point"", ""coordinates"": [-71.38166666666666, 46.80361111111111]}"
701S001.2025.4.5,2025-04-05 00:00:00,701S001,0,,9,,19.2,,5,4,2025,2.7,,-1.2,,55,,-5.2,,QC,1,,34,,QUEBEC/JEAN LESAGE INTL,26892,9.9,,,,,,"{""type"": ""Point"", ""coordinates"": [-71.38166666666666, 46.80361111111111]}"
701S001.2025.4.6,2025-04-06 00:00:00,701S001,0,,32,,16.3,,6,4,2025,7.1,,1.7,,41,,-3.6,,QC,2,,37,,QUEBEC/JEAN LESAGE INTL,26892,2.8,,,,,,"{""type"": ""Point"", ""coordinates"": [-71.38166666666666, 46.80361111111111]}"
701S001.2025.4.7,2025-04-07 00:00:00,701S001,0,,,,18.8,,7,4,2025,5.3,,-0.8,,32,,-6.9,,QC,2,,,,QUEBEC/JEAN LESAGE INTL,26892,0,,,,,,"{""type"": ""Point"", ""coordinates"": [-71.38166666666666, 46.80361111111111]}"
701S001.2025.4.8,2025-04-08 00:00:00,701S001,0,,8,,19.2,,8,4,2025,2.5,,-1.2,,48,,-4.9,,QC,1,,47,,QUEBEC/JEAN LESAGE INTL,26892,4.7,,,,,,"{""type"": ""Point"", ""coordinates"": [-71.38166666666666, 46.80361111111111]}"
701S001.2025.4.9,2025-04-09 00:00:00,701S001,0,,24,,22.2,,9,4,2025,0,,-4.2,,47,,-8.5,,QC,3,,42,,QUEBEC/JEAN LESAGE INTL,26892,0,,,,,,"{""type"": ""Point"", ""coordinates"": [-71.38166666666666, 46.80361111111111]}"
701S001.2025.4.10,2025-04-10 00:00:00,701S001,0,,22,,18,,10,4,2025,6.2,,0,,32,,-6.2,,QC,1,,33,,QUEBEC/JEAN LESAGE INTL,26892,0,,,,,,"{""type"": ""Point"", ""coordinates"": [-71.38166666666666, 46.80361111111111]}"
701S001.2025.4.11,2025-04-11 00:00:00,701S001,0,,,,15.7,,11,4,2025,7.6,,2.3,,47,,-3,,QC,1,,,,QUEBEC/JEAN LESAGE INTL,26892,0,,,,,,"{""type"": ""Point"", ""coordinates"": [-71.38166666666666, 46.80361111111111]}"
701S001.2025.4.12,2025-04-12 00:00:00,701S001,0,,,,14.4,,12,4,2025,9.9,,3.6,,52,,-2.8,,QC,1,,,,QUEBEC/JEAN LESAGE INTL,26892,0,,,,,,"{""type"": ""Point"", ""coordinates"": [-71.38166666666666, 46.80361111111111]}"
701S001.2025.4.13,2025-04-13 00:00:00,701S001,0,,10,,15.3,,13,4,2025,9.2,,2.7,,46,,-3.8,,QC,1,,33,,QUEBEC/JEAN LESAGE INTL,26892,0,,,,,,"{""type"": ""Point"", ""coordinates"": [-71.38166666666666, 46.80361111111111]}"
701S001.2025.4.14,2025-04-14 00:00:00,701S001,0,,,,13.2,,14,4,2025,14.8,,4.8,,23,,-5.3,,QC,1,,,,QUEBEC/JEAN LESAGE INTL,26892,0,,,,,,"{""type"": ""Point"", ""coordinates"": [-71.38166666666666, 46.80361111111111]}"
701S001.2025.4.15,2025-04-15 00:00:00,701S001,0,,,,13.3,,15,4,2025,9.2,,4.7,,50,,0.2,,QC,,,,,QUEBEC/JEAN LESAGE INTL,26892,4.5,,,,,,"{""type"": ""Point"", ""coordinates"": [-71.38166666666666, 46.80361111111111]}"
701S001.2025.4.16,2025-04-16 00:00:00,701S001,0,,24,,15.3,,16,4,2025,4.7,,2.7,,74,,0.8,,QC,,,42,,QUEBEC/JEAN LESAGE INTL,26892,1.1,,,,,,"{""type"": ""Point"", ""coordinates"": [-71.38166666666666, 46.80361111111111]}"
701S001.2025.4.17,2025-04-17 00:00:00,701S001,0,,27,,15.6,,17,4,2025,8.1,,2.4,,30,,-3.3,,QC,,,43,,QUEBEC/JEAN LESAGE INTL,26892,0,,,,,,"{""type"": ""Point"", ""coordinates"": [-71.38166666666666, 46.80361111111111]}"
701S001.2025.4.18,2025-04-18 00:00:00,701S001,0,,,,14.7,,18,4,2025,11.8,,3.3,,25,,-5.3,,QC,,,,,QUEBEC/JEAN LESAGE INTL,26892,1.6,,,,,,"{""type"": ""Point"", ""coordinates"": [-71.38166666666666, 46.80361111111111]}"
701S001.2025.4.19,2025-04-19 00:00:00,701S001,0,,32,,10.4,,19,4,2025,11.2,,7.6,,76,,4,,QC,,,49,,QUEBEC/JEAN LESAGE INTL,26892,3.5,,,,,,"{""type"": ""Point"", ""coordinates"": [-71.38166666666666, 46.80361111111111]}"
701S001.2025.4.20,2025-04-20 00:00:00,701S001,0,,29,,13.4,,20,4,2025,8.5,,4.6,,35,,0.7,,QC,,,53,,QUEBEC/JEAN LESAGE INTL,26892,0,,,,,,"{""type"": ""Point"", ""coordinates"": [-71.38166666666666, 46.80361111111111]}"
701S001.2025.4.21,2025-04-21 00:00:00,701S001,0,,,,12.3,,21,4,2025,13.1,,5.7,,21,,-1.7,,QC,,,,,QUEBEC/JEAN LESAGE INTL,26892,3.4,,,,,,"{""type"": ""Point"", ""coordinates"": [-71.38166666666666, 46.80361111111111]}"
701S001.2025.4.22,2025-04-22 00:00:00,701S001,0,,,,11.4,,22,4,2025,8.6,,6.6,,79,,4.5,,QC,,,,,QUEBEC/JEAN LESAGE INTL,26892,5.9,,,,,,"{""type"": ""Point"", ""coordinates"": [-71.38166666666666, 46.80361111111111]}"
701S001.2025.4.23,2025-04-23 00:00:00,701S001,0,,26,,10,,23,4,2025,12,,8,,52,,4,,QC,,,35,,QUEBEC/JEAN LESAGE INTL,26892,0,,,,,,"{""type"": ""Point"", ""coordinates"": [-71.38166666666666, 46.80361111111111]}"
701S001.2025.4.24,2025-04-24 00:00:00,701S001,0,,,,11.7,,24,4,2025,13.2,,6.3,,42,,-0.5,,QC,,,,,QUEBEC/JEAN LESAGE INTL,26892,0,,,,,,"{""type"": ""Point"", ""coordinates"": [-71.38166666666666, 46.80361111111111]}"
701S001.2025.4.25,2025-04-25 00:00:00,701S001,0,,8,,10.7,,25,4,2025,15.6,,7.3,,41,,-1,,QC,,,37,,QUEBEC/JEAN LESAGE INTL,26892,0.3,,,,,,"{""type"": ""Point"", ""coordinates"": [-71.38166666666666, 46.80361111111111]}"
701S001.2025.4.26,2025-04-26 00:00:00,701S001,0,,6,,11.9,,26,4,2025,8.2,,6.1,,82,,4.1,,QC,,,48,,QUEBEC/JEAN LESAGE INTL,26892,11.3,,,,,,"{""type"": ""Point"", ""coordinates"": [-71.38166666666666, 46.80361111111111]}"
701S001.2025.4.27,2025-04-27 00:00:00,701S001,0,,8,,12.9,,27,4,2025,9.4,,5.1,,62,,0.8,,QC,,,34,,QUEBEC/JEAN LESAGE INTL,26892,8.8,,,,,,"{""type"": ""Point"", ""coordinates"": [-71.38166666666666, 46.80361111111111]}"
701S001.2025.4.28,2025-04-28 00:00:00,701S001,0,,21,,5.6,,28,4,2025,21.2,,12.4,,24,,3.6,,QC,,,36,,QUEBEC/JEAN LESAGE INTL,26892,0,,,,,,"{""type"": ""Point"", ""coordinates"": [-71.38166666666666, 46.80361111111111]}"
701S001.2025.4.29,2025-04-29 00:00:00,701S001,0,,34,,4.2,,29,4,2025,23.6,,13.8,,32,,4,,QC,,,47,,QUEBEC/JEAN LESAGE INTL,26892,18.9,,,,,,"{""type"": ""Point"", ""coordinates"": [-71.38166666666666, 46.80361111111111]}"
701S001.2025.4.30,2025-04-30 00:00:00,701S001,0,,29,,10.7,,30,4,2025,14.9,,7.3,,42,,-0.3,,QC,,,60,,QUEBEC/JEAN LESAGE INTL,26892,0,,,,,,"{""type"": ""Point"", ""coordinates"": [-71.38166666666666, 46.80361111111111]}"
701S001.2025.5.1,2025-05-01 00:00:00,701S001,0,,,,12.3,,1,5,2025,14.3,,5.7,,21,,-3,,QC,,,,,QUEBEC/JEAN LESAGE INTL,26892,0,,,,,,"{""type"": ""Point"", ""coordinates"": [-71.38166666666666, 46.80361111111111]}"
701S001.2025.5.2,2025-05-02 00:00:00,701S001,0,,,,11.2,,2,5,2025,9.2,,6.8,,49,,4.4,,QC,,,,,QUEBEC/JEAN LESAGE INTL,26892,18,,,,,,"{""type"": ""Point"", ""coordinates"": [-71.38166666666666, 46.80361111111111]}"
701S001.2025.5.3,2025-05-03 00:00:00,701S001,0,,,,8.8,,3,5,2025,13.4,,9.2,,55,,5,,QC,,,,,QUEBEC/JEAN LESAGE INTL,26892,0,,,,,,"{""type"": ""Point"", ""coordinates"": [-71.38166666666666, 46.80361111111111]}"
701S001.2025.5.4,2025-05-04 00:00:00,701S001,0,,20,,5.9,,4,5,2025,20.5,,12.1,,27,,3.8,,QC,,,36,,QUEBEC/JEAN LESAGE INTL,26892,0,,,,,,"{""type"": ""Point"", ""coordinates"": [-71.38166666666666, 46.80361111111111]}"
701S001.2025.5.5,2025-05-05 00:00:00,701S001,,M,,M,,M,5,5,2025,,M,,M,,M,,M,QC,,,,M,QUEBEC/JEAN LESAGE INTL,26892,,M,,,,,"{""type"": ""Point"", ""coordinates"": [-71.38166666666666, 46.80361111111111]}"
701S001.2025.5.6,2025-05-06 00:00:00,701S001,0,,,,3.6,,6,5,2025,19.9,,14.4,,52,,9,,QC,,,,,QUEBEC/JEAN LESAGE INTL,26892,0.6,,,,,,"{""type"": ""Point"", ""coordinates"": [-71.38166666666666, 46.80361111111111]}"
701S001.2025.5.7,2025-05-07 00:00:00,701S001,0,,17,,3.4,,7,5,2025,21,,14.6,,53,,8.1,,QC,,,38,,QUEBEC/JEAN LESAGE INTL,26892,6,,,,,,"{""type"": ""Point"", ""coordinates"": [-71.38166666666666, 46.80361111111111]}"
701S001.2025.5.8,2025-05-08 00:00:00,701S001,0,,9,,10.9,,8,5,2025,8.4,,7.1,,65,,5.8,,QC,,,43,,QUEBEC/JEAN LESAGE INTL,26892,4.2,,,,,,"{""type"": ""Point"", ""coordinates"": [-71.38166666666666, 46.80361111111111]}"
701S001.2025.5.9,2025-05-09 00:00:00,701S001,0,,8,,12.5,,9,5,2025,7.2,,5.5,,66,,3.8,,QC,,,40,,QUEBEC/JEAN LESAGE INTL,26892,8.1,,,,,,"{""type"": ""Point"", ""coordinates"": [-71.38166666666666, 46.80361111111111]}"
701S001.2025.5.10,2025-05-10 00:00:00,701S001,0,,,,10.7,,10,5,2025,9.7,,7.3,,63,,5,,QC,,,,,QUEBEC/JEAN LESAGE INTL,26892,0.5,,,,,,"{""type"": ""Point"", ""coordinates"": [-71.38166666666666, 46.80361111111111]}"
701S001.2025.5.11,2025-05-11 00:00:00,701S001,0,,32,,9.6,,11,5,2025,15.6,,8.4,,18,,1.2,,QC,,,45,,QUEBEC/JEAN LESAGE INTL,26892,0,,,,,,"{""type"": ""Point"", ""coordinates"": [-71.38166666666666, 46.80361111111111]}"
701S001.2025.5.12,2025-05-12 00:00:00,701S001,0,,27,,6.3,,12,5,2025,19.5,,11.7,,33,,3.9,,QC,,,42,,QUEBEC/JEAN LESAGE INTL,26892,0,,,,,,"{""type"": ""Point"", ""coordinates"": [-71.38166666666666, 46.80361111111111]}"
701S001.2025.5.13,2025-05-13 00:00:00,701S001,0,,,,8.6,,13,5,2025,16.3,,9.4,,37,,2.4,,QC,,,,,QUEBEC/JEAN LESAGE INTL,26892,0,,,,,,"{""type"": ""Point"", ""coordinates"": [-71.38166666666666, 46.80361111111111]}"
701S001.2025.5.14,2025-05-14 00:00:00,701S001,0,,25,,2.4,,14,5,2025,27.9,,15.6,,38,,3.4,,QC,,,31,,QUEBEC/JEAN LESAGE INTL,26892,0,,,,,,"{""type"": ""Point"", ""coordinates"": [-71.38166666666666, 46.80361111111111]}"
701S001.2025.5.15,2025-05-15 00:00:00,701S001,0.9,,,,0,,15,5,2025,27.7,,18.9,,46,,10.2,,QC,,,,,QUEBEC/JEAN LESAGE INTL,26892,0,,,,,,"{""type"": ""Point"", ""coordinates"": [-71.38166666666666, 46.80361111111111]}"
701S001.2025.5.16,2025-05-16 00:00:00,701S001,0,,10,,4.7,,16,5,2025,17.7,,13.3,,49,,8.8,,QC,,,36,,QUEBEC/JEAN LESAGE INTL,26892,7.6,,,,,,"{""type"": ""Point"", ""coordinates"": [-71.38166666666666, 46.80361111111111]}"
701S001.2025.5.17,2025-05-17 00:00:00,701S001,0,,8,,5.1,,17,5,2025,16.8,,12.9,,83,,9.1,,QC,,,32,,QUEBEC/JEAN LESAGE INTL,26892,10.1,,,,,,"{""type"": ""Point"", ""coordinates"": [-71.38166666666666, 46.80361111111111]}"
701S001.2025.5.18,2025-05-18 00:00:00,701S001,0,,,,9.2,,18,5,2025,9.8,,8.8,,90,,7.8,,QC,,,,,QUEBEC/JEAN LESAGE INTL,26892,23.3,,,,,,"{""type"": ""Point"", ""coordinates"": [-71.38166666666666, 46.80361111111111]}"
701S001.2025.5.19,2025-05-19 00:00:00,701S001,0,,,,9.3,,19,5,2025,10.3,,8.7,,82,,7.2,,QC,,,,,QUEBEC/JEAN LESAGE INTL,26892,5,,,,,,"{""type"": ""Point"", ""coordinates"": [-71.38166666666666, 46.80361111111111]}"
701S001.2025.5.20,2025-05-20 00:00:00,701S001,0,,7,,9.2,,20,5,2025,11.6,,8.8,,62,,6,,QC,,,32,,QUEBEC/JEAN LESAGE INTL,26892,0.3,,,,,,"{""type"": ""Point"", ""coordinates"": [-71.38166666666666, 46.80361111111111]}"
701S001.2025.5.21,2025-05-21 00:00:00,701S001,,M,,M,,M,21,5,2025,,M,,M,,M,,M,QC,,,,M,QUEBEC/JEAN LESAGE INTL,26892,,M,,,,,"{""type"": ""Point"", ""coordinates"": [-71.38166666666666, 46.80361111111111]}"
701S001.2025.5.22,2025-05-22 00:00:00,701S001,0,,8,,6.8,,22,5,2025,14.4,,11.2,,55,,8,,QC,,,41,,QUEBEC/JEAN LESAGE INTL,26892,0,,,,,,"{""type"": ""Point"", ""coordinates"": [-71.38166666666666, 46.80361111111111]}"
701S001.2025.5.23,2025-05-23 00:00:00,701S001,0,,7,,9.4,,23,5,2025,10.9,,8.6,,67,,6.2,,QC,,,45,,QUEBEC/JEAN LESAGE INTL,26892,6.2,,,,,,"{""type"": ""Point"", ""coordinates"": [-71.38166666666666, 46.80361111111111]}"
701S001.2025.5.24,2025-05-24 00:00:00,701S001,0,,,,10.8,,24,5,2025,9.2,,7.2,,79,,5.1,,QC,,,,,QUEBEC/JEAN LESAGE INTL,26892,5.4,,,,,,"{""type"": ""Point"", ""coordinates"": [-71.38166666666666, 46.80361111111111]}"
701S001.2025.5.25,2025-05-25 00:00:00,701S001,0,,,,9.1,,25,5,2025,14.3,,8.9,,67,,3.4,,QC,,,,,QUEBEC/JEAN LESAGE INTL,26892,0.5,,,,,,"{""type"": ""Point"", ""coordinates"": [-71.38166666666666, 46.80361111111111]}"
701S001.2025.5.26,2025-05-26 00:00:00,701S001,,M,,M,,M,26,5,2025,,M,,M,,M,,M,QC,,,,M,QUEBEC/JEAN LESAGE INTL,26892,,M,,,,,"{""type"": ""Point"", ""coordinates"": [-71.38166666666666, 46.80361111111111]}"
701S001.2025.5.27,2025-05-27 00:00:00,701S001,,M,,M,,M,27,5,2025,,M,,M,,M,,M,QC,,,,M,QUEBEC/JEAN LESAGE INTL,26892,,M,,,,,"{""type"": ""Point"", ""coordinates"": [-71.38166666666666, 46.80361111111111]}"
701S001.2025.5.28,2025-05-28 00:00:00,701S001,,M,,M,,M,28,5,2025,,M,,M,,M,,M,QC,,,,M,QUEBEC/JEAN LESAGE INTL,26892,,M,,,,,"{""type"": ""Point"", ""coordinates"": [-71.38166666666666, 46.80361111111111]}"
701S001.2025.5.29,2025-05-29 00:00:00,701S001,0,,24,,3.5,,29,5,2025,23.5,,14.5,,54,,5.6,,QC,,,35,,QUEBEC/JEAN LESAGE INTL,26892,0,,,,,,"{""type"": ""Point"", ""coordinates"": [-71.38166666666666, 46.80361111111111]}"
701S001.2025.5.30,2025-05-30 00:00:00,701S001,0,,24,,1.1,,30,5,2025,21.5,,16.9,,58,,12.3,,QC,,,32,,QUEBEC/JEAN LESAGE INTL,26892,0.2,,,,,,"{""type"": ""Point"", ""coordinates"": [-71.38166666666666, 46.80361111111111]}"
701S001.2025.5.31,2025-05-31 00:00:00,701S001,0,,10,,3.9,,31,5,2025,18.8,,14.1,,71,,9.4,,QC,,,35,,QUEBEC/JEAN LESAGE INTL,26892,19.3,,,,,,"{""type"": ""Point"", ""coordinates"": [-71.38166666666666, 46.80361111111111]}"
701S001.2025.6.1,2025-06-01 00:00:00,701S001,0,,24,,8.3,,1,6,2025,10.8,,9.7,,87,,8.7,,QC,,,45,,QUEBEC/JEAN LESAGE INTL,26892,1.8,,,,,,"{""type"": ""Point"", ""coordinates"": [-71.38166666666666, 46.80361111111111]}"
701S001.2025.6.2,2025-06-02 00:00:00,701S001,0,,26,,6.7,,2,6,2025,18,,11.3,,48,,4.7,,QC,,,31,,QUEBEC/JEAN LESAGE INTL,26892,0.8,,,,,,"{""type"": ""Point"", ""coordinates"": [-71.38166666666666, 46.80361111111111]}"
701S001.2025.6.3,2025-06-03 00:00:00,701S001,0,,25,,5.1,,3,6,2025,23.5,,12.9,,39,,2.2,,QC,,,31,,QUEBEC/JEAN LESAGE INTL,26892,0,,,,,,"{""type"": ""Point"", ""coordinates"": [-71.38166666666666, 46.80361111111111]}"
701S001.2025.6.4,2025-06-04 00:00:00,701S001,0.4,,,,0,,4,6,2025,29.2,,18.4,,41,,7.6,,QC,,,,,QUEBEC/JEAN LESAGE INTL,26892,0,,,,,,"{""type"": ""Point"", ""coordinates"": [-71.38166666666666, 46.80361111111111]}"
701S001.2025.6.5,2025-06-05 00:00:00,701S001,0.3,,,,0,,5,6,2025,25,,18.3,,60,,11.7,,QC,,,,,QUEBEC/JEAN LESAGE INTL,26892,0,,,,,,"{""type"": ""Point"", ""coordinates"": [-71.38166666666666, 46.80361111111111]}"
701S001.2025.6.6,2025-06-06 00:00:00,701S001,,M,,M,,M,6,6,2025,,M,,M,,M,,M,QC,,,,M,QUEBEC/JEAN LESAGE INTL,26892,,M,,,,,"{""type"": ""Point"", ""coordinates"": [-71.38166666666666, 46.80361111111111]}"
701S001.2025.6.7,2025-06-07 00:00:00,701S001,0,,,,1.7,,7,6,2025,23.5,,16.3,,47,,9.1,,QC,,,,,QUEBEC/JEAN LESAGE INTL,26892,0,,,,,,"{""type"": ""Point"", ""coordinates"": [-71.38166666666666, 46.80361111111111]}"
701S001.2025.6.8,2025-06-08 00:00:00,701S001,0,,,,2.8,,8,6,2025,22.2,,15.2,,31,,8.1,,QC,,,,,QUEBEC/JEAN LESAGE INTL,26892,0,,,,,,"{""type"": ""Point"", ""coordinates"": [-71.38166666666666, 46.80361111111111]}"
701S001.2025.6.9,2025-06-09 00:00:00,701S001,0,,16,,0.1,,9,6,2025,25,,17.9,,45,,10.9,,QC,,,41,,QUEBEC/JEAN LESAGE INTL,26892,2.5,,,,,,"{""type"": ""Point"", ""coordinates"": [-71.38166666666666, 46.80361111111111]}"
701S001.2025.6.10,2025-06-10 00:00:00,701S001,0,,,,2.2,,10,6,2025,20.3,,15.8,,72,,11.2,,QC,,,,,QUEBEC/JEAN LESAGE INTL,26892,4.9,,,,,,"{""type"": ""Point"", ""coordinates"": [-71.38166666666666, 46.80361111111111]}"
701S001.2025.6.11,2025-06-11 00:00:00,701S001,0,,26,,1.2,,11,6,2025,21.6,,16.8,,60,,12,,QC,,,39,,QUEBEC/JEAN LESAGE INTL,26892,2.3,,,,,,"{""type"": ""Point"", ""coordinates"": [-71.38166666666666, 46.80361111111111]}"
701S001.2025.6.12,2025-06-12 00:00:00,701S001,0,,29,,4.6,,12,6,2025,18.2,,13.4,,56,,8.6,,QC,,,36,,QUEBEC/JEAN LESAGE INTL,26892,0.4,,,,,,"{""type"": ""Point"", ""coordinates"": [-71.38166666666666, 46.80361111111111]}"
701S001.2025.6.13,2025-06-13 00:00:00,701S001,0,,,,6.6,,13,6,2025,17.6,,11.4,,41,,5.1,,QC,,,,,QUEBEC/JEAN LESAGE INTL,26892,0,,,,,,"{""type"": ""Point"", ""coordinates"": [-71.38166666666666, 46.80361111111111]}"
701S001.2025.6.14,2025-06-14 00:00:00,701S001,0,,,,6.2,,14,6,2025,20,,11.8,,29,,3.6,,QC,,,,,QUEBEC/JEAN LESAGE INTL,26892,0,,,,,,"{""type"": ""Point"", ""coordinates"": [-71.38166666666666, 46.80361111111111]}"
701S001.2025.6.15,2025-06-15 00:00:00,701S001,0,,19,,3.7,,15,6,2025,23.5,,14.3,,34,,5,,QC,,,31,,QUEBEC/JEAN LESAGE INTL,26892,0,,,,,,"{""type"": ""Point"", ""coordinates"": [-71.38166666666666, 46.80361111111111]}"
701S001.2025.6.16,2025-06-16 00:00:00,701S001,0,,,,2.6,,16,6,2025,25.4,,15.4,,32,,5.3,,QC,,,,,QUEBEC/JEAN LESAGE INTL,26892,0,,,,,,"{""type"": ""Point"", ""coordinates"": [-71.38166666666666, 46.80361111111111]}"
701S001.2025.6.17,2025-06-17 00:00:00,701S001,0.7,,18,,0,,17,6,2025,26.5,,18.7,,51,,10.8,,QC,,,32,,QUEBEC/JEAN LESAGE INTL,26892,0,,,,,,"{""type"": ""Point"", ""coordinates"": [-71.38166666666666, 46.80361111111111]}"
701S001.2025.6.18,2025-06-18 00:00:00,701S001,4,,,,0,,18,6,2025,26.4,,22,,68,,17.6,,QC,,,,,QUEBEC/JEAN LESAGE INTL,26892,3.5,,,,,,"{""type"": ""Point"", ""coordinates"": [-71.38166666666666, 46.80361111111111]}"
701S001.2025.6.19,2025-06-19 00:00:00,701S001,0.2,,8,,0,,19,6,2025,22,,18.2,,85,,14.4,,QC,,,38,,QUEBEC/JEAN LESAGE INTL,26892,22.8,,,,,,"{""type"": ""Point"", ""coordinates"": [-71.38166666666666, 46.80361111111111]}"
701S001.2025.6.20,2025-06-20 00:00:00,701S001,0,,8,,2.4,,20,6,2025,20.4,,15.6,,70,,10.7,,QC,,,31,,QUEBEC/JEAN LESAGE INTL,26892,30.6,,,,,,"{""type"": ""Point"", ""coordinates"": [-71.38166666666666, 46.80361111111111]}"
701S001.2025.6.21,2025-06-21 00:00:00,701S001,0,,,,1.7,,21,6,2025,24.2,,16.3,,37,,8.4,,QC,,,,,QUEBEC/JEAN LESAGE INTL,26892,0.2,,,,,,"{""type"": ""Point"", ""coordinates"": [-71.38166666666666, 46.80361111111111]}"
701S001.2025.6.22,2025-06-22 00:00:00,701S001,2.2,,31,,0,,22,6,2025,26.8,,20.2,,63,,13.7,,QC,,,40,,QUEBEC/JEAN LESAGE INTL,26892,27.9,,,,,,"{""type"": ""Point"", ""coordinates"": [-71.38166666666666, 46.80361111111111]}"
701S001.2025.6.23,2025-06-23 00:00:00,701S001,4.3,,34,,0,,23,6,2025,31.8,,22.3,,66,,12.8,,QC,,,68,,QUEBEC/JEAN LESAGE INTL,26892,19.8,,,,,,"{""type"": ""Point"", ""coordinates"": [-71.38166666666666, 46.80361111111111]}"
701S001.2025.6.24,2025-06-24 00:00:00,701S001,6.7,,28,,0,,24,6,2025,32,,24.7,,49,,17.4,,QC,,,39,,QUEBEC/JEAN LESAGE INTL,26892,0,,,,,,"{""type"": ""Point"", ""coordinates"": [-71.38166666666666, 46.80361111111111]}"
701S001.2025.6.25,2025-06-25 00:00:00,701S001,0.9,,28,,0,,25,6,2025,24.7,,18.9,,32,,13,,QC,,,33,,QUEBEC/JEAN LESAGE INTL,26892,0,,,,,,"{""type"": ""Point"", ""coordinates"": [-71.38166666666666, 46.80361111111111]}"
701S001.2025.6.26,2025-06-26 00:00:00,701S001,0,,,,3.7,,26,6,2025,20.8,,14.3,,45,,7.8,,QC,,,,,QUEBEC/JEAN LESAGE INTL,26892,0,,,,,,"{""type"": ""Point"", ""coordinates"": [-71.38166666666666, 46.80361111111111]}"
701S001.2025.6.27,2025-06-27 00:00:00,701S001,0,,,,3.2,,27,6,2025,22.8,,14.8,,39,,6.8,,QC,,,,,QUEBEC/JEAN LESAGE INTL,26892,2.1,,,,,,"{""type"": ""Point"", ""coordinates"": [-71.38166666666666, 46.80361111111111]}"
701S001.2025.6.28,2025-06-28 00:00:00,701S001,0,,12,,4.8,,28,6,2025,14.9,,13.2,,90,,11.5,,QC,,,32,,QUEBEC/JEAN LESAGE INTL,26892,32.4,,,,,,"{""type"": ""Point"", ""coordinates"": [-71.38166666666666, 46.80361111111111]}"
701S001.2025.6.29,2025-06-29 00:00:00,701S001,0,,,,0.2,,29,6,2025,22.1,,17.8,,76,,13.4,,QC,,,,,QUEBEC/JEAN LESAGE INTL,26892,0.4,,,,,,"{""type"": ""Point"", ""coordinates"": [-71.38166666666666, 46.80361111111111]}"
701S001.2025.6.30,2025-06-30 00:00:00,701S001,3.2,,,,0,,30,6,2025,28.2,,21.2,,54,,14.2,,QC,,,,,QUEBEC/JEAN LESAGE INTL,26892,0,,,,,,"{""type"": ""Point"", ""coordinates"": [-71.38166666666666, 46.80361111111111]}"
701S001.2025.7.1,2025-07-01 00:00:00,701S001,3.3,,32,,0,,1,7,2025,26.2,,21.3,,78,,16.4,,QC,,,41,,QUEBEC/JEAN LESAGE INTL,26892,16.5,,,,,,"{""type"": ""Point"", ""coordinates"": [-71.38166666666666, 46.80361111111111]}"
701S001.2025.7.2,2025-07-02 00:00:00,701S001,4.1,,22,,0,,2,7,2025,27.1,,22.1,,57,,17,,QC,,,32,,QUEBEC/JEAN LESAGE INTL,26892,0,,,,,,"{""type"": ""Point"", ""coordinates"": [-71.38166666666666, 46.80361111111111]}"
701S001.2025.7.3,2025-07-03 00:00:00,701S001,1.1,,,,0,,3,7,2025,24,,19.1,,63,,14.3,,QC,,,,,QUEBEC/JEAN LESAGE INTL,26892,1.9,,,,,,"{""type"": ""Point"", ""coordinates"": [-71.38166666666666, 46.80361111111111]}"
701S001.2025.7.4,2025-07-04 00:00:00,701S001,0.2,,29,,0,,4,7,2025,24.6,,18.2,,45,,11.7,,QC,,,36,,QUEBEC/JEAN LESAGE INTL,26892,0,,,,,,"{""type"": ""Point"", ""coordinates"": [-71.38166666666666, 46.80361111111111]}"
701S001.2025.7.5,2025-07-05 00:00:00,701S001,0,,,,0.5,,5,7,2025,24.3,,17.5,,56,,10.8,,QC,,,,,QUEBEC/JEAN LESAGE INTL,26892,6.3,,,,,,"{""type"": ""Point"", ""coordinates"": [-71.38166666666666, 46.80361111111111]}"
701S001.2025.7.6,2025-07-06 00:00:00,701S001,3.3,,26,,0,,6,7,2025,26.5,,21.3,,79,,16.2,,QC,,,55,,QUEBEC/JEAN LESAGE INTL,26892,33.5,,,,,,"{""type"": ""Point"", ""coordinates"": [-71.38166666666666, 46.80361111111111]}"
701S001.2025.7.7,2025-07-07 00:00:00,701S001,0,,10,,3.3,,7,7,2025,16.7,,14.7,,88,,12.7,,QC,,,31,,QUEBEC/JEAN LESAGE INTL,26892,29.5,,,,,,"{""type"": ""Point"", ""coordinates"": [-71.38166666666666, 46.80361111111111]}"
701S001.2025.7.8,2025-07-08 00:00:00,701S001,0,,,,0.1,,8,7,2025,25.3,,17.9,,39,,10.5,,QC,,,,,QUEBEC/JEAN LESAGE INTL,26892,0,,,,,,"{""type"": ""Point"", ""coordinates"": [-71.38166666666666, 46.80361111111111]}"
701S001.2025.7.9,2025-07-09 00:00:00,701S001,2.2,,,,0,,9,7,2025,28.5,,20.2,,35,,11.9,,QC,,,,,QUEBEC/JEAN LESAGE INTL,26892,0,,,,,,"{""type"": ""Point"", ""coordinates"": [-71.38166666666666, 46.80361111111111]}"
701S001.2025.7.10,2025-07-10 00:00:00,701S001,2.6,,10,,0,,10,7,2025,24.5,,20.6,,60,,16.6,,QC,,,31,,QUEBEC/JEAN LESAGE INTL,26892,31.3,,,,,,"{""type"": ""Point"", ""coordinates"": [-71.38166666666666, 46.80361111111111]}"
701S001.2025.7.11,2025-07-11 00:00:00,701S001,4.2,,,,0,,11,7,2025,27.7,,22.2,,54,,16.7,,QC,,,,,QUEBEC/JEAN LESAGE INTL,26892,0,,,,,,"{""type"": ""Point"", ""coordinates"": [-71.38166666666666, 46.80361111111111]}"
701S001.2025.7.12,2025-07-12 00:00:00,701S001,3.3,,,,0,,12,7,2025,28.3,,21.3,,55,,14.4,,QC,,,,,QUEBEC/JEAN LESAGE INTL,26892,0,,,,,,"{""type"": ""Point"", ""coordinates"": [-71.38166666666666, 46.80361111111111]}"
701S001.2025.7.13,2025-07-13 00:00:00,701S001,7.4,,28,,0,,13,7,2025,31.4,,25.4,,63,,19.4,,QC,,,43,,QUEBEC/JEAN LESAGE INTL,26892,15.6,,,,,,"{""type"": ""Point"", ""coordinates"": [-71.38166666666666, 46.80361111111111]}"
701S001.2025.7.14,2025-07-14 00:00:00,701S001,5.5,,26,,0,,14,7,2025,28,,23.5,,61,,19,,QC,,,33,,QUEBEC/JEAN LESAGE INTL,26892,0.9,,,,,,"{""type"": ""Point"", ""coordinates"": [-71.38166666666666, 46.80361111111111]}"
701S001.2025.7.15,2025-07-15 00:00:00,701S001,5.2,,,,0,,15,7,2025,28.9,,23.2,,61,,17.4,,QC,,,,,QUEBEC/JEAN LESAGE INTL,26892,0,,,,,,"{""type"": ""Point"", ""coordinates"": [-71.38166666666666, 46.80361111111111]}"
701S001.2025.7.16,2025-07-16 00:00:00,701S001,6.2,,,,0,,16,7,2025,31.1,,24.2,,55,,17.3,,QC,,,,,QUEBEC/JEAN LESAGE INTL,26892,0,,,,,,"{""type"": ""Point"", ""coordinates"": [-71.38166666666666, 46.80361111111111]}"
701S001.2025.7.17,2025-07-17 00:00:00,701S001,1.1,,7,,0,,17,7,2025,22.2,,19.1,,86,,16,,QC,,,31,,QUEBEC/JEAN LESAGE INTL,26892,38,,,,,,"{""type"": ""Point"", ""coordinates"": [-71.38166666666666, 46.80361111111111]}"
701S001.2025.7.18,2025-07-18 00:00:00,701S001,1.2,,22,,0,,18,7,2025,24.7,,19.2,,45,,13.8,,QC,,,35,,QUEBEC/JEAN LESAGE INTL,26892,0,,,,,,"{""type"": ""Point"", ""coordinates"": [-71.38166666666666, 46.80361111111111]}"
701S001.2025.7.19,2025-07-19 00:00:00,701S001,1.2,,26,,0,,19,7,2025,24.6,,19.2,,48,,13.8,,QC,,,36,,QUEBEC/JEAN LESAGE INTL,26892,0,,,,,,"{""type"": ""Point"", ""coordinates"": [-71.38166666666666, 46.80361111111111]}"
701S001.2025.7.20,2025-07-20 00:00:00,701S001,1,,,,0,,20,7,2025,24.9,,19,,49,,13,,QC,,,,,QUEBEC/JEAN LESAGE INTL,26892,0,,,,,,"{""type"": ""Point"", ""coordinates"": [-71.38166666666666, 46.80361111111111]}"
701S001.2025.7.21,2025-07-21 00:00:00,701S001,0,,33,,1.9,,21,7,2025,21.1,,16.1,,41,,11.1,,QC,,,43,,QUEBEC/JEAN LESAGE INTL,26892,0,,,,,,"{""type"": ""Point"", ""coordinates"": [-71.38166666666666, 46.80361111111111]}"
701S001.2025.7.22,2025-07-22 00:00:00,701S001,0,,,,1.3,,22,7,2025,24.3,,16.7,,39,,9.2,,QC,,,,,QUEBEC/JEAN LESAGE INTL,26892,0,,,,,,"{""type"": ""Point"", ""coordinates"": [-71.38166666666666, 46.80361111111111]}"
701S001.2025.7.23,2025-07-23 00:00:00,701S001,0,,24,,0.7,,23,7,2025,25.3,,17.3,,48,,9.3,,QC,,,33,,QUEBEC/JEAN LESAGE INTL,26892,0,,,,,,"{""type"": ""Point"", ""coordinates"": [-71.38166666666666, 46.80361111111111]}"
701S001.2025.7.24,2025-07-24 00:00:00,701S001,4.8,,23,,0,,24,7,2025,30.1,,22.8,,59,,15.5,,QC,,,44,,QUEBEC/JEAN LESAGE INTL,26892,0,,,,,,"{""type"": ""Point"", ""coordinates"": [-71.38166666666666, 46.80361111111111]}"
701S001.2025.7.25,2025-07-25 00:00:00,701S001,2.2,,,,0,,25,7,2025,27,,20.2,,39,,13.4,,QC,,,,,QUEBEC/JEAN LESAGE INTL,26892,34,,,,,,"{""type"": ""Point"", ""coordinates"": [-71.38166666666666, 46.80361111111111]}"
701S001.2025.7.26,2025-07-26 00:00:00,701S001,0.5,,,,0,,26,7,2025,26.5,,18.5,,43,,10.5,,QC,,,,,QUEBEC/JEAN LESAGE INTL,26892,0,,,,,,"{""type"": ""Point"", ""coordinates"": [-71.38166666666666, 46.80361111111111]}"
701S001.2025.7.27,2025-07-27 00:00:00,701S001,3.4,,27,,0,,27,7,2025,29.3,,21.4,,59,,13.6,,QC,,,32,,QUEBEC/JEAN LESAGE INTL,26892,1.9,,,,,,"{""type"": ""Point"", ""coordinates"": [-71.38166666666666, 46.80361111111111]}"
701S001.2025.7.28,2025-07-28 00:00:00,701S001,4.8,,,,0,,28,7,2025,28.4,,22.8,,51,,17.2,,QC,,,,,QUEBEC/JEAN LESAGE INTL,26892,1.1,,,,,,"{""type"": ""Point"", ""coordinates"": [-71.38166666666666, 46.80361111111111]}"
701S001.2025.7.29,2025-07-29 00:00:00,701S001,4.8,,,,0,,29,7,2025,27.7,,22.8,,50,,17.8,,QC,,,,,QUEBEC/JEAN LESAGE INTL,26892,0,,,,,,"{""type"": ""Point"", ""coordinates"": [-71.38166666666666, 46.80361111111111]}"
701S001.2025.7.30,2025-07-30 00:00:00,701S001,1.9,,,,0,,30,7,2025,26.6,,19.9,,48,,13.2,,QC,,,,,QUEBEC/JEAN LESAGE INTL,26892,0.2,,,,,,"{""type"": ""Point"", ""coordinates"": [-71.38166666666666, 46.80361111111111]}"
701S001.2025.7.31,2025-07-31 00:00:00,701S001,0,,,,1,,31,7,2025,22.9,,17,,35,,11.1,,QC,,,,,QUEBEC/JEAN LESAGE INTL,26892,0,,,,,,"{""type"": ""Point"", ""coordinates"": [-71.38166666666666, 46.80361111111111]}"
701S001.2025.8.1,2025-08-01 00:00:00,701S001,0,,,,1.9,,1,8,2025,22.9,,16.1,,38,,9.3,,QC,,,,,QUEBEC/JEAN LESAGE INTL,26892,0,,,,,,"{""type"": ""Point"", ""coordinates"": [-71.38166666666666, 46.80361111111111]}"
701S001.2025.8.2,2025-08-02 00:00:00,701S001,0,,35,,2.2,,2,8,2025,24.6,,15.8,,51,,6.9,,QC,,,33,,QUEBEC/JEAN LESAGE INTL,26892,24.9,,,,,,"{""type"": ""Point"", ""coordinates"": [-71.38166666666666, 46.80361111111111]}"
701S001.2025.8.3,2025-08-03 00:00:00,701S001,0,,24,,0.1,,3,8,2025,24.4,,17.9,,65,,11.4,,QC,,,35,,QUEBEC/JEAN LESAGE INTL,26892,0.4,,,,,,"{""type"": ""Point"", ""coordinates"": [-71.38166666666666, 46.80361111111111]}"
701S001.2025.8.4,2025-08-04 00:00:00,701S001,0,,,,0,,4,8,2025,24.3,,18,,40,,11.6,,QC,,,,,QUEBEC/JEAN LESAGE INTL,26892,0,,,,,,"{""type"": ""Point"", ""coordinates"": [-71.38166666666666, 46.80361111111111]}"
701S001.2025.8.5,2025-08-05 00:00:00,701S001,0,,,,0.9,,5,8,2025,23.8,,17.1,,39,,10.4,,QC,,,,,QUEBEC/JEAN LESAGE INTL,26892,0,,,,,,"{""type"": ""Point"", ""coordinates"": [-71.38166666666666, 46.80361111111111]}"
701S001.2025.8.6,2025-08-06 00:00:00,701S001,0.8,,,,0,,6,8,2025,26.5,,18.8,,34,,11.1,,QC,,,,,QUEBEC/JEAN LESAGE INTL,26892,0,,,,,,"{""type"": ""Point"", ""coordinates"": [-71.38166666666666, 46.80361111111111]}"
701S001.2025.8.7,2025-08-07 00:00:00,701S001,1.4,,,,0,,7,8,2025,27.9,,19.4,,35,,10.8,,QC,,,,,QUEBEC/JEAN LESAGE INTL,26892,0,,,,,,"{""type"": ""Point"", ""coordinates"": [-71.38166666666666, 46.80361111111111]}"
701S001.2025.8.8,2025-08-08 00:00:00,701S001,2.3,,,,0,,8,8,2025,28.2,,20.3,,55,,12.4,,QC,,,,,QUEBEC/JEAN LESAGE INTL,26892,0,,,,,,"{""type"": ""Point"", ""coordinates"": [-71.38166666666666, 46.80361111111111]}"
701S001.2025.8.9,2025-08-09 00:00:00,701S001,3.7,,,,0,,9,8,2025,29.7,,21.7,,53,,13.7,,QC,,,,,QUEBEC/JEAN LESAGE INTL,26892,0,,,,,,"{""type"": ""Point"", ""coordinates"": [-71.38166666666666, 46.80361111111111]}"
701S001.2025.8.10,2025-08-10 00:00:00,701S001,6.6,,,,0,,10,8,2025,31.1,,24.6,,56,,18,,QC,,,,,QUEBEC/JEAN LESAGE INTL,26892,0,,,,,,"{""type"": ""Point"", ""coordinates"": [-71.38166666666666, 46.80361111111111]}"
701S001.2025.8.11,2025-08-11 00:00:00,701S001,7.1,,,,0,,11,8,2025,32.4,,25.1,,52,,17.8,,QC,,,,,QUEBEC/JEAN LESAGE INTL,26892,0,,,,,,"{""type"": ""Point"", ""coordinates"": [-71.38166666666666, 46.80361111111111]}"
701S001.2025.8.12,2025-08-12 00:00:00,701S001,6.1,,,,0,,12,8,2025,32.2,,24.1,,45,,16,,QC,,,,,QUEBEC/JEAN LESAGE INTL,26892,0,,,,,,"{""type"": ""Point"", ""coordinates"": [-71.38166666666666, 46.80361111111111]}"
701S001.2025.8.13,2025-08-13 00:00:00,701S001,6,,25,,0,,13,8,2025,30.4,,24,,57,,17.5,,QC,,,56,,QUEBEC/JEAN LESAGE INTL,26892,4,,,,,,"{""type"": ""Point"", ""coordinates"": [-71.38166666666666, 46.80361111111111]}"
701S001.2025.8.14,2025-08-14 00:00:00,701S001,0.9,,,,0,,14,8,2025,25.6,,18.9,,37,,12.2,,QC,,,,,QUEBEC/JEAN LESAGE INTL,26892,0,,,,,,"{""type"": ""Point"", ""coordinates"": [-71.38166666666666, 46.80361111111111]}"
701S001.2025.8.15,2025-08-15 00:00:00,701S001,0,,,,0.3,,15,8,2025,25.1,,17.7,,32,,10.3,,QC,,,,,QUEBEC/JEAN LESAGE INTL,26892,0,,,,,,"{""type"": ""Point"", ""coordinates"": [-71.38166666666666, 46.80361111111111]}"
701S001.2025.8.16,2025-08-16 00:00:00,701S001,1,,,,0,,16,8,2025,28.4,,19,,44,,9.7,,QC,,,,,QUEBEC/JEAN LESAGE INTL,26892,1,,,,,,"{""type"": ""Point"", ""coordinates"": [-71.38166666666666, 46.80361111111111]}"
701S001.2025.8.17,2025-08-17 00:00:00,701S001,0,,33,,6,,17,8,2025,19.5,,12,,55,,4.6,,QC,,,40,,QUEBEC/JEAN LESAGE INTL,26892,14.4,,,,,,"{""type"": ""Point"", ""coordinates"": [-71.38166666666666, 46.80361111111111]}"
701S001.2025.8.18,2025-08-18 00:00:00,701S001,0,,,,5.6,,18,8,2025,21.5,,12.4,,37,,3.4,,QC,,,,,QUEBEC/JEAN LESAGE INTL,26892,0,,,,,,"{""type"": ""Point"", ""coordinates"": [-71.38166666666666, 46.80361111111111]}"
701S001.2025.8.19,2025-08-19 00:00:00,701S001,0,,,,3.3,,19,8,2025,21.1,,14.7,,45,,8.3,,QC,,,,,QUEBEC/JEAN LESAGE INTL,26892,0,,,,,,"{""type"": ""Point"", ""coordinates"": [-71.38166666666666, 46.80361111111111]}"
701S001.2025.8.20,2025-08-20 00:00:00,701S001,0,,,,2,,20,8,2025,22.5,,16,,51,,9.5,,QC,,,,,QUEBEC/JEAN LESAGE INTL,26892,0,,,,,,"{""type"": ""Point"", ""coordinates"": [-71.38166666666666, 46.80361111111111]}"
701S001.2025.8.21,2025-08-21 00:00:00,701S001,0,,,,1.3,,21,8,2025,25.1,,16.7,,49,,8.2,,QC,,,,,QUEBEC/JEAN LESAGE INTL,26892,0,,,,,,"{""type"": ""Point"", ""coordinates"": [-71.38166666666666, 46.80361111111111]}"
701S001.2025.8.22,2025-08-22 00:00:00,701S001,0.6,,,,0,,22,8,2025,26.8,,18.6,,46,,10.5,,QC,,,,,QUEBEC/JEAN LESAGE INTL,26892,0,,,,,,"{""type"": ""Point"", ""coordinates"": [-71.38166666666666, 46.80361111111111]}"
701S001.2025.8.23,2025-08-23 00:00:00,701S001,3.3,,,,0,,23,8,2025,26.4,,21.3,,55,,16.1,,QC,,,,,QUEBEC/JEAN LESAGE INTL,26892,0,,,,,,"{""type"": ""Point"", ""coordinates"": [-71.38166666666666, 46.80361111111111]}"
701S001.2025.8.24,2025-08-24 00:00:00,701S001,3.5,,,,0,,24,8,2025,25.7,,21.5,,65,,17.2,,QC,,,,,QUEBEC/JEAN LESAGE INTL,26892,6.8,,,,,,"{""type"": ""Point"", ""coordinates"": [-71.38166666666666, 46.80361111111111]}"
701S001.2025.8.25,2025-08-25 00:00:00,701S001,1.6,,,,0,,25,8,2025,24.9,,19.6,,51,,14.2,,QC,,,,,QUEBEC/JEAN LESAGE INTL,26892,1.7,,,,,,"{""type"": ""Point"", ""coordinates"": [-71.38166666666666, 46.80361111111111]}"
701S001.2025.8.26,2025-08-26 00:00:00,701S001,0,,26,,2.1,,26,8,2025,20,,15.9,,59,,11.8,,QC,,,39,,QUEBEC/JEAN LESAGE INTL,26892,6.7,,,,,,"{""type"": ""Point"", ""coordinates"": [-71.38166666666666, 46.80361111111111]}"
701S001.2025.8.27,2025-08-27 00:00:00,701S001,0,,,,4.2,,27,8,2025,20.1,,13.8,,53,,7.5,,QC,,,,,QUEBEC/JEAN LESAGE INTL,26892,0,,,,,,"{""type"": ""Point"", ""coordinates"": [-71.38166666666666, 46.80361111111111]}"
701S001.2025.8.28,2025-08-28 00:00:00,701S001,0,,,,6.5,,28,8,2025,16.7,,11.5,,73,,6.3,,QC,,,,,QUEBEC/JEAN LESAGE INTL,26892,6.9,,,,,,"{""type"": ""Point"", ""coordinates"": [-71.38166666666666, 46.80361111111111]}"
701S001.2025.8.29,2025-08-29 00:00:00,701S001,0,,,,4.8,,29,8,2025,17.9,,13.2,,77,,8.4,,QC,,,,,QUEBEC/JEAN LESAGE INTL,26892,1.4,,,,,,"{""type"": ""Point"", ""coordinates"": [-71.38166666666666, 46.80361111111111]}"
701S001.2025.8.30,2025-08-30 00:00:00,701S001,0,,,,2.8,,30,8,2025,19.1,,15.2,,64,,11.3,,QC,,,,,QUEBEC/JEAN LESAGE INTL,26892,0.1,,,,,,"{""type"": ""Point"", ""coordinates"": [-71.38166666666666, 46.80361111111111]}"
701S001.2025.8.31,2025-08-31 00:00:00,701S001,0,,,,1,,31,8,2025,23.5,,17,,62,,10.4,,QC,,,,,QUEBEC/JEAN LESAGE INTL,26892,0,,,,,,"{""type"": ""Point"", ""coordinates"": [-71.38166666666666, 46.80361111111111]}"
701S001.2025.9.1,2025-09-01 00:00:00,701S001,0,,,,0.6,,1,9,2025,26.3,,17.4,,46,,8.5,,QC,,,,,QUEBEC/JEAN LESAGE INTL,26892,0,,,,,,"{""type"": ""Point"", ""coordinates"": [-71.38166666666666, 46.80361111111111]}"
701S001.2025.9.2,2025-09-02 00:00:00,701S001,0,,,,1,,2,9,2025,25.1,,17,,47,,8.8,,QC,,,,,QUEBEC/JEAN LESAGE INTL,26892,0,,,,,,"{""type"": ""Point"", ""coordinates"": [-71.38166666666666, 46.80361111111111]}"
701S001.2025.9.3,2025-09-03 00:00:00,701S001,0.9,,,,0,,3,9,2025,25.6,,18.9,,51,,12.2,,QC,,,,,QUEBEC/JEAN LESAGE INTL,26892,0,,,,,,"{""type"": ""Point"", ""coordinates"": [-71.38166666666666, 46.80361111111111]}"
701S001.2025.9.4,2025-09-04 00:00:00,701S001,1,,14,,0,,4,9,2025,28,,19,,33,,10.1,,QC,,,36,,QUEBEC/JEAN LESAGE INTL,26892,4.6,,,,,,"{""type"": ""Point"", ""coordinates"": [-71.38166666666666, 46.80361111111111]}"
701S001.2025.9.5,2025-09-05 00:00:00,701S001,0.9,,22,,0,,5,9,2025,23.5,,18.9,,46,,14.3,,QC,,,32,,QUEBEC/JEAN LESAGE INTL,26892,3.8,,,,,,"{""type"": ""Point"", ""coordinates"": [-71.38166666666666, 46.80361111111111]}"
701S001.2025.9.6,2025-09-06 00:00:00,701S001,0,,,,4.3,,6,9,2025,16.9,,13.7,,67,,10.5,,QC,,,,,QUEBEC/JEAN LESAGE INTL,26892,4.4,,,,,,"{""type"": ""Point"", ""coordinates"": [-71.38166666666666, 46.80361111111111]}"
701S001.2025.9.7,2025-09-07 00:00:00,701S001,0,,27,,4.1,,7,9,2025,19.4,,13.9,,58,,8.3,,QC,,,51,,QUEBEC/JEAN LESAGE INTL,26892,3.6,,,,,,"{""type"": ""Point"", ""coordinates"": [-71.38166666666666, 46.80361111111111]}"
701S001.2025.9.8,2025-09-08 00:00:00,701S001,0,,,,6.7,,8,9,2025,17.6,,11.3,,50,,5,,QC,,,,,QUEBEC/JEAN LESAGE INTL,26892,0,,,,,,"{""type"": ""Point"", ""coordinates"": [-71.38166666666666, 46.80361111111111]}"
701S001.2025.9.9,2025-09-09 00:00:00,701S001,0,,,,5.4,,9,9,2025,20.1,,12.6,,44,,5.2,,QC,,,,,QUEBEC/JEAN LESAGE INTL,26892,0,,,,,,"{""type"": ""Point"", ""coordinates"": [-71.38166666666666, 46.80361111111111]}"
701S001.2025.9.10,2025-09-10 00:00:00,701S001,0,,,,3.3,,10,9,2025,22.3,,14.7,,50,,7.1,,QC,,,,,QUEBEC/JEAN LESAGE INTL,26892,0,,,,,,"{""type"": ""Point"", ""coordinates"": [-71.38166666666666, 46.80361111111111]}"
701S001.2025.9.11,2025-09-11 00:00:00,701S001,0,,,,4.5,,11,9,2025,22.1,,13.5,,38,,4.9,,QC,,,,,QUEBEC/JEAN LESAGE INTL,26892,0,,,,,,"{""type"": ""Point"", ""coordinates"": [-71.38166666666666, 46.80361111111111]}"
701S001.2025.9.12,2025-09-12 00:00:00,701S001,0,,,,6.7,,12,9,2025,19.6,,11.3,,41,,3.1,,QC,,,,,QUEBEC/JEAN LESAGE INTL,26892,0,,,,,,"{""type"": ""Point"", ""coordinates"": [-71.38166666666666, 46.80361111111111]}"
701S001.2025.9.13,2025-09-13 00:00:00,701S001,0,,,,5.2,,13,9,2025,20.8,,12.8,,43,,4.8,,QC,,,,,QUEBEC/JEAN LESAGE INTL,26892,0,,,,,,"{""type"": ""Point"", ""coordinates"": [-71.38166666666666, 46.80361111111111]}"
701S001.2025.9.14,2025-09-14 00:00:00,701S001,0,,,,4,,14,9,2025,22.6,,14,,54,,5.5,,QC,,,,,QUEBEC/JEAN LESAGE INTL,26892,0,,,,,,"{""type"": ""Point"", ""coordinates"": [-71.38166666666666, 46.80361111111111]}"
701S001.2025.9.15,2025-09-15 00:00:00,701S001,0,,,,4.1,,15,9,2025,22,,13.9,,47,,5.7,,QC,,,,,QUEBEC/JEAN LESAGE INTL,26892,0,,,,,,"{""type"": ""Point"", ""coordinates"": [-71.38166666666666, 46.80361111111111]}"
701S001.2025.9.16,2025-09-16 00:00:00,701S001,0,,,,1.9,,16,9,2025,24.6,,16.1,,42,,7.7,,QC,,,,,QUEBEC/JEAN LESAGE INTL,26892,0,,,,,,"{""type"": ""Point"", ""coordinates"": [-71.38166666666666, 46.80361111111111]}"
701S001.2025.9.17,2025-09-17 00:00:00,701S001,0,,,,2.6,,17,9,2025,24,,15.4,,56,,6.8,,QC,,,,,QUEBEC/JEAN LESAGE INTL,26892,0,,,,,,"{""type"": ""Point"", ""coordinates"": [-71.38166666666666, 46.80361111111111]}"
701S001.2025.9.18,2025-09-18 00:00:00,701S001,,M,,M,,M,18,9,2025,,M,,M,,M,,M,QC,,,,M,QUEBEC/JEAN LESAGE INTL,26892,,M,,,,,"{""type"": ""Point"", ""coordinates"": [-71.38166666666666, 46.80361111111111]}"
701S001.2025.9.19,2025-09-19 00:00:00,701S001,0,,26,,9.4,,19,9,2025,17.1,,8.6,,30,,0.1,,QC,,,32,,QUEBEC/JEAN LESAGE INTL,26892,0,,,,,,"{""type"": ""Point"", ""coordinates"": [-71.38166666666666, 46.80361111111111]}"
701S001.2025.9.20,2025-09-20 00:00:00,701S001,0,,25,,9.9,,20,9,2025,18.2,,8.1,,31,,-1.9,,QC,,,32,,QUEBEC/JEAN LESAGE INTL,26892,0,,,,,,"{""type"": ""Point"", ""coordinates"": [-71.38166666666666, 46.80361111111111]}"
701S001.2025.9.21,2025-09-21 00:00:00,701S001,0,,,,7.2,,21,9,2025,20.5,,10.8,,32,,1.1,,QC,,,,,QUEBEC/JEAN LESAGE INTL,26892,0,,,,,,"{""type"": ""Point"", ""coordinates"": [-71.38166666666666, 46.80361111111111]}"
701S001.2025.9.22,2025-09-22 00:00:00,701S001,0,,,,6.8,,22,9,2025,19.2,,11.2,,50,,3.1,,QC,,,,,QUEBEC/JEAN LESAGE INTL,26892,3.4,,,,,,"{""type"": ""Point"", ""coordinates"": [-71.38166666666666, 46.80361111111111]}"
701S001.2025.9.23,2025-09-23 00:00:00,701S001,0,,,,0.5,,23,9,2025,22.9,,17.5,,63,,12,,QC,,,,,QUEBEC/JEAN LESAGE INTL,26892,0,,,,,,"{""type"": ""Point"", ""coordinates"": [-71.38166666666666, 46.80361111111111]}"
701S001.2025.9.24,2025-09-24 00:00:00,701S001,0,,11,,3,,24,9,2025,19.7,,15,,50,,10.4,,QC,,,33,,QUEBEC/JEAN LESAGE INTL,26892,0,,,,,,"{""type"": ""Point"", ""coordinates"": [-71.38166666666666, 46.80361111111111]}"
701S001.2025.9.25,2025-09-25 00:00:00,701S001,0,,,,4,,25,9,2025,14.9,,14,,79,,13.1,,QC,,,,,QUEBEC/JEAN LESAGE INTL,26892,25.5,,,,,,"{""type"": ""Point"", ""coordinates"": [-71.38166666666666, 46.80361111111111]}"
701S001.2025.9.26,2025-09-26 00:00:00,701S001,0,,25,,5.8,,26,9,2025,19.4,,12.2,,70,,4.9,,QC,,,33,,QUEBEC/JEAN LESAGE INTL,26892,1.5,,,,,,"{""type"": ""Point"", ""coordinates"": [-71.38166666666666, 46.80361111111111]}"
701S001.2025.9.27,2025-09-27 00:00:00,701S001,0,,,,7,,27,9,2025,17.7,,11,,46,,4.3,,QC,,,,,QUEBEC/JEAN LESAGE INTL,26892,0,,,,,,"{""type"": ""Point"", ""coordinates"": [-71.38166666666666, 46.80361111111111]}"
701S001.2025.9.28,2025-09-28 00:00:00,701S001,0,,27,,2.9,,28,9,2025,23.2,,15.1,,36,,7,,QC,,,48,,QUEBEC/JEAN LESAGE INTL,26892,0,,,,,,"{""type"": ""Point"", ""coordinates"": [-71.38166666666666, 46.80361111111111]}"
701S001.2025.9.29,2025-09-29 00:00:00,701S001,0,,24,,2.3,,29,9,2025,22.7,,15.7,,46,,8.6,,QC,,,33,,QUEBEC/JEAN LESAGE INTL,26892,0,,,,,,"{""type"": ""Point"", ""coordinates"": [-71.38166666666666, 46.80361111111111]}"
701S001.2025.9.30,2025-09-30 00:00:00,701S001,0,,33,,9,,30,9,2025,16.1,,9,,44,,1.9,,QC,,,34,,QUEBEC/JEAN LESAGE INTL,26892,0,,,,,,"{""type"": ""Point"", ""coordinates"": [-71.38166666666666, 46.80361111111111]}"
701S001.2025.10.1,2025-10-01 00:00:00,701S001,0,,,,9,,1,10,2025,14.8,,9,,43,,3.1,,QC,,,,,QUEBEC/JEAN LESAGE INTL,26892,0,,,,,,"{""type"": ""Point"", ""coordinates"": [-71.38166666666666, 46.80361111111111]}"
701S001.2025.10.2,2025-10-02 00:00:00,701S001,0,,,,9.9,,2,10,2025,15.6,,8.1,,43,,0.6,,QC,,,,,QUEBEC/JEAN LESAGE INTL,26892,0,,,,,,"{""type"": ""Point"", ""coordinates"": [-71.38166666666666, 46.80361111111111]}"
701S001.2025.10.3,2025-10-03 00:00:00,701S001,0,,,,7.7,,3,10,2025,19.6,,10.3,,47,,0.9,,QC,,,,,QUEBEC/JEAN LESAGE INTL,26892,0,,,,,,"{""type"": ""Point"", ""coordinates"": [-71.38166666666666, 46.80361111111111]}"
701S001.2025.10.4,2025-10-04 00:00:00,701S001,0,,,,3.3,,4,10,2025,23.1,,14.7,,38,,6.3,,QC,,,,,QUEBEC/JEAN LESAGE INTL,26892,0,,,,,,"{""type"": ""Point"", ""coordinates"": [-71.38166666666666, 46.80361111111111]}"
701S001.2025.10.5,2025-10-05 00:00:00,701S001,0,,,,1,,5,10,2025,26.5,,17,,47,,7.4,,QC,,,,,QUEBEC/JEAN LESAGE INTL,26892,0,,,,,,"{""type"": ""Point"", ""coordinates"": [-71.38166666666666, 46.80361111111111]}"
701S001.2025.10.6,2025-10-06 00:00:00,701S001,0,,,,1.4,,6,10,2025,26.9,,16.6,,39,,6.4,,QC,,,,,QUEBEC/JEAN LESAGE INTL,26892,0,,,,,,"{""type"": ""Point"", ""coordinates"": [-71.38166666666666, 46.80361111111111]}"
701S001.2025.10.7,2025-10-07 00:00:00,701S001,0,,26,,0.1,,7,10,2025,24.8,,17.9,,51,,11.1,,QC,,,46,,QUEBEC/JEAN LESAGE INTL,26892,15.9,,,,,,"{""type"": ""Point"", ""coordinates"": [-71.38166666666666, 46.80361111111111]}"
701S001.2025.10.8,2025-10-08 00:00:00,701S001,0,,35,,10.8,,8,10,2025,13.8,,7.2,,46,,0.7,,QC,,,35,,QUEBEC/JEAN LESAGE INTL,26892,0.9,,,,,,"{""type"": ""Point"", ""coordinates"": [-71.38166666666666, 46.80361111111111]}"
701S001.2025.10.9,2025-10-09 00:00:00,701S001,0,,31,,14.2,,9,10,2025,11.2,,3.8,,35,,-3.6,,QC,,,36,,QUEBEC/JEAN LESAGE INTL,26892,0,,,,,,"{""type"": ""Point"", ""coordinates"": [-71.38166666666666, 46.80361111111111]}"
701S001.2025.10.10,2025-10-10 00:00:00,701S001,0,,27,,14.2,,10,10,2025,12.6,,3.8,,41,,-4.9,,QC,,,33,,QUEBEC/JEAN LESAGE INTL,26892,0,,,,,,"{""type"": ""Point"", ""coordinates"": [-71.38166666666666, 46.80361111111111]}"
701S001.2025.10.11,2025-10-11 00:00:00,701S001,0,,,,10.8,,11,10,2025,17.1,,7.2,,44,,-2.8,,QC,,,,,QUEBEC/JEAN LESAGE INTL,26892,0,,,,,,"{""type"": ""Point"", ""coordinates"": [-71.38166666666666, 46.80361111111111]}"
701S001.2025.10.12,2025-10-12 00:00:00,701S001,0,,,,9.8,,12,10,2025,15.4,,8.2,,53,,1,,QC,,,,,QUEBEC/JEAN LESAGE INTL,26892,0,,,,,,"{""type"": ""Point"", ""coordinates"": [-71.38166666666666, 46.80361111111111]}"
701S001.2025.10.13,2025-10-13 00:00:00,701S001,0,,11,,9.1,,13,10,2025,15.2,,8.9,,39,,2.6,,QC,,,34,,QUEBEC/JEAN LESAGE INTL,26892,0,,,,,,"{""type"": ""Point"", ""coordinates"": [-71.38166666666666, 46.80361111111111]}"
701S001.2025.10.14,2025-10-14 00:00:00,701S001,0,,,,7.9,,14,10,2025,17.5,,10.1,,45,,2.8,,QC,,,,,QUEBEC/JEAN LESAGE INTL,26892,0,,,,,,"{""type"": ""Point"", ""coordinates"": [-71.38166666666666, 46.80361111111111]}"
701S001.2025.10.15,2025-10-15 00:00:00,701S001,0,,33,,10.2,,15,10,2025,11.3,,7.8,,45,,4.3,,QC,,,41,,QUEBEC/JEAN LESAGE INTL,26892,0,,,,,,"{""type"": ""Point"", ""coordinates"": [-71.38166666666666, 46.80361111111111]}"
701S001.2025.10.16,2025-10-16 00:00:00,701S001,0,,35,,14.1,,16,10,2025,9,,3.9,,50,,-1.2,,QC,,,33,,QUEBEC/JEAN LESAGE INTL,26892,0,,,,,,"{""type"": ""Point"", ""coordinates"": [-71.38166666666666, 46.80361111111111]}"
701S001.2025.10.17,2025-10-17 00:00:00,701S001,0,,,,12.7,,17,10,2025,13.4,,5.3,,47,,-2.8,,QC,,,,,QUEBEC/JEAN LESAGE INTL,26892,0,,,,,,"{""type"": ""Point"", ""coordinates"": [-71.38166666666666, 46.80361111111111]}"
701S001.2025.10.18,2025-10-18 00:00:00,701S001,0,,,,12.2,,18,10,2025,12.8,,5.8,,47,,-1.2,,QC,,,,,QUEBEC/JEAN LESAGE INTL,26892,1,,,,,,"{""type"": ""Point"", ""coordinates"": [-71.38166666666666, 46.80361111111111]}"
701S001.2025.10.19,2025-10-19 00:00:00,701S001,0,,5,,6.2,,19,10,2025,17.3,,11.8,,54,,6.3,,QC,,,32,,QUEBEC/JEAN LESAGE INTL,26892,0,,,,,,"{""type"": ""Point"", ""coordinates"": [-71.38166666666666, 46.80361111111111]}"
701S001.2025.10.20,2025-10-20 00:00:00,701S001,0,,6,,6.5,,20,10,2025,13.7,,11.5,,73,,9.3,,QC,,,39,,QUEBEC/JEAN LESAGE INTL,26892,23.2,,,,,,"{""type"": ""Point"", ""coordinates"": [-71.38166666666666, 46.80361111111111]}"
701S001.2025.10.21,2025-10-21 00:00:00,701S001,0,,5,,8.5,,21,10,2025,13.3,,9.5,,86,,5.7,,QC,,,33,,QUEBEC/JEAN LESAGE INTL,26892,0.6,,,,,,"{""type"": ""Point"", ""coordinates"": [-71.38166666666666, 46.80361111111111]}"
701S001.2025.10.22,2025-10-22 00:00:00,701S001,0,,,,9.7,,22,10,2025,10.5,,8.3,,87,,6.1,,QC,,,,,QUEBEC/JEAN LESAGE INTL,26892,12.9,,,,,,"{""type"": ""Point"", ""coordinates"": [-71.38166666666666, 46.80361111111111]}"
701S001.2025.10.23,2025-10-23 00:00:00,701S001,0,,,,9,,23,10,2025,11.4,,9,,74,,6.6,,QC,,,,,QUEBEC/JEAN LESAGE INTL,26892,1.1,,,,,,"{""type"": ""Point"", ""coordinates"": [-71.38166666666666, 46.80361111111111]}"
701S001.2025.10.24,2025-10-24 00:00:00,701S001,0,,,,11.2,,24,10,2025,10.4,,6.8,,55,,3.2,,QC,,,,,QUEBEC/JEAN LESAGE INTL,26892,0,,,,,,"{""type"": ""Point"", ""coordinates"": [-71.38166666666666, 46.80361111111111]}"
701S001.2025.10.25,2025-10-25 00:00:00,701S001,0,,,,11.6,,25,10,2025,9.3,,6.4,,64,,3.4,,QC,,,,,QUEBEC/JEAN LESAGE INTL,26892,0,,,,,,"{""type"": ""Point"", ""coordinates"": [-71.38166666666666, 46.80361111111111]}"
701S001.2025.10.26,2025-10-26 00:00:00,701S001,0,,,,11.2,,26,10,2025,9.2,,6.8,,64,,4.4,,QC,,,,,QUEBEC/JEAN LESAGE INTL,26892,0,,,,,,"{""type"": ""Point"", ""coordinates"": [-71.38166666666666, 46.80361111111111]}"
701S001.2025.10.27,2025-10-27 00:00:00,701S001,0,,,,12.3,,27,10,2025,10.4,,5.7,,70,,1.1,,QC,,,,,QUEBEC/JEAN LESAGE INTL,26892,0.6,,,,,,"{""type"": ""Point"", ""coordinates"": [-71.38166666666666, 46.80361111111111]}"
701S001.2025.10.28,2025-10-28 00:00:00,701S001,0,,,,13.7,,28,10,2025,11.4,,4.3,,49,,-2.8,,QC,,,,,QUEBEC/JEAN LESAGE INTL,26892,0,,,,,,"{""type"": ""Point"", ""coordinates"": [-71.38166666666666, 46.80361111111111]}"
701S001.2025.10.29,2025-10-29 00:00:00,701S001,0,,,,13.8,,29,10,2025,11.2,,4.2,,55,,-2.8,,QC,,,,,QUEBEC/JEAN LESAGE INTL,26892,0,,,,,,"{""type"": ""Point"", ""coordinates"": [-71.38166666666666, 46.80361111111111]}"
701S001.2025.10.30,2025-10-30 00:00:00,701S001,0,,6,,15.2,,30,10,2025,8.2,,2.8,,75,,-2.6,,QC,,,46,,QUEBEC/JEAN LESAGE INTL,26892,3.2,,,,,,"{""type"": ""Point"", ""coordinates"": [-71.38166666666666, 46.80361111111111]}"
701S001.2025.10.31,2025-10-31 00:00:00,701S001,0,,5,,9,,31,10,2025,11.1,,9,,77,,6.8,,QC,,,51,,QUEBEC/JEAN LESAGE INTL,26892,38.9,,,,,,"{""type"": ""Point"", ""coordinates"": [-71.38166666666666, 46.80361111111111]}"
701S001.2025.11.1,2025-11-01 00:00:00,701S001,0,,30,,13.2,,1,11,2025,8.1,,4.8,,60,,1.6,,QC,,,54,,QUEBEC/JEAN LESAGE INTL,26892,0,,,,,,"{""type"": ""Point"", ""coordinates"": [-71.38166666666666, 46.80361111111111]}"
701S001.2025.11.2,2025-11-02 00:00:00,701S001,0,,23,,16,,2,11,2025,5.3,,2,,54,,-1.3,,QC,,,31,,QUEBEC/JEAN LESAGE INTL,26892,0,,,,,,"{""type"": ""Point"", ""coordinates"": [-71.38166666666666, 46.80361111111111]}"
701S001.2025.11.3,2025-11-03 00:00:00,701S001,0,,,,15.9,,3,11,2025,7.1,,2.1,,67,,-2.9,,QC,,,,,QUEBEC/JEAN LESAGE INTL,26892,12.5,,,,,,"{""type"": ""Point"", ""coordinates"": [-71.38166666666666, 46.80361111111111]}"
701S001.2025.11.4,2025-11-04 00:00:00,701S001,0,,33,,12,,4,11,2025,9.2,,6,,54,,2.7,,QC,,,45,,QUEBEC/JEAN LESAGE INTL,26892,1.6,,,,,,"{""type"": ""Point"", ""coordinates"": [-71.38166666666666, 46.80361111111111]}"
701S001.2025.11.5,2025-11-05 00:00:00,701S001,0,,,,15,,5,11,2025,6.4,,3,,69,,-0.4,,QC,,,,,QUEBEC/JEAN LESAGE INTL,26892,1.9,,,,,,"{""type"": ""Point"", ""coordinates"": [-71.38166666666666, 46.80361111111111]}"
701S001.2025.11.6,2025-11-06 00:00:00,701S001,0,,32,,14.9,,6,11,2025,6.2,,3.1,,51,,0.1,,QC,,,49,,QUEBEC/JEAN LESAGE INTL,26892,0,,,,,,"{""type"": ""Point"", ""coordinates"": [-71.38166666666666, 46.80361111111111]}"
701S001.2025.11.7,2025-11-07 00:00:00,701S001,0,,4,,19,,7,11,2025,1,,-1,,57,,-3.1,,QC,,,33,,QUEBEC/JEAN LESAGE INTL,26892,5.9,,,,,,"{""type"": ""Point"", ""coordinates"": [-71.38166666666666, 46.80361111111111]}"
701S001.2025.11.8,2025-11-08 00:00:00,701S001,0,,26,,16,,8,11,2025,6.7,,2,,58,,-2.8,,QC,0,,43,,QUEBEC/JEAN LESAGE INTL,26892,6.2,,,,,,"{""type"": ""Point"", ""coordinates"": [-71.38166666666666, 46.80361111111111]}"
701S001.2025.11.9,2025-11-09 00:00:00,701S001,0,,6,,19.2,,9,11,2025,1.5,,-1.2,,50,,-3.9,,QC,,,44,,QUEBEC/JEAN LESAGE INTL,26892,7.8,,,,,,"{""type"": ""Point"", ""coordinates"": [-71.38166666666666, 46.80361111111111]}"
701S001.2025.11.10,2025-11-10 00:00:00,701S001,0,,7,,16.5,,10,11,2025,2.9,,1.5,,90,,0,,QC,1,,36,,QUEBEC/JEAN LESAGE INTL,26892,34.1,,,,,,"{""type"": ""Point"", ""coordinates"": [-71.38166666666666, 46.80361111111111]}"
701S001.2025.11.11,2025-11-11 00:00:00,701S001,0,,25,,19.4,,11,11,2025,0.2,,-1.4,,86,,-2.9,,QC,,,31,,QUEBEC/JEAN LESAGE INTL,26892,4.7,,,,,,"{""type"": ""Point"", ""coordinates"": [-71.38166666666666, 46.80361111111111]}"
701S001.2025.11.12,2025-11-12 00:00:00,701S001,0,,25,,18.9,,12,11,2025,0.3,,-0.9,,86,,-2.1,,QC,2,,33,,QUEBEC/JEAN LESAGE INTL,26892,1.5,,,,,,"{""type"": ""Point"", ""coordinates"": [-71.38166666666666, 46.80361111111111]}"
701S001.2025.11.13,2025-11-13 00:00:00,701S001,0,,,,18.7,,13,11,2025,1.1,,-0.7,,89,,-2.5,,QC,2,,,,QUEBEC/JEAN LESAGE INTL,26892,1.5,,,,,,"{""type"": ""Point"", ""coordinates"": [-71.38166666666666, 46.80361111111111]}"
701S001.2025.11.14,2025-11-14 00:00:00,701S001,0,,,,17.6,,14,11,2025,1.6,,0.4,,71,,-0.9,,QC,,,,,QUEBEC/JEAN LESAGE INTL,26892,0.5,,,,,,"{""type"": ""Point"", ""coordinates"": [-71.38166666666666, 46.80361111111111]}"
701S001.2025.11.15,2025-11-15 00:00:00,701S001,0,,27,,19.8,,15,11,2025,-0.4,,-1.8,,66,,-3.3,,QC,1,,33,,QUEBEC/JEAN LESAGE INTL,26892,0,,,,,,"{""type"": ""Point"", ""coordinates"": [-71.38166666666666, 46.80361111111111]}"
701S001.2025.11.16,2025-11-16 00:00:00,701S001,0,,,,20.9,,16,11,2025,-1.8,,-2.9,,77,,-4,,QC,4,,,,QUEBEC/JEAN LESAGE INTL,26892,10.1,,,,,,"{""type"": ""Point"", ""coordinates"": [-71.38166666666666, 46.80361111111111]}"
701S001.2025.11.17,2025-11-17 00:00:00,701S001,0,,27,,18.7,,17,11,2025,1.6,,-0.7,,69,,-3.1,,QC,13,,41,,QUEBEC/JEAN LESAGE INTL,26892,1.1,,,,,,"{""type"": ""Point"", ""coordinates"": [-71.38166666666666, 46.80361111111111]}"
701S001.2025.11.18,2025-11-18 00:00:00,701S001,0,,26,,17.6,,18,11,2025,1.9,,0.4,,66,,-1.2,,QC,9,,41,,QUEBEC/JEAN LESAGE INTL,26892,0,,,,,,"{""type"": ""Point"", ""coordinates"": [-71.38166666666666, 46.80361111111111]}"
701S001.2025.11.19,2025-11-19 00:00:00,701S001,0,,,,18.2,,19,11,2025,2.4,,-0.2,,63,,-2.8,,QC,7,,,,QUEBEC/JEAN LESAGE INTL,26892,0,,,,,,"{""type"": ""Point"", ""coordinates"": [-71.38166666666666, 46.80361111111111]}"
701S001.2025.11.20,2025-11-20 00:00:00,701S001,0,,,,20.2,,20,11,2025,0.3,,-2.2,,74,,-4.6,,QC,6,,,,QUEBEC/JEAN LESAGE INTL,26892,0,,,,,,"{""type"": ""Point"", ""coordinates"": [-71.38166666666666, 46.80361111111111]}"
701S001.2025.11.21,2025-11-21 00:00:00,701S001,0,,,,19.5,,21,11,2025,0.7,,-1.5,,79,,-3.7,,QC,5,,,,QUEBEC/JEAN LESAGE INTL,26892,4.9,,,,,,"{""type"": ""Point"", ""coordinates"": [-71.38166666666666, 46.80361111111111]}"
701S001.2025.11.22,2025-11-22 00:00:00,701S001,0,,27,,18.8,,22,11,2025,0.9,,-0.8,,73,,-2.5,,QC,9,,31,,QUEBEC/JEAN LESAGE INTL,26892,0,,,,,,"{""type"": ""Point"", ""coordinates"": [-71.38166666666666, 46.80361111111111]}"
701S001.2025.11.23,2025-11-23 00:00:00,701S001,0,,,,22.5,,23,11,2025,-1,,-4.5,,72,,-8,,QC,8,,,,QUEBEC/JEAN LESAGE INTL,26892,0,,,,,,"{""type"": ""Point"", ""coordinates"": [-71.38166666666666, 46.80361111111111]}"
701S001.2025.11.24,2025-11-24 00:00:00,701S001,0,,,,22.7,,24,11,2025,1.4,,-4.7,,68,,-10.8,,QC,8,,,,QUEBEC/JEAN LESAGE INTL,26892,0,,,,,,"{""type"": ""Point"", ""coordinates"": [-71.38166666666666, 46.80361111111111]}"
701S001.2025.11.25,2025-11-25 00:00:00,701S001,0,,,,16.6,,25,11,2025,2.9,,1.4,,80,,-0.2,,QC,7,,,,QUEBEC/JEAN LESAGE INTL,26892,0,,,,,,"{""type"": ""Point"", ""coordinates"": [-71.38166666666666, 46.80361111111111]}"
701S001.2025.11.26,2025-11-26 00:00:00,701S001,0,,9,,16.1,,26,11,2025,3.1,,1.9,,82,,0.8,,QC,4,,44,,QUEBEC/JEAN LESAGE INTL,26892,10,,,,,,"{""type"": ""Point"", ""coordinates"": [-71.38166666666666, 46.80361111111111]}"
701S001.2025.11.27,2025-11-27 00:00:00,701S001,0,,22,,16.5,,27,11,2025,2.8,,1.5,,76,,0.1,,QC,,,36,,QUEBEC/JEAN LESAGE INTL,26892,4.3,,,,,,"{""type"": ""Point"", ""coordinates"": [-71.38166666666666, 46.80361111111111]}"
701S001.2025.11.28,2025-11-28 00:00:00,701S001,0,,26,,19.2,,28,11,2025,1,,-1.2,,78,,-3.3,,QC,,,36,,QUEBEC/JEAN LESAGE INTL,26892,3.1,,,,,,"{""type"": ""Point"", ""coordinates"": [-71.38166666666666, 46.80361111111111]}"
701S001.2025.11.29,2025-11-29 00:00:00,701S001,0,,26,,20.2,,29,11,2025,-0.4,,-2.2,,62,,-4,,QC,2,,40,,QUEBEC/JEAN LESAGE INTL,26892,0,,,,,,"{""type"": ""Point"", ""coordinates"": [-71.38166666666666, 46.80361111111111]}"
701S001.2025.11.30,2025-11-30 00:00:00,701S001,0,,,,20.5,,30,11,2025,0.6,,-2.5,,72,,-5.7,,QC,1,,,,QUEBEC/JEAN LESAGE INTL,26892,13.9,,,,,,"{""type"": ""Point"", ""coordinates"": [-71.38166666666666, 46.80361111111111]}"
701S001.2025.12.1,2025-12-01 00:00:00,701S001,0,,33,,24.1,,1,12,2025,0.9,,-6.1,,59,,-13.2,,QC,19,,42,,QUEBEC/JEAN LESAGE INTL,26892,1.1,,,,,,"{""type"": ""Point"", ""coordinates"": [-71.38166666666666, 46.80361111111111]}"
701S001.2025.12.2,2025-12-02 00:00:00,701S001,0,,,,28.9,,2,12,2025,-6.5,,-10.9,,72,,-15.4,,QC,15,,,,QUEBEC/JEAN LESAGE INTL,26892,0.3,,,,,,"{""type"": ""Point"", ""coordinates"": [-71.38166666666666, 46.80361111111111]}"
701S001.2025.12.3,2025-12-03 00:00:00,701S001,0,,,,29.8,,3,12,2025,-6.1,,-11.8,,71,,-17.4,,QC,12,,,,QUEBEC/JEAN LESAGE INTL,26892,1.1,,,,,,"{""type"": ""Point"", ""coordinates"": [-71.38166666666666, 46.80361111111111]}"
701S001.2025.12.4,2025-12-04 00:00:00,701S001,0,,28,,28.5,,4,12,2025,-1.7,,-10.5,,40,,-19.2,,QC,15,,60,,QUEBEC/JEAN LESAGE INTL,26892,1.4,,,,,,"{""type"": ""Point"", ""coordinates"": [-71.38166666666666, 46.80361111111111]}"
701S001.2025.12.5,2025-12-05 00:00:00,701S001,0,,,,36.4,,5,12,2025,-12.6,,-18.4,,52,,-24.3,,QC,9,,,,QUEBEC/JEAN LESAGE INTL,26892,0,,,,,,"{""type"": ""Point"", ""coordinates"": [-71.38166666666666, 46.80361111111111]}"
701S001.2025.12.6,2025-12-06 00:00:00,701S001,0,,27,,27.8,,6,12,2025,-2.9,,-9.8,,57,,-16.6,,QC,9,,37,,QUEBEC/JEAN LESAGE INTL,26892,1,,,,,,"{""type"": ""Point"", ""coordinates"": [-71.38166666666666, 46.80361111111111]}"
701S001.2025.12.7,2025-12-07 00:00:00,701S001,0,,29,,31.1,,7,12,2025,-6.7,,-13.1,,53,,-19.4,,QC,11,,31,,QUEBEC/JEAN LESAGE INTL,26892,0,,,,,,"{""type"": ""Point"", ""coordinates"": [-71.38166666666666, 46.80361111111111]}"
701S001.2025.12.8,2025-12-08 00:00:00,701S001,0,,25,,33.9,,8,12,2025,-12.9,,-15.9,,56,,-18.8,,QC,11,,34,,QUEBEC/JEAN LESAGE INTL,26892,0,,,,,,"{""type"": ""Point"", ""coordinates"": [-71.38166666666666, 46.80361111111111]}"
701S001.2025.12.9,2025-12-09 00:00:00,701S001,0,,,,36.7,,9,12,2025,-12.7,,-18.7,,65,,-24.7,,QC,9,,,,QUEBEC/JEAN LESAGE INTL,26892,0,,,,,,"{""type"": ""Point"", ""coordinates"": [-71.38166666666666, 46.80361111111111]}"
701S001.2025.12.10,2025-12-10 00:00:00,701S001,0,,6,,27.5,,10,12,2025,-5.4,,-9.5,,79,,-13.7,,QC,9,,38,,QUEBEC/JEAN LESAGE INTL,26892,5.5,,,,,,"{""type"": ""Point"", ""coordinates"": [-71.38166666666666, 46.80361111111111]}"
701S001.2025.12.11,2025-12-11 00:00:00,701S001,0,,26,,25.1,,11,12,2025,-4.8,,-7.1,,77,,-9.4,,QC,14,,37,,QUEBEC/JEAN LESAGE INTL,26892,4.3,,,,,,"{""type"": ""Point"", ""coordinates"": [-71.38166666666666, 46.80361111111111]}"
701S001.2025.12.12,2025-12-12 00:00:00,701S001,0,,27,,24.8,,12,12,2025,-3.7,,-6.8,,65,,-9.9,,QC,15,,47,,QUEBEC/JEAN LESAGE INTL,26892,0,,,,,,"{""type"": ""Point"", ""coordinates"": [-71.38166666666666, 46.80361111111111]}"
701S001.2025.12.13,2025-12-13 00:00:00,701S001,0,,,,26.4,,13,12,2025,-4.7,,-8.4,,73,,-12.1,,QC,14,,,,QUEBEC/JEAN LESAGE INTL,26892,3.7,,,,,,"{""type"": ""Point"", ""coordinates"": [-71.38166666666666, 46.80361111111111]}"
701S001.2025.12.14,2025-12-14 00:00:00,701S001,0,,,,30.2,,14,12,2025,-4.7,,-12.2,,65,,-19.8,,QC,19,,,,QUEBEC/JEAN LESAGE INTL,26892,0.3,,,,,,"{""type"": ""Point"", ""coordinates"": [-71.38166666666666, 46.80361111111111]}"
701S001.2025.12.15,2025-12-15 00:00:00,701S001,0,,29,,30.3,,15,12,2025,-6.5,,-12.3,,62,,-18,,QC,17,,38,,QUEBEC/JEAN LESAGE INTL,26892,0,,,,,,"{""type"": ""Point"", ""coordinates"": [-71.38166666666666, 46.80361111111111]}"
701S001.2025.12.16,2025-12-16 00:00:00,701S001,0,,,,24.8,,16,12,2025,-3.3,,-6.8,,69,,-10.3,,QC,16,,,,QUEBEC/JEAN LESAGE INTL,26892,0,,,,,,"{""type"": ""Point"", ""coordinates"": [-71.38166666666666, 46.80361111111111]}"
701S001.2025.12.17,2025-12-17 00:00:00,701S001,0,,27,,20.5,,17,12,2025,0.9,,-2.5,,68,,-6,,QC,16,,40,,QUEBEC/JEAN LESAGE INTL,26892,4.2,,,,,,"{""type"": ""Point"", ""coordinates"": [-71.38166666666666, 46.80361111111111]}"
701S001.2025.12.18,2025-12-18 00:00:00,701S001,0,,,,27.4,,18,12,2025,-1.8,,-9.4,,68,,-17.1,,QC,19,,,,QUEBEC/JEAN LESAGE INTL,26892,0.8,,,,,,"{""type"": ""Point"", ""coordinates"": [-71.38166666666666, 46.80361111111111]}"
701S001.2025.12.19,2025-12-19 00:00:00,701S001,0,,28,,17.1,,19,12,2025,6.6,,0.9,,64,,-4.8,,QC,15,,73,,QUEBEC/JEAN LESAGE INTL,26892,20.4,,,,,,"{""type"": ""Point"", ""coordinates"": [-71.38166666666666, 46.80361111111111]}"
701S001.2025.12.20,2025-12-20 00:00:00,701S001,0,,28,,24.4,,20,12,2025,-4.8,,-6.4,,54,,-8.1,,QC,9,,70,,QUEBEC/JEAN LESAGE INTL,26892,4.4,,,,,,"{""type"": ""Point"", ""coordinates"": [-71.38166666666666, 46.80361111111111]}"
701S001.2025.12.21,2025-12-21 00:00:00,701S001,0,,25,,23.3,,21,12,2025,0.2,,-5.3,,58,,-10.8,,QC,13,,49,,QUEBEC/JEAN LESAGE INTL,26892,1.9,,,,,,"{""type"": ""Point"", ""coordinates"": [-71.38166666666666, 46.80361111111111]}"
701S001.2025.12.22,2025-12-22 00:00:00,701S001,0,,30,,32,,22,12,2025,-9.1,,-14,,54,,-18.9,,QC,13,,33,,QUEBEC/JEAN LESAGE INTL,26892,0,,,,,,"{""type"": ""Point"", ""coordinates"": [-71.38166666666666, 46.80361111111111]}"
701S001.2025.12.23,2025-12-23 00:00:00,701S001,0,,8,,32.6,,23,12,2025,-8.3,,-14.6,,56,,-21,,QC,13,,44,,QUEBEC/JEAN LESAGE INTL,26892,2.4,,,,,,"{""type"": ""Point"", ""coordinates"": [-71.38166666666666, 46.80361111111111]}"
701S001.2025.12.24,2025-12-24 00:00:00,701S001,0,,8,,27.2,,24,12,2025,-6.2,,-9.2,,71,,-12.2,,QC,22,,50,,QUEBEC/JEAN LESAGE INTL,26892,2.9,,,,,,"{""type"": ""Point"", ""coordinates"": [-71.38166666666666, 46.80361111111111]}"
701S001.2025.12.25,2025-12-25 00:00:00,701S001,0,,34,,30.9,,25,12,2025,-5.7,,-12.9,,50,,-20.1,,QC,26,,44,,QUEBEC/JEAN LESAGE INTL,26892,4.9,,,,,,"{""type"": ""Point"", ""coordinates"": [-71.38166666666666, 46.80361111111111]}"
701S001.2025.12.26,2025-12-26 00:00:00,701S001,0,,,,34.6,,26,12,2025,-12.9,,-16.6,,44,,-20.2,,QC,21,,,,QUEBEC/JEAN LESAGE INTL,26892,0,,,,,,"{""type"": ""Point"", ""coordinates"": [-71.38166666666666, 46.80361111111111]}"
701S001.2025.12.27,2025-12-27 00:00:00,701S001,0,,,,34.1,,27,12,2025,-8.3,,-16.1,,57,,-23.8,,QC,21,,,,QUEBEC/JEAN LESAGE INTL,26892,0,,,,,,"{""type"": ""Point"", ""coordinates"": [-71.38166666666666, 46.80361111111111]}"
701S001.2025.12.28,2025-12-28 00:00:00,701S001,0,,,,34.1,,28,12,2025,-7.6,,-16.1,,54,,-24.5,,QC,20,,,,QUEBEC/JEAN LESAGE INTL,26892,0,,,,,,"{""type"": ""Point"", ""coordinates"": [-71.38166666666666, 46.80361111111111]}"
701S001.2025.12.29,2025-12-29 00:00:00,701S001,0,,10,,22.1,,29,12,2025,-0.5,,-4.1,,62,,-7.7,,QC,20,,45,,QUEBEC/JEAN LESAGE INTL,26892,10.1,,,,,,"{""type"": ""Point"", ""coordinates"": [-71.38166666666666, 46.80361111111111]}"
701S001.2025.12.30,2025-12-30 00:00:00,701S001,0,,,,27.2,,30,12,2025,-2.1,,-9.2,,68,,-16.3,,QC,28,,,,QUEBEC/JEAN LESAGE INTL,26892,0.9,,,,,,"{""type"": ""Point"", ""coordinates"": [-71.38166666666666, 46.80361111111111]}"
701S001.2025.12.31,2025-12-31 00:00:00,701S001,0,,,,34.3,,31,12,2025,-12.6,,-16.3,,67,,-19.9,,QC,20,,,,QUEBEC/JEAN LESAGE INTL,26892,0.1,,,,,,"{""type"": ""Point"", ""coordinates"": [-71.38166666666666, 46.80361111111111]}"
