ID,LOCAL_DATE,CLIMATE_IDENTIFIER,COOLING_DEGREE_DAYS,COOLING_DEGREE_DAYS_FLAG,DIRECTION_MAX_GUST,DIRECTION_MAX_GUST_FLAG,HEATING_DEGREE_DAYS,HEATING_DEGREE_DAYS_FLAG,LOCAL_DAY,LOCAL_MONTH,LOCAL_YEAR,MAX_TEMPERATURE,MAX_TEMPERATURE_FLAG,MEAN_TEMPERATURE,MEAN_TEMPERATURE_FLAG,MIN_REL_HUMIDITY,MIN_REL_HUMIDITY_FLAG,MIN_TEMPERATURE,MIN_TEMPERATURE_FLAG,PROVINCE_CODE,SNOW_ON_GROUND,SNOW_ON_GROUND_FLAG,SPEED_MAX_GUST,SPEED_MAX_GUST_FLAG,STATION_NAME,STN_ID,TOTAL_PRECIPITATION,TOTAL_PRECIPITATION_FLAG,TOTAL_RAIN,TOTAL_RAIN_FLAG,TOTAL_SNOW,TOTAL_SNOW_FLAG,_GEOMETRY
6105978.2023.1.1,2023-01-01 00:00:00,6105978,0,,,,15.9,,1,1,2023,3.5,,2.1,,83,,0.7,,ON,,,,,OTTAWA CDA RCS,30578,0,,,,,,"{""type"": ""Point"", ""coordinates"": [-75.71666666666667, 45.38333333333333]}"
6105978.2023.1.2,2023-01-02 00:00:00,6105978,0,,27,,15.3,,2,1,2023,4.8,,2.7,,65,,0.6,,ON,,,31,,OTTAWA CDA RCS,30578,0.2,,,,,,"{""type"": ""Point"", ""coordinates"": [-75.71666666666667, 45.38333333333333]}"
6105978.2023.1.3,2023-01-03 00:00:00,6105978,0,,,,16.4,,3,1,2023,3.1,,1.6,,75,,0.1,,ON,,,,,OTTAWA CDA RCS,30578,0.5,,,,,,"{""type"": ""Point"", ""coordinates"": [-75.71666666666667, 45.38333333333333]}"
6105978.2023.1.4,2023-01-04 00:00:00,6105978,0,,8,,17.1,,4,1,2023,2.5,,0.9,,80,,-0.7,,ON,,,46,,OTTAWA CDA RCS,30578,12,,,,,,"{""type"": ""Point"", ""coordinates"": [-75.71666666666667, 45.38333333333333]}"
6105978.2023.1.5,2023-01-05 00:00:00,6105978,0,,,,19.7,,5,1,2023,-0.6,,-1.7,,92,,-2.8,,ON,,,,,OTTAWA CDA RCS,30578,1,,,,,,"{""type"": ""Point"", ""coordinates"": [-75.71666666666667, 45.38333333333333]}"
6105978.2023.1.6,2023-01-06 00:00:00,6105978,0,,,,18.4,,6,1,2023,2,,-0.4,,80,,-2.8,,ON,,,,,OTTAWA CDA RCS,30578,5.1,,,,,,"{""type"": ""Point"", ""coordinates"": [-75.71666666666667, 45.38333333333333]}"
6105978.2023.1.7,2023-01-07 00:00:00,6105978,0,,,,24.5,,7,1,2023,-2.8,,-6.5,,70,,-10.2,,ON,,,,,OTTAWA CDA RCS,30578,0,,,,,,"{""type"": ""Point"", ""coordinates"": [-75.71666666666667, 45.38333333333333]}"
6105978.2023.1.8,2023-01-08 00:00:00,6105978,0,,,,27.1,,8,1,2023,-4.5,,-9.1,,62,,-13.7,,ON,,,,,OTTAWA CDA RCS,30578,0,,,,,,"{""type"": ""Point"", ""coordinates"": [-75.71666666666667, 45.38333333333333]}"
6105978.2023.1.9,2023-01-09 00:00:00,6105978,0,,33,,20.2,,9,1,2023,0.2,,-2.2,,68,,-4.5,,ON,,,37,,OTTAWA CDA RCS,30578,1.2,,,,,,"{""type"": ""Point"", ""coordinates"": [-75.71666666666667, 45.38333333333333]}"
6105978.2023.1.10,2023-01-10 00:00:00,6105978,0,,,,26.4,,10,1,2023,-4.5,,-8.4,,63,,-12.3,,ON,,,,,OTTAWA CDA RCS,30578,0.1,,,,,,"{""type"": ""Point"", ""coordinates"": [-75.71666666666667, 45.38333333333333]}"
6105978.2023.1.11,2023-01-11 00:00:00,6105978,0,,,,28.9,,11,1,2023,-8.1,,-10.9,,69,,-13.7,,ON,,,,,OTTAWA CDA RCS,30578,0,,,,,,"{""type"": ""Point"", ""coordinates"": [-75.71666666666667, 45.38333333333333]}"
6105978.2023.1.12,2023-01-12 00:00:00,6105978,,M,,M,,M,12,1,2023,,M,,M,,M,,M,ON,,,,M,OTTAWA CDA RCS,30578,,M,,,,,"{""type"": ""Point"", ""coordinates"": [-75.71666666666667, 45.38333333333333]}"
6105978.2023.1.13,2023-01-13 00:00:00,6105978,0,,35,,23.4,,13,1,2023,-0.8,,-5.4,,74,,-10,,ON,,,32,,OTTAWA CDA RCS,30578,13,,,,,,"{""type"": ""Point"", ""coordinates"": [-75.71666666666667, 45.38333333333333]}"
6105978.2023.1.14,2023-01-14 00:00:00,6105978,0,,,,29.7,,14,1,2023,-7.3,,-11.7,,66,,-16,,ON,29,,,,OTTAWA CDA RCS,30578,0,,,,,,"{""type"": ""Point"", ""coordinates"": [-75.71666666666667, 45.38333333333333]}"
6105978.2023.1.15,2023-01-15 00:00:00,6105978,0,,,,30.4,,15,1,2023,-6.6,,-12.4,,70,,-18.3,,ON,28,,,,OTTAWA CDA RCS,30578,0.4,,,,,,"{""type"": ""Point"", ""coordinates"": [-75.71666666666667, 45.38333333333333]}"
6105978.2023.1.16,2023-01-16 00:00:00,6105978,0,,,,28.9,,16,1,2023,-2.2,,-10.9,,61,,-19.6,,ON,28,,,,OTTAWA CDA RCS,30578,0,,,,,,"{""type"": ""Point"", ""coordinates"": [-75.71666666666667, 45.38333333333333]}"
6105978.2023.1.17,2023-01-17 00:00:00,6105978,0,,,,27,,17,1,2023,-2.5,,-9,,68,,-15.4,,ON,27,,,,OTTAWA CDA RCS,30578,2.9,,,,,,"{""type"": ""Point"", ""coordinates"": [-75.71666666666667, 45.38333333333333]}"
6105978.2023.1.18,2023-01-18 00:00:00,6105978,0,,,,19.2,,18,1,2023,1.6,,-1.2,,75,,-4,,ON,28,,,,OTTAWA CDA RCS,30578,1,,,,,,"{""type"": ""Point"", ""coordinates"": [-75.71666666666667, 45.38333333333333]}"
6105978.2023.1.19,2023-01-19 00:00:00,6105978,0,,7,,20.2,,19,1,2023,-0.5,,-2.2,,72,,-3.9,,ON,28,,48,,OTTAWA CDA RCS,30578,4.7,,,,,,"{""type"": ""Point"", ""coordinates"": [-75.71666666666667, 45.38333333333333]}"
6105978.2023.1.20,2023-01-20 00:00:00,6105978,0,,7,,20,,20,1,2023,-0.9,,-2,,79,,-3,,ON,30,,32,,OTTAWA CDA RCS,30578,2.5,,,,,,"{""type"": ""Point"", ""coordinates"": [-75.71666666666667, 45.38333333333333]}"
6105978.2023.1.21,2023-01-21 00:00:00,6105978,0,,27,,23,,21,1,2023,-2.1,,-5,,64,,-8,,ON,32,,32,,OTTAWA CDA RCS,30578,0,,,,,,"{""type"": ""Point"", ""coordinates"": [-75.71666666666667, 45.38333333333333]}"
6105978.2023.1.22,2023-01-22 00:00:00,6105978,0,,,,19.7,,22,1,2023,-0.4,,-1.7,,88,,-3,,ON,31,,,,OTTAWA CDA RCS,30578,2.1,,,,,,"{""type"": ""Point"", ""coordinates"": [-75.71666666666667, 45.38333333333333]}"
6105978.2023.1.23,2023-01-23 00:00:00,6105978,0,,,,19.2,,23,1,2023,0,,-1.2,,69,,-2.4,,ON,31,,,,OTTAWA CDA RCS,30578,0.1,,,,,,"{""type"": ""Point"", ""coordinates"": [-75.71666666666667, 45.38333333333333]}"
6105978.2023.1.24,2023-01-24 00:00:00,6105978,0,,22,,21.3,,24,1,2023,1.7,,-3.3,,62,,-8.3,,ON,31,,42,,OTTAWA CDA RCS,30578,0.7,,,,,,"{""type"": ""Point"", ""coordinates"": [-75.71666666666667, 45.38333333333333]}"
6105978.2023.1.25,2023-01-25 00:00:00,6105978,0,,8,,27.1,,25,1,2023,-7,,-9.1,,69,,-11.3,,ON,31,,42,,OTTAWA CDA RCS,30578,11,,,,,,"{""type"": ""Point"", ""coordinates"": [-75.71666666666667, 45.38333333333333]}"
6105978.2023.1.26,2023-01-26 00:00:00,6105978,0,,7,,24.1,,26,1,2023,-3.9,,-6.1,,71,,-8.4,,ON,49,,38,,OTTAWA CDA RCS,30578,6.5,,,,,,"{""type"": ""Point"", ""coordinates"": [-75.71666666666667, 45.38333333333333]}"
6105978.2023.1.27,2023-01-27 00:00:00,6105978,0,,19,,25,,27,1,2023,-1.7,,-7,,72,,-12.3,,ON,48,,41,,OTTAWA CDA RCS,30578,0.2,,,,,,"{""type"": ""Point"", ""coordinates"": [-75.71666666666667, 45.38333333333333]}"
6105978.2023.1.28,2023-01-28 00:00:00,6105978,0,,28,,20.3,,28,1,2023,0.8,,-2.3,,53,,-5.3,,ON,43,,51,,OTTAWA CDA RCS,30578,0.5,,,,,,"{""type"": ""Point"", ""coordinates"": [-75.71666666666667, 45.38333333333333]}"
6105978.2023.1.29,2023-01-29 00:00:00,6105978,0,,8,,26.5,,29,1,2023,-4,,-8.5,,70,,-12.9,,ON,42,,41,,OTTAWA CDA RCS,30578,8.7,,,,,,"{""type"": ""Point"", ""coordinates"": [-75.71666666666667, 45.38333333333333]}"
6105978.2023.1.30,2023-01-30 00:00:00,6105978,0,,,,30.4,,30,1,2023,-8.1,,-12.4,,73,,-16.8,,ON,49,,,,OTTAWA CDA RCS,30578,2.1,,,,,,"{""type"": ""Point"", ""coordinates"": [-75.71666666666667, 45.38333333333333]}"
6105978.2023.1.31,2023-01-31 00:00:00,6105978,0,,34,,34,,31,1,2023,-8.6,,-16,,39,,-23.3,,ON,51,,31,,OTTAWA CDA RCS,30578,0,,,,,,"{""type"": ""Point"", ""coordinates"": [-75.71666666666667, 45.38333333333333]}"
6105978.2023.2.1,2023-02-01 00:00:00,6105978,0,,23,,32.6,,1,2,2023,-5.3,,-14.6,,60,,-23.9,,ON,49,,39,,OTTAWA CDA RCS,30578,0,,,,,,"{""type"": ""Point"", ""coordinates"": [-75.71666666666667, 45.38333333333333]}"
6105978.2023.2.2,2023-02-02 00:00:00,6105978,0,,31,,26.6,,2,2,2023,-0.5,,-8.6,,50,,-16.7,,ON,48,,57,,OTTAWA CDA RCS,30578,0,,,,,,"{""type"": ""Point"", ""coordinates"": [-75.71666666666667, 45.38333333333333]}"
6105978.2023.2.3,2023-02-03 00:00:00,6105978,0,,31,,40.4,,3,2,2023,-16.6,,-22.4,,41,,-28.3,,ON,37,,56,,OTTAWA CDA RCS,30578,0,,,,,,"{""type"": ""Point"", ""coordinates"": [-75.71666666666667, 45.38333333333333]}"
6105978.2023.2.4,2023-02-04 00:00:00,6105978,0,,,,44.1,,4,2,2023,-19.6,,-26.1,,45,,-32.5,,ON,36,,,,OTTAWA CDA RCS,30578,0.1,,,,,,"{""type"": ""Point"", ""coordinates"": [-75.71666666666667, 45.38333333333333]}"
6105978.2023.2.5,2023-02-05 00:00:00,6105978,0,,,,30.7,,5,2,2023,-5.7,,-12.7,,68,,-19.6,,ON,36,,,,OTTAWA CDA RCS,30578,2.5,,,,,,"{""type"": ""Point"", ""coordinates"": [-75.71666666666667, 45.38333333333333]}"
6105978.2023.2.6,2023-02-06 00:00:00,6105978,0,,34,,28.6,,6,2,2023,-4.6,,-10.6,,47,,-16.5,,ON,38,,34,,OTTAWA CDA RCS,30578,0.1,,,,,,"{""type"": ""Point"", ""coordinates"": [-75.71666666666667, 45.38333333333333]}"
6105978.2023.2.7,2023-02-07 00:00:00,6105978,0,,,,26.5,,7,2,2023,-0.6,,-8.5,,66,,-16.4,,ON,38,,,,OTTAWA CDA RCS,30578,3.6,,,,,,"{""type"": ""Point"", ""coordinates"": [-75.71666666666667, 45.38333333333333]}"
6105978.2023.2.8,2023-02-08 00:00:00,6105978,0,,,,18.4,,8,2,2023,6.1,,-0.4,,48,,-7,,ON,40,,,,OTTAWA CDA RCS,30578,0,,,,,,"{""type"": ""Point"", ""coordinates"": [-75.71666666666667, 45.38333333333333]}"
6105978.2023.2.9,2023-02-09 00:00:00,6105978,0,,8,,22.8,,9,2,2023,0.4,,-4.8,,91,,-10,,ON,37,,32,,OTTAWA CDA RCS,30578,16,,,,,,"{""type"": ""Point"", ""coordinates"": [-75.71666666666667, 45.38333333333333]}"
6105978.2023.2.10,2023-02-10 00:00:00,6105978,0,,29,,17.2,,10,2,2023,5,,0.8,,67,,-3.4,,ON,36,,49,,OTTAWA CDA RCS,30578,5.4,,,,,,"{""type"": ""Point"", ""coordinates"": [-75.71666666666667, 45.38333333333333]}"
6105978.2023.2.11,2023-02-11 00:00:00,6105978,0,,22,,22.4,,11,2,2023,-0.3,,-4.4,,48,,-8.5,,ON,37,,44,,OTTAWA CDA RCS,30578,0.1,,,,,,"{""type"": ""Point"", ""coordinates"": [-75.71666666666667, 45.38333333333333]}"
6105978.2023.2.12,2023-02-12 00:00:00,6105978,0,,22,,17.8,,12,2,2023,5.6,,0.2,,51,,-5.2,,ON,33,,31,,OTTAWA CDA RCS,30578,0,,,,,,"{""type"": ""Point"", ""coordinates"": [-75.71666666666667, 45.38333333333333]}"
6105978.2023.2.13,2023-02-13 00:00:00,6105978,0,,,,19,,13,2,2023,3.7,,-1,,55,,-5.6,,ON,33,,,,OTTAWA CDA RCS,30578,0,,,,,,"{""type"": ""Point"", ""coordinates"": [-75.71666666666667, 45.38333333333333]}"
6105978.2023.2.14,2023-02-14 00:00:00,6105978,0,,,,16.1,,14,2,2023,6.5,,1.9,,54,,-2.6,,ON,33,,,,OTTAWA CDA RCS,30578,0,,,,,,"{""type"": ""Point"", ""coordinates"": [-75.71666666666667, 45.38333333333333]}"
6105978.2023.2.15,2023-02-15 00:00:00,6105978,0,,27,,13.3,,15,2,2023,10.6,,4.7,,65,,-1.3,,ON,32,,57,,OTTAWA CDA RCS,30578,2.4,,,,,,"{""type"": ""Point"", ""coordinates"": [-75.71666666666667, 45.38333333333333]}"
6105978.2023.2.16,2023-02-16 00:00:00,6105978,0,,28,,16.5,,16,2,2023,6.4,,1.5,,58,,-3.3,,ON,26,,38,,OTTAWA CDA RCS,30578,1.9,,,,,,"{""type"": ""Point"", ""coordinates"": [-75.71666666666667, 45.38333333333333]}"
6105978.2023.2.17,2023-02-17 00:00:00,6105978,0,,34,,27.6,,17,2,2023,-3.3,,-9.6,,57,,-15.9,,ON,31,,42,,OTTAWA CDA RCS,30578,10.2,,,,,,"{""type"": ""Point"", ""coordinates"": [-75.71666666666667, 45.38333333333333]}"
6105978.2023.2.18,2023-02-18 00:00:00,6105978,0,,24,,27,,18,2,2023,-0.1,,-9,,56,,-18,,ON,33,,35,,OTTAWA CDA RCS,30578,0,,,,,,"{""type"": ""Point"", ""coordinates"": [-75.71666666666667, 45.38333333333333]}"
6105978.2023.2.19,2023-02-19 00:00:00,6105978,0,,22,,16.8,,19,2,2023,6.2,,1.2,,49,,-3.7,,ON,32,,42,,OTTAWA CDA RCS,30578,0,,,,,,"{""type"": ""Point"", ""coordinates"": [-75.71666666666667, 45.38333333333333]}"
6105978.2023.2.20,2023-02-20 00:00:00,6105978,0,,32,,20.9,,20,2,2023,4.3,,-2.9,,43,,-10,,ON,31,,44,,OTTAWA CDA RCS,30578,0.1,,,,,,"{""type"": ""Point"", ""coordinates"": [-75.71666666666667, 45.38333333333333]}"
6105978.2023.2.21,2023-02-21 00:00:00,6105978,0,,8,,27.8,,21,2,2023,-6.1,,-9.8,,59,,-13.4,,ON,28,,38,,OTTAWA CDA RCS,30578,2.6,,,,,,"{""type"": ""Point"", ""coordinates"": [-75.71666666666667, 45.38333333333333]}"
6105978.2023.2.22,2023-02-22 00:00:00,6105978,0,,7,,28.3,,22,2,2023,-7.4,,-10.3,,44,,-13.2,,ON,31,,33,,OTTAWA CDA RCS,30578,0.1,,,,,,"{""type"": ""Point"", ""coordinates"": [-75.71666666666667, 45.38333333333333]}"
6105978.2023.2.23,2023-02-23 00:00:00,6105978,0,,9,,28.3,,23,2,2023,-9.1,,-10.3,,68,,-11.6,,ON,35,,46,,OTTAWA CDA RCS,30578,4,,,,,,"{""type"": ""Point"", ""coordinates"": [-75.71666666666667, 45.38333333333333]}"
6105978.2023.2.24,2023-02-24 00:00:00,6105978,0,,28,,33.3,,24,2,2023,-10.7,,-15.3,,43,,-20,,ON,35,,38,,OTTAWA CDA RCS,30578,0.1,,,,,,"{""type"": ""Point"", ""coordinates"": [-75.71666666666667, 45.38333333333333]}"
6105978.2023.2.25,2023-02-25 00:00:00,6105978,0,,,,36.2,,25,2,2023,-12.7,,-18.2,,49,,-23.7,,ON,33,,,,OTTAWA CDA RCS,30578,0.7,,,,,,"{""type"": ""Point"", ""coordinates"": [-75.71666666666667, 45.38333333333333]}"
6105978.2023.2.26,2023-02-26 00:00:00,6105978,0,,,,26.8,,26,2,2023,-2,,-8.8,,58,,-15.5,,ON,37,,,,OTTAWA CDA RCS,30578,4.8,,,,,,"{""type"": ""Point"", ""coordinates"": [-75.71666666666667, 45.38333333333333]}"
6105978.2023.2.27,2023-02-27 00:00:00,6105978,0,,8,,28.2,,27,2,2023,-4.6,,-10.2,,52,,-15.9,,ON,39,,40,,OTTAWA CDA RCS,30578,0,,,,,,"{""type"": ""Point"", ""coordinates"": [-75.71666666666667, 45.38333333333333]}"
6105978.2023.2.28,2023-02-28 00:00:00,6105978,0,,8,,21.7,,28,2,2023,-0.2,,-3.7,,65,,-7.1,,ON,42,,41,,OTTAWA CDA RCS,30578,10.4,,,,,,"{""type"": ""Point"", ""coordinates"": [-75.71666666666667, 45.38333333333333]}"
6105978.2023.3.1,2023-03-01 00:00:00,6105978,0,,,,22.4,,1,3,2023,1.9,,-4.4,,60,,-10.6,,ON,48,,,,OTTAWA CDA RCS,30578,0,,,,,,"{""type"": ""Point"", ""coordinates"": [-75.71666666666667, 45.38333333333333]}"
6105978.2023.3.2,2023-03-02 00:00:00,6105978,0,,35,,20.1,,2,3,2023,2.8,,-2.1,,58,,-7,,ON,46,,38,,OTTAWA CDA RCS,30578,2.3,,,,,,"{""type"": ""Point"", ""coordinates"": [-75.71666666666667, 45.38333333333333]}"
6105978.2023.3.3,2023-03-03 00:00:00,6105978,0,,9,,26.8,,3,3,2023,-2.9,,-8.8,,46,,-14.7,,ON,45,,37,,OTTAWA CDA RCS,30578,1.5,,,,,,"{""type"": ""Point"", ""coordinates"": [-75.71666666666667, 45.38333333333333]}"
6105978.2023.3.4,2023-03-04 00:00:00,6105978,0,,7,,21.1,,4,3,2023,0.8,,-3.1,,85,,-7,,ON,50,,43,,OTTAWA CDA RCS,30578,13.2,,,,,,"{""type"": ""Point"", ""coordinates"": [-75.71666666666667, 45.38333333333333]}"
6105978.2023.3.5,2023-03-05 00:00:00,6105978,0,,,,17.3,,5,3,2023,5.4,,0.7,,50,,-4,,ON,58,,,,OTTAWA CDA RCS,30578,0,,,,,,"{""type"": ""Point"", ""coordinates"": [-75.71666666666667, 45.38333333333333]}"
6105978.2023.3.6,2023-03-06 00:00:00,6105978,0,,34,,17.8,,6,3,2023,4.5,,0.2,,31,,-4.2,,ON,51,,41,,OTTAWA CDA RCS,30578,0,,,,,,"{""type"": ""Point"", ""coordinates"": [-75.71666666666667, 45.38333333333333]}"
6105978.2023.3.7,2023-03-07 00:00:00,6105978,0,,33,,22.2,,7,3,2023,-2,,-4.2,,53,,-6.3,,ON,49,,48,,OTTAWA CDA RCS,30578,0,,,,,,"{""type"": ""Point"", ""coordinates"": [-75.71666666666667, 45.38333333333333]}"
6105978.2023.3.8,2023-03-08 00:00:00,6105978,0,,33,,20.1,,8,3,2023,2.5,,-2.1,,45,,-6.6,,ON,48,,41,,OTTAWA CDA RCS,30578,0,,,,,,"{""type"": ""Point"", ""coordinates"": [-75.71666666666667, 45.38333333333333]}"
6105978.2023.3.9,2023-03-09 00:00:00,6105978,0,,32,,19.5,,9,3,2023,2.1,,-1.5,,53,,-5.2,,ON,48,,35,,OTTAWA CDA RCS,30578,0.1,,,,,,"{""type"": ""Point"", ""coordinates"": [-75.71666666666667, 45.38333333333333]}"
6105978.2023.3.10,2023-03-10 00:00:00,6105978,0,,,,21.5,,10,3,2023,-0.5,,-3.5,,57,,-6.4,,ON,47,,,,OTTAWA CDA RCS,30578,0,,,,,,"{""type"": ""Point"", ""coordinates"": [-75.71666666666667, 45.38333333333333]}"
6105978.2023.3.11,2023-03-11 00:00:00,6105978,0,,,,19.4,,11,3,2023,2.7,,-1.4,,47,,-5.5,,ON,47,,,,OTTAWA CDA RCS,30578,0,,,,,,"{""type"": ""Point"", ""coordinates"": [-75.71666666666667, 45.38333333333333]}"
6105978.2023.3.12,2023-03-12 00:00:00,6105978,0,,,,21.7,,12,3,2023,3.1,,-3.7,,45,,-10.5,,ON,45,,,,OTTAWA CDA RCS,30578,0,,,,,,"{""type"": ""Point"", ""coordinates"": [-75.71666666666667, 45.38333333333333]}"
6105978.2023.3.13,2023-03-13 00:00:00,6105978,0,,,,18,,13,3,2023,1.5,,0,,66,,-1.5,,ON,45,,,,OTTAWA CDA RCS,30578,3.6,,,,,,"{""type"": ""Point"", ""coordinates"": [-75.71666666666667, 45.38333333333333]}"
6105978.2023.3.14,2023-03-14 00:00:00,6105978,0,,33,,17.7,,14,3,2023,2.4,,0.3,,61,,-1.7,,ON,46,,45,,OTTAWA CDA RCS,30578,8,,,,,,"{""type"": ""Point"", ""coordinates"": [-75.71666666666667, 45.38333333333333]}"
6105978.2023.3.15,2023-03-15 00:00:00,6105978,0,,33,,18.9,,15,3,2023,4.1,,-0.9,,33,,-5.9,,ON,44,,47,,OTTAWA CDA RCS,30578,0,,,,,,"{""type"": ""Point"", ""coordinates"": [-75.71666666666667, 45.38333333333333]}"
6105978.2023.3.16,2023-03-16 00:00:00,6105978,0,,30,,17.2,,16,3,2023,2.4,,0.8,,37,,-0.8,,ON,44,,36,,OTTAWA CDA RCS,30578,1.3,,,,,,"{""type"": ""Point"", ""coordinates"": [-75.71666666666667, 45.38333333333333]}"
6105978.2023.3.17,2023-03-17 00:00:00,6105978,0,,25,,14.9,,17,3,2023,5.6,,3.1,,67,,0.5,,ON,44,,43,,OTTAWA CDA RCS,30578,8.7,,,,,,"{""type"": ""Point"", ""coordinates"": [-75.71666666666667, 45.38333333333333]}"
6105978.2023.3.18,2023-03-18 00:00:00,6105978,0,,22,,19.3,,18,3,2023,3.1,,-1.3,,40,,-5.8,,ON,40,,48,,OTTAWA CDA RCS,30578,0.2,,,,,,"{""type"": ""Point"", ""coordinates"": [-75.71666666666667, 45.38333333333333]}"
6105978.2023.3.19,2023-03-19 00:00:00,6105978,0,,29,,24,,19,3,2023,-2.8,,-6,,39,,-9.2,,ON,39,,57,,OTTAWA CDA RCS,30578,0,,,,,,"{""type"": ""Point"", ""coordinates"": [-75.71666666666667, 45.38333333333333]}"
6105978.2023.3.20,2023-03-20 00:00:00,6105978,0,,24,,18.1,,20,3,2023,5,,-0.1,,45,,-5.2,,ON,39,,41,,OTTAWA CDA RCS,30578,0,,,,,,"{""type"": ""Point"", ""coordinates"": [-75.71666666666667, 45.38333333333333]}"
6105978.2023.3.21,2023-03-21 00:00:00,6105978,0,,,,17.3,,21,3,2023,4.4,,0.7,,49,,-3.1,,ON,38,,,,OTTAWA CDA RCS,30578,0,,,,,,"{""type"": ""Point"", ""coordinates"": [-75.71666666666667, 45.38333333333333]}"
6105978.2023.3.22,2023-03-22 00:00:00,6105978,0,,8,,20,,22,3,2023,0.5,,-2,,49,,-4.4,,ON,37,,33,,OTTAWA CDA RCS,30578,0.1,,,,,,"{""type"": ""Point"", ""coordinates"": [-75.71666666666667, 45.38333333333333]}"
6105978.2023.3.23,2023-03-23 00:00:00,6105978,0,,,,17.1,,23,3,2023,3.3,,0.9,,69,,-1.5,,ON,36,,,,OTTAWA CDA RCS,30578,10,,,,,,"{""type"": ""Point"", ""coordinates"": [-75.71666666666667, 45.38333333333333]}"
6105978.2023.3.24,2023-03-24 00:00:00,6105978,0,,34,,19.5,,24,3,2023,2.9,,-1.5,,45,,-5.8,,ON,35,,31,,OTTAWA CDA RCS,30578,0,,,,,,"{""type"": ""Point"", ""coordinates"": [-75.71666666666667, 45.38333333333333]}"
6105978.2023.3.25,2023-03-25 00:00:00,6105978,0,,10,,19.1,,25,3,2023,3.1,,-1.1,,63,,-5.3,,ON,34,,52,,OTTAWA CDA RCS,30578,9.3,,,,,,"{""type"": ""Point"", ""coordinates"": [-75.71666666666667, 45.38333333333333]}"
6105978.2023.3.26,2023-03-26 00:00:00,6105978,0,,28,,15.2,,26,3,2023,4.7,,2.8,,57,,0.9,,ON,36,,51,,OTTAWA CDA RCS,30578,0.4,,,,,,"{""type"": ""Point"", ""coordinates"": [-75.71666666666667, 45.38333333333333]}"
6105978.2023.3.27,2023-03-27 00:00:00,6105978,0,,1,,16.4,,27,3,2023,8.1,,1.6,,37,,-4.9,,ON,33,,36,,OTTAWA CDA RCS,30578,0,,,,,,"{""type"": ""Point"", ""coordinates"": [-75.71666666666667, 45.38333333333333]}"
6105978.2023.3.28,2023-03-28 00:00:00,6105978,0,,,,19.6,,28,3,2023,2.9,,-1.6,,50,,-6.1,,ON,30,,,,OTTAWA CDA RCS,30578,0,,,,,,"{""type"": ""Point"", ""coordinates"": [-75.71666666666667, 45.38333333333333]}"
6105978.2023.3.29,2023-03-29 00:00:00,6105978,0,,21,,18.3,,29,3,2023,6.8,,-0.3,,49,,-7.3,,ON,29,,61,,OTTAWA CDA RCS,30578,1.2,,,,,,"{""type"": ""Point"", ""coordinates"": [-75.71666666666667, 45.38333333333333]}"
6105978.2023.3.30,2023-03-30 00:00:00,6105978,0,,28,,22,,30,3,2023,1.1,,-4,,32,,-9.1,,ON,26,,40,,OTTAWA CDA RCS,30578,0,,,,,,"{""type"": ""Point"", ""coordinates"": [-75.71666666666667, 45.38333333333333]}"
6105978.2023.3.31,2023-03-31 00:00:00,6105978,0,,7,,20.2,,31,3,2023,2.5,,-2.2,,48,,-6.9,,ON,25,,32,,OTTAWA CDA RCS,30578,4.1,,,,,,"{""type"": ""Point"", ""coordinates"": [-75.71666666666667, 45.38333333333333]}"
6105978.2023.4.1,2023-04-01 00:00:00,6105978,0,,35,,15.9,,1,4,2023,8.7,,2.1,,55,,-4.6,,ON,28,,51,,OTTAWA CDA RCS,30578,15.2,,,,,,"{""type"": ""Point"", ""coordinates"": [-75.71666666666667, 45.38333333333333]}"
6105978.2023.4.2,2023-04-02 00:00:00,6105978,0,,33,,22.2,,2,4,2023,1.2,,-4.2,,36,,-9.6,,ON,21,,43,,OTTAWA CDA RCS,30578,0,,,,,,"{""type"": ""Point"", ""coordinates"": [-75.71666666666667, 45.38333333333333]}"
6105978.2023.4.3,2023-04-03 00:00:00,6105978,0,,23,,14.8,,3,4,2023,9.4,,3.2,,53,,-3.1,,ON,21,,31,,OTTAWA CDA RCS,30578,0.7,,,,,,"{""type"": ""Point"", ""coordinates"": [-75.71666666666667, 45.38333333333333]}"
6105978.2023.4.4,2023-04-04 00:00:00,6105978,0,,6,,14.9,,4,4,2023,6.9,,3.1,,49,,-0.7,,ON,19,,31,,OTTAWA CDA RCS,30578,0,,,,,,"{""type"": ""Point"", ""coordinates"": [-75.71666666666667, 45.38333333333333]}"
6105978.2023.4.5,2023-04-05 00:00:00,6105978,0,,,M,18.8,,5,4,2023,1,,-0.8,,49,,-2.6,,ON,14,,,M,OTTAWA CDA RCS,30578,28.9,,,,,,"{""type"": ""Point"", ""coordinates"": [-75.71666666666667, 45.38333333333333]}"
6105978.2023.4.6,2023-04-06 00:00:00,6105978,0,,,M,13,,6,4,2023,9.8,,5,,45,,0.2,,ON,17,,,M,OTTAWA CDA RCS,30578,0.3,,,,,,"{""type"": ""Point"", ""coordinates"": [-75.71666666666667, 45.38333333333333]}"
6105978.2023.4.7,2023-04-07 00:00:00,6105978,0,,31,,17.2,,7,4,2023,4.2,,0.8,,37,,-2.7,,ON,,,54,,OTTAWA CDA RCS,30578,0,,,,,,"{""type"": ""Point"", ""coordinates"": [-75.71666666666667, 45.38333333333333]}"
6105978.2023.4.8,2023-04-08 00:00:00,6105978,0,,,,18.3,,8,4,2023,6,,-0.3,,30,,-6.5,,ON,,,,,OTTAWA CDA RCS,30578,0,,,,,,"{""type"": ""Point"", ""coordinates"": [-75.71666666666667, 45.38333333333333]}"
6105978.2023.4.9,2023-04-09 00:00:00,6105978,0,,,,14.9,,9,4,2023,10.6,,3.1,,28,,-4.3,,ON,,,,,OTTAWA CDA RCS,30578,0,,,,,,"{""type"": ""Point"", ""coordinates"": [-75.71666666666667, 45.38333333333333]}"
6105978.2023.4.10,2023-04-10 00:00:00,6105978,0,,21,,9.3,,10,4,2023,18.8,,8.7,,31,,-1.5,,ON,,,40,,OTTAWA CDA RCS,30578,0,,,,,,"{""type"": ""Point"", ""coordinates"": [-75.71666666666667, 45.38333333333333]}"
6105978.2023.4.11,2023-04-11 00:00:00,6105978,0,,28,,3.9,,11,4,2023,20.4,,14.1,,28,,7.8,,ON,,,55,,OTTAWA CDA RCS,30578,0,,,,,,"{""type"": ""Point"", ""coordinates"": [-75.71666666666667, 45.38333333333333]}"
6105978.2023.4.12,2023-04-12 00:00:00,6105978,0,,,,4.6,,12,4,2023,18.9,,13.4,,31,,7.9,,ON,,,,,OTTAWA CDA RCS,30578,0,,,,,,"{""type"": ""Point"", ""coordinates"": [-75.71666666666667, 45.38333333333333]}"
6105978.2023.4.13,2023-04-13 00:00:00,6105978,0,,27,,0.8,,13,4,2023,28.9,,17.2,,32,,5.5,,ON,,,36,,OTTAWA CDA RCS,30578,0,,,,,,"{""type"": ""Point"", ""coordinates"": [-75.71666666666667, 45.38333333333333]}"
6105978.2023.4.14,2023-04-14 00:00:00,6105978,0,,,,1.7,,14,4,2023,21.4,,16.3,,31,,11.2,,ON,,,,,OTTAWA CDA RCS,30578,0,,,,,,"{""type"": ""Point"", ""coordinates"": [-75.71666666666667, 45.38333333333333]}"
6105978.2023.4.15,2023-04-15 00:00:00,6105978,0,,,,1.6,,15,4,2023,24.8,,16.4,,33,,8.1,,ON,,,,,OTTAWA CDA RCS,30578,0,,,,,,"{""type"": ""Point"", ""coordinates"": [-75.71666666666667, 45.38333333333333]}"
6105978.2023.4.16,2023-04-16 00:00:00,6105978,0,,,,1,,16,4,2023,25.2,,17,,36,,8.8,,ON,,,,,OTTAWA CDA RCS,30578,0,,,,,,"{""type"": ""Point"", ""coordinates"": [-75.71666666666667, 45.38333333333333]}"
6105978.2023.4.17,2023-04-17 00:00:00,6105978,0,,24,,8.3,,17,4,2023,14.8,,9.7,,66,,4.5,,ON,,,48,,OTTAWA CDA RCS,30578,7.4,,,,,,"{""type"": ""Point"", ""coordinates"": [-75.71666666666667, 45.38333333333333]}"
6105978.2023.4.18,2023-04-18 00:00:00,6105978,0,,21,,13.6,,18,4,2023,7.6,,4.4,,60,,1.2,,ON,,,46,,OTTAWA CDA RCS,30578,2.9,,,,,,"{""type"": ""Point"", ""coordinates"": [-75.71666666666667, 45.38333333333333]}"
6105978.2023.4.19,2023-04-19 00:00:00,6105978,0,,29,,15.2,,19,4,2023,4.7,,2.8,,53,,0.9,,ON,,,45,,OTTAWA CDA RCS,30578,0.1,,,,,,"{""type"": ""Point"", ""coordinates"": [-75.71666666666667, 45.38333333333333]}"
6105978.2023.4.20,2023-04-20 00:00:00,6105978,0,,,,12.5,,20,4,2023,10.6,,5.5,,36,,0.4,,ON,,,,,OTTAWA CDA RCS,30578,0,,,,,,"{""type"": ""Point"", ""coordinates"": [-75.71666666666667, 45.38333333333333]}"
6105978.2023.4.21,2023-04-21 00:00:00,6105978,0,,8,,9.1,,21,4,2023,14.9,,8.9,,43,,3,,ON,,,46,,OTTAWA CDA RCS,30578,0,,,,,,"{""type"": ""Point"", ""coordinates"": [-75.71666666666667, 45.38333333333333]}"
6105978.2023.4.22,2023-04-22 00:00:00,6105978,0,,20,,0.8,,22,4,2023,25.6,,17.2,,27,,8.8,,ON,,,52,,OTTAWA CDA RCS,30578,4.9,,,,,,"{""type"": ""Point"", ""coordinates"": [-75.71666666666667, 45.38333333333333]}"
6105978.2023.4.23,2023-04-23 00:00:00,6105978,0,,,,8.2,,23,4,2023,12.3,,9.8,,60,,7.2,,ON,,,,,OTTAWA CDA RCS,30578,0.3,,,,,,"{""type"": ""Point"", ""coordinates"": [-75.71666666666667, 45.38333333333333]}"
6105978.2023.4.24,2023-04-24 00:00:00,6105978,0,,,,10.9,,24,4,2023,9.3,,7.1,,57,,4.9,,ON,,,,,OTTAWA CDA RCS,30578,2.8,,,,,,"{""type"": ""Point"", ""coordinates"": [-75.71666666666667, 45.38333333333333]}"
6105978.2023.4.25,2023-04-25 00:00:00,6105978,0,,22,,11.4,,25,4,2023,10.3,,6.6,,49,,3,,ON,,,40,,OTTAWA CDA RCS,30578,0,,,,,,"{""type"": ""Point"", ""coordinates"": [-75.71666666666667, 45.38333333333333]}"
6105978.2023.4.26,2023-04-26 00:00:00,6105978,0,,,,13.4,,26,4,2023,8.9,,4.6,,64,,0.3,,ON,,,,,OTTAWA CDA RCS,30578,0.9,,,,,,"{""type"": ""Point"", ""coordinates"": [-75.71666666666667, 45.38333333333333]}"
6105978.2023.4.27,2023-04-27 00:00:00,6105978,0,,,,9.8,,27,4,2023,12.6,,8.2,,43,,3.8,,ON,,,,,OTTAWA CDA RCS,30578,0,,,,,,"{""type"": ""Point"", ""coordinates"": [-75.71666666666667, 45.38333333333333]}"
6105978.2023.4.28,2023-04-28 00:00:00,6105978,0,,8,,6.5,,28,4,2023,18.5,,11.5,,30,,4.5,,ON,,,33,,OTTAWA CDA RCS,30578,0,,,,,,"{""type"": ""Point"", ""coordinates"": [-75.71666666666667, 45.38333333333333]}"
6105978.2023.4.29,2023-04-29 00:00:00,6105978,0,,10,,7.6,,29,4,2023,13,,10.4,,52,,7.9,,ON,,,39,,OTTAWA CDA RCS,30578,9.4,,,,,,"{""type"": ""Point"", ""coordinates"": [-75.71666666666667, 45.38333333333333]}"
6105978.2023.4.30,2023-04-30 00:00:00,6105978,0,,7,,8.1,,30,4,2023,12.6,,9.9,,78,,7.2,,ON,,,58,,OTTAWA CDA RCS,30578,31.1,,,,,,"{""type"": ""Point"", ""coordinates"": [-75.71666666666667, 45.38333333333333]}"
6105978.2023.5.1,2023-05-01 00:00:00,6105978,0,,23,,9.9,,1,5,2023,10.7,,8.1,,67,,5.4,,ON,,,54,,OTTAWA CDA RCS,30578,15.8,,,,,,"{""type"": ""Point"", ""coordinates"": [-75.71666666666667, 45.38333333333333]}"
6105978.2023.5.2,2023-05-02 00:00:00,6105978,0,,,,9.7,,2,5,2023,11.6,,8.3,,60,,5,,ON,,,,,OTTAWA CDA RCS,30578,1.8,,,,,,"{""type"": ""Point"", ""coordinates"": [-75.71666666666667, 45.38333333333333]}"
6105978.2023.5.3,2023-05-03 00:00:00,6105978,0,,7,,9.8,,3,5,2023,10.1,,8.2,,74,,6.3,,ON,,,42,,OTTAWA CDA RCS,30578,12.7,,,,,,"{""type"": ""Point"", ""coordinates"": [-75.71666666666667, 45.38333333333333]}"
6105978.2023.5.4,2023-05-04 00:00:00,6105978,0,,,,10,,4,5,2023,10.7,,8,,64,,5.2,,ON,,,,,OTTAWA CDA RCS,30578,0.5,,,,,,"{""type"": ""Point"", ""coordinates"": [-75.71666666666667, 45.38333333333333]}"
6105978.2023.5.5,2023-05-05 00:00:00,6105978,0,,,,6.4,,5,5,2023,17.4,,11.6,,43,,5.7,,ON,,,,,OTTAWA CDA RCS,30578,0,,,,,,"{""type"": ""Point"", ""coordinates"": [-75.71666666666667, 45.38333333333333]}"
6105978.2023.5.6,2023-05-06 00:00:00,6105978,0,,31,,4,,6,5,2023,21.2,,14,,27,,6.7,,ON,,,35,,OTTAWA CDA RCS,30578,0,,,,,,"{""type"": ""Point"", ""coordinates"": [-75.71666666666667, 45.38333333333333]}"
6105978.2023.5.7,2023-05-07 00:00:00,6105978,0,,29,,2.8,,7,5,2023,21.4,,15.2,,33,,9,,ON,,,32,,OTTAWA CDA RCS,30578,0,,,,,,"{""type"": ""Point"", ""coordinates"": [-75.71666666666667, 45.38333333333333]}"
6105978.2023.5.8,2023-05-08 00:00:00,6105978,0,,36,,5.9,,8,5,2023,16.7,,12.1,,21,,7.5,,ON,,,37,,OTTAWA CDA RCS,30578,0,,,,,,"{""type"": ""Point"", ""coordinates"": [-75.71666666666667, 45.38333333333333]}"
6105978.2023.5.9,2023-05-09 00:00:00,6105978,0,,34,,7,,9,5,2023,17.1,,11,,21,,4.9,,ON,,,32,,OTTAWA CDA RCS,30578,0,,,,,,"{""type"": ""Point"", ""coordinates"": [-75.71666666666667, 45.38333333333333]}"
6105978.2023.5.10,2023-05-10 00:00:00,6105978,0,,27,,4.7,,10,5,2023,22.5,,13.3,,27,,4,,ON,,,38,,OTTAWA CDA RCS,30578,0,,,,,,"{""type"": ""Point"", ""coordinates"": [-75.71666666666667, 45.38333333333333]}"
6105978.2023.5.11,2023-05-11 00:00:00,6105978,0.4,,23,,0,,11,5,2023,25.7,,18.4,,25,,11.1,,ON,,,36,,OTTAWA CDA RCS,30578,0.3,,,,,,"{""type"": ""Point"", ""coordinates"": [-75.71666666666667, 45.38333333333333]}"
6105978.2023.5.12,2023-05-12 00:00:00,6105978,1.8,,31,,0,,12,5,2023,25.6,,19.8,,33,,14.1,,ON,,,40,,OTTAWA CDA RCS,30578,0.1,,,,,,"{""type"": ""Point"", ""coordinates"": [-75.71666666666667, 45.38333333333333]}"
6105978.2023.5.13,2023-05-13 00:00:00,6105978,0,,34,,4.9,,13,5,2023,19.5,,13.1,,26,,6.7,,ON,,,49,,OTTAWA CDA RCS,30578,0,,,,,,"{""type"": ""Point"", ""coordinates"": [-75.71666666666667, 45.38333333333333]}"
6105978.2023.5.14,2023-05-14 00:00:00,6105978,0,,34,,6.9,,14,5,2023,17.4,,11.1,,24,,4.7,,ON,,,37,,OTTAWA CDA RCS,30578,0,,,,,,"{""type"": ""Point"", ""coordinates"": [-75.71666666666667, 45.38333333333333]}"
6105978.2023.5.15,2023-05-15 00:00:00,6105978,0,,27,,2.5,,15,5,2023,23.3,,15.5,,19,,7.8,,ON,,,46,,OTTAWA CDA RCS,30578,0,,,,,,"{""type"": ""Point"", ""coordinates"": [-75.71666666666667, 45.38333333333333]}"
6105978.2023.5.16,2023-05-16 00:00:00,6105978,0,,35,,7.6,,16,5,2023,18.2,,10.4,,39,,2.5,,ON,,,54,,OTTAWA CDA RCS,30578,0.3,,,,,,"{""type"": ""Point"", ""coordinates"": [-75.71666666666667, 45.38333333333333]}"
6105978.2023.5.17,2023-05-17 00:00:00,6105978,0,,36,,13,,17,5,2023,10,,5,,25,,0,,ON,,,43,,OTTAWA CDA RCS,30578,0,,,,,,"{""type"": ""Point"", ""coordinates"": [-75.71666666666667, 45.38333333333333]}"
6105978.2023.5.18,2023-05-18 00:00:00,6105978,0,,21,,10.5,,18,5,2023,15.9,,7.5,,27,,-0.8,,ON,,,32,,OTTAWA CDA RCS,30578,0,,,,,,"{""type"": ""Point"", ""coordinates"": [-75.71666666666667, 45.38333333333333]}"
6105978.2023.5.19,2023-05-19 00:00:00,6105978,0,,22,,5,,19,5,2023,21.7,,13,,49,,4.2,,ON,,,51,,OTTAWA CDA RCS,30578,0,,,,,,"{""type"": ""Point"", ""coordinates"": [-75.71666666666667, 45.38333333333333]}"
6105978.2023.5.20,2023-05-20 00:00:00,6105978,0,,26,,3.4,,20,5,2023,16.9,,14.6,,68,,12.2,,ON,,,32,,OTTAWA CDA RCS,30578,15.9,,,,,,"{""type"": ""Point"", ""coordinates"": [-75.71666666666667, 45.38333333333333]}"
6105978.2023.5.21,2023-05-21 00:00:00,6105978,0,,25,,3.3,,21,5,2023,21,,14.7,,37,,8.4,,ON,,,33,,OTTAWA CDA RCS,30578,0.4,,,,,,"{""type"": ""Point"", ""coordinates"": [-75.71666666666667, 45.38333333333333]}"
6105978.2023.5.22,2023-05-22 00:00:00,6105978,0,,,,6.6,,22,5,2023,17.3,,11.4,,28,,5.4,,ON,,,,,OTTAWA CDA RCS,30578,0,,,,,,"{""type"": ""Point"", ""coordinates"": [-75.71666666666667, 45.38333333333333]}"
6105978.2023.5.23,2023-05-23 00:00:00,6105978,0,,20,,4.3,,23,5,2023,23.2,,13.7,,28,,4.1,,ON,,,31,,OTTAWA CDA RCS,30578,0,,,,,,"{""type"": ""Point"", ""coordinates"": [-75.71666666666667, 45.38333333333333]}"
6105978.2023.5.24,2023-05-24 00:00:00,6105978,0,,32,,7.3,,24,5,2023,16,,10.7,,44,,5.4,,ON,,,47,,OTTAWA CDA RCS,30578,7.5,,,,,,"{""type"": ""Point"", ""coordinates"": [-75.71666666666667, 45.38333333333333]}"
6105978.2023.5.25,2023-05-25 00:00:00,6105978,0,,32,,7.4,,25,5,2023,17.6,,10.6,,28,,3.7,,ON,,,35,,OTTAWA CDA RCS,30578,0,,,,,,"{""type"": ""Point"", ""coordinates"": [-75.71666666666667, 45.38333333333333]}"
6105978.2023.5.26,2023-05-26 00:00:00,6105978,0,,,,5.3,,26,5,2023,21.3,,12.7,,27,,4.1,,ON,,,,,OTTAWA CDA RCS,30578,0,,,,,,"{""type"": ""Point"", ""coordinates"": [-75.71666666666667, 45.38333333333333]}"
6105978.2023.5.27,2023-05-27 00:00:00,6105978,0.1,,,,0,,27,5,2023,27.9,,18.1,,21,,8.4,,ON,,,,,OTTAWA CDA RCS,30578,0,,,,,,"{""type"": ""Point"", ""coordinates"": [-75.71666666666667, 45.38333333333333]}"
6105978.2023.5.28,2023-05-28 00:00:00,6105978,3.5,,,,0,,28,5,2023,29.5,,21.5,,23,,13.4,,ON,,,,,OTTAWA CDA RCS,30578,0,,,,,,"{""type"": ""Point"", ""coordinates"": [-75.71666666666667, 45.38333333333333]}"
6105978.2023.5.29,2023-05-29 00:00:00,6105978,0.3,,7,,0,,29,5,2023,23.9,,18.3,,22,,12.7,,ON,,,34,,OTTAWA CDA RCS,30578,0,,,,,,"{""type"": ""Point"", ""coordinates"": [-75.71666666666667, 45.38333333333333]}"
6105978.2023.5.30,2023-05-30 00:00:00,6105978,1.2,,,,0,,30,5,2023,27.3,,19.2,,33,,11.2,,ON,,,,,OTTAWA CDA RCS,30578,0,,,,,,"{""type"": ""Point"", ""coordinates"": [-75.71666666666667, 45.38333333333333]}"
6105978.2023.5.31,2023-05-31 00:00:00,6105978,3.5,,,,0,,31,5,2023,31.4,,21.5,,24,,11.6,,ON,,,,,OTTAWA CDA RCS,30578,0,,,,,,"{""type"": ""Point"", ""coordinates"": [-75.71666666666667, 45.38333333333333]}"
6105978.2023.6.1,2023-06-01 00:00:00,6105978,7,,,,0,,1,6,2023,33.6,,25,,27,,16.4,,ON,,,,,OTTAWA CDA RCS,30578,0,,,,,,"{""type"": ""Point"", ""coordinates"": [-75.71666666666667, 45.38333333333333]}"
6105978.2023.6.2,2023-06-02 00:00:00,6105978,5.4,,3,,0,,2,6,2023,31.1,,23.4,,33,,15.6,,ON,,,58,,OTTAWA CDA RCS,30578,0,,,,,,"{""type"": ""Point"", ""coordinates"": [-75.71666666666667, 45.38333333333333]}"
6105978.2023.6.3,2023-06-03 00:00:00,6105978,0,,8,,1.4,,3,6,2023,21.7,,16.6,,28,,11.5,,ON,,,41,,OTTAWA CDA RCS,30578,0,,,,,,"{""type"": ""Point"", ""coordinates"": [-75.71666666666667, 45.38333333333333]}"
6105978.2023.6.4,2023-06-04 00:00:00,6105978,0,,,,2.8,,4,6,2023,22.9,,15.2,,23,,7.5,,ON,,,,,OTTAWA CDA RCS,30578,0,,,,,,"{""type"": ""Point"", ""coordinates"": [-75.71666666666667, 45.38333333333333]}"
6105978.2023.6.5,2023-06-05 00:00:00,6105978,0,,31,,2,,5,6,2023,21.7,,16,,39,,10.3,,ON,,,36,,OTTAWA CDA RCS,30578,0,,,,,,"{""type"": ""Point"", ""coordinates"": [-75.71666666666667, 45.38333333333333]}"
6105978.2023.6.6,2023-06-06 00:00:00,6105978,0,,2,,1.4,,6,6,2023,20.9,,16.6,,42,,12.3,,ON,,,46,,OTTAWA CDA RCS,30578,5.3,,,,,,"{""type"": ""Point"", ""coordinates"": [-75.71666666666667, 45.38333333333333]}"
6105978.2023.6.7,2023-06-07 00:00:00,6105978,0,,34,,4.7,,7,6,2023,15.6,,13.3,,53,,11,,ON,,,34,,OTTAWA CDA RCS,30578,0,,,,,,"{""type"": ""Point"", ""coordinates"": [-75.71666666666667, 45.38333333333333]}"
6105978.2023.6.8,2023-06-08 00:00:00,6105978,0,,,,3.9,,8,6,2023,17.8,,14.1,,54,,10.5,,ON,,,,,OTTAWA CDA RCS,30578,0.4,,,,,,"{""type"": ""Point"", ""coordinates"": [-75.71666666666667, 45.38333333333333]}"
6105978.2023.6.9,2023-06-09 00:00:00,6105978,0,,,,3.5,,9,6,2023,19,,14.5,,55,,10,,ON,,,,,OTTAWA CDA RCS,30578,0.6,,,,,,"{""type"": ""Point"", ""coordinates"": [-75.71666666666667, 45.38333333333333]}"
6105978.2023.6.10,2023-06-10 00:00:00,6105978,0,,,,1.5,,10,6,2023,23.7,,16.5,,32,,9.2,,ON,,,,,OTTAWA CDA RCS,30578,0,,,,,,"{""type"": ""Point"", ""coordinates"": [-75.71666666666667, 45.38333333333333]}"
6105978.2023.6.11,2023-06-11 00:00:00,6105978,0,,,,0.7,,11,6,2023,23.2,,17.3,,45,,11.4,,ON,,,,,OTTAWA CDA RCS,30578,0,,,,,,"{""type"": ""Point"", ""coordinates"": [-75.71666666666667, 45.38333333333333]}"
6105978.2023.6.12,2023-06-12 00:00:00,6105978,3.8,,9,,0,,12,6,2023,27,,21.8,,50,,16.6,,ON,,,43,,OTTAWA CDA RCS,30578,0.6,,,,,,"{""type"": ""Point"", ""coordinates"": [-75.71666666666667, 45.38333333333333]}"
6105978.2023.6.13,2023-06-13 00:00:00,6105978,0,,,,1.3,,13,6,2023,21.7,,16.7,,52,,11.7,,ON,,,,,OTTAWA CDA RCS,30578,11.3,,,,,,"{""type"": ""Point"", ""coordinates"": [-75.71666666666667, 45.38333333333333]}"
6105978.2023.6.14,2023-06-14 00:00:00,6105978,0,,,,4.3,,14,6,2023,18.1,,13.7,,63,,9.3,,ON,,,,,OTTAWA CDA RCS,30578,1.7,,,,,,"{""type"": ""Point"", ""coordinates"": [-75.71666666666667, 45.38333333333333]}"
6105978.2023.6.15,2023-06-15 00:00:00,6105978,2.6,,25,,0,,15,6,2023,26.1,,20.6,,33,,15.1,,ON,,,35,,OTTAWA CDA RCS,30578,0,,,,,,"{""type"": ""Point"", ""coordinates"": [-75.71666666666667, 45.38333333333333]}"
6105978.2023.6.16,2023-06-16 00:00:00,6105978,2.3,,,,0,,16,6,2023,24.7,,20.3,,38,,16,,ON,,,,,OTTAWA CDA RCS,30578,0,,,,,,"{""type"": ""Point"", ""coordinates"": [-75.71666666666667, 45.38333333333333]}"
6105978.2023.6.17,2023-06-17 00:00:00,6105978,0,,,,1.2,,17,6,2023,19.9,,16.8,,65,,13.7,,ON,,,,,OTTAWA CDA RCS,30578,0,,,,,,"{""type"": ""Point"", ""coordinates"": [-75.71666666666667, 45.38333333333333]}"
6105978.2023.6.18,2023-06-18 00:00:00,6105978,1.1,,,,0,,18,6,2023,23.3,,19.1,,54,,14.9,,ON,,,,,OTTAWA CDA RCS,30578,0,,,,,,"{""type"": ""Point"", ""coordinates"": [-75.71666666666667, 45.38333333333333]}"
6105978.2023.6.19,2023-06-19 00:00:00,6105978,0.3,,,,0,,19,6,2023,22.6,,18.3,,54,,14.1,,ON,,,,,OTTAWA CDA RCS,30578,0.9,,,,,,"{""type"": ""Point"", ""coordinates"": [-75.71666666666667, 45.38333333333333]}"
6105978.2023.6.20,2023-06-20 00:00:00,6105978,1.7,,,,0,,20,6,2023,27.7,,19.7,,40,,11.8,,ON,,,,,OTTAWA CDA RCS,30578,0,,,,,,"{""type"": ""Point"", ""coordinates"": [-75.71666666666667, 45.38333333333333]}"
6105978.2023.6.21,2023-06-21 00:00:00,6105978,3.7,,6,,0,,21,6,2023,27.4,,21.7,,38,,15.9,,ON,,,32,,OTTAWA CDA RCS,30578,0,,,,,,"{""type"": ""Point"", ""coordinates"": [-75.71666666666667, 45.38333333333333]}"
6105978.2023.6.22,2023-06-22 00:00:00,6105978,4,,,,0,,22,6,2023,29.1,,22,,37,,14.9,,ON,,,,,OTTAWA CDA RCS,30578,0,,,,,,"{""type"": ""Point"", ""coordinates"": [-75.71666666666667, 45.38333333333333]}"
6105978.2023.6.23,2023-06-23 00:00:00,6105978,4.4,,,,0,,23,6,2023,30.3,,22.4,,36,,14.6,,ON,,,,,OTTAWA CDA RCS,30578,0,,,,,,"{""type"": ""Point"", ""coordinates"": [-75.71666666666667, 45.38333333333333]}"
6105978.2023.6.24,2023-06-24 00:00:00,6105978,5.6,,,,0,,24,6,2023,28,,23.6,,53,,19.2,,ON,,,,,OTTAWA CDA RCS,30578,20.6,,,,,,"{""type"": ""Point"", ""coordinates"": [-75.71666666666667, 45.38333333333333]}"
6105978.2023.6.25,2023-06-25 00:00:00,6105978,4,,,,0,,25,6,2023,26.2,,22,,55,,17.9,,ON,,,,,OTTAWA CDA RCS,30578,0,,,,,,"{""type"": ""Point"", ""coordinates"": [-75.71666666666667, 45.38333333333333]}"
6105978.2023.6.26,2023-06-26 00:00:00,6105978,5,,4,,0,,26,6,2023,27.5,,23,,67,,18.5,,ON,,,36,,OTTAWA CDA RCS,30578,55.6,,,,,,"{""type"": ""Point"", ""coordinates"": [-75.71666666666667, 45.38333333333333]}"
6105978.2023.6.27,2023-06-27 00:00:00,6105978,4.3,,17,,0,,27,6,2023,26.3,,22.3,,68,,18.3,,ON,,,36,,OTTAWA CDA RCS,30578,7.1,,,,,,"{""type"": ""Point"", ""coordinates"": [-75.71666666666667, 45.38333333333333]}"
6105978.2023.6.28,2023-06-28 00:00:00,6105978,0,,27,,0.2,,28,6,2023,20.3,,17.8,,80,,15.3,,ON,,,33,,OTTAWA CDA RCS,30578,1.7,,,,,,"{""type"": ""Point"", ""coordinates"": [-75.71666666666667, 45.38333333333333]}"
6105978.2023.6.29,2023-06-29 00:00:00,6105978,3.4,,,,0,,29,6,2023,26.2,,21.4,,49,,16.6,,ON,,,,,OTTAWA CDA RCS,30578,0,,,,,,"{""type"": ""Point"", ""coordinates"": [-75.71666666666667, 45.38333333333333]}"
6105978.2023.6.30,2023-06-30 00:00:00,6105978,1.9,,,,0,,30,6,2023,25.6,,19.9,,49,,14.2,,ON,,,,,OTTAWA CDA RCS,30578,0,,,,,,"{""type"": ""Point"", ""coordinates"": [-75.71666666666667, 45.38333333333333]}"
6105978.2023.7.1,2023-07-01 00:00:00,6105978,4.9,,25,,0,,1,7,2023,27.2,,22.9,,70,,18.6,,ON,,,40,,OTTAWA CDA RCS,30578,14.3,,,,,,"{""type"": ""Point"", ""coordinates"": [-75.71666666666667, 45.38333333333333]}"
6105978.2023.7.2,2023-07-02 00:00:00,6105978,4.7,,,,0,,2,7,2023,26.7,,22.7,,67,,18.8,,ON,,,,,OTTAWA CDA RCS,30578,0,,,,,,"{""type"": ""Point"", ""coordinates"": [-75.71666666666667, 45.38333333333333]}"
6105978.2023.7.3,2023-07-03 00:00:00,6105978,5.6,,,,0,,3,7,2023,28.5,,23.6,,60,,18.8,,ON,,,,,OTTAWA CDA RCS,30578,0,,,,,,"{""type"": ""Point"", ""coordinates"": [-75.71666666666667, 45.38333333333333]}"
6105978.2023.7.4,2023-07-04 00:00:00,6105978,6.3,,,,0,,4,7,2023,31,,24.3,,44,,17.7,,ON,,,,,OTTAWA CDA RCS,30578,0,,,,,,"{""type"": ""Point"", ""coordinates"": [-75.71666666666667, 45.38333333333333]}"
6105978.2023.7.5,2023-07-05 00:00:00,6105978,7.4,,,,0,,5,7,2023,32.4,,25.4,,43,,18.4,,ON,,,,,OTTAWA CDA RCS,30578,0,,,,,,"{""type"": ""Point"", ""coordinates"": [-75.71666666666667, 45.38333333333333]}"
6105978.2023.7.6,2023-07-06 00:00:00,6105978,8.6,,32,,0,,6,7,2023,32.6,,26.6,,40,,20.6,,ON,,,36,,OTTAWA CDA RCS,30578,3.1,,,,,,"{""type"": ""Point"", ""coordinates"": [-75.71666666666667, 45.38333333333333]}"
6105978.2023.7.7,2023-07-07 00:00:00,6105978,6.5,,,,0,,7,7,2023,28.6,,24.5,,54,,20.3,,ON,,,,,OTTAWA CDA RCS,30578,0,,,,,,"{""type"": ""Point"", ""coordinates"": [-75.71666666666667, 45.38333333333333]}"
6105978.2023.7.8,2023-07-08 00:00:00,6105978,5.5,,19,,0,,8,7,2023,27,,23.5,,41,,20,,ON,,,36,,OTTAWA CDA RCS,30578,0,,,,,,"{""type"": ""Point"", ""coordinates"": [-75.71666666666667, 45.38333333333333]}"
6105978.2023.7.9,2023-07-09 00:00:00,6105978,4.7,,,,0,,9,7,2023,27.1,,22.7,,50,,18.3,,ON,,,,,OTTAWA CDA RCS,30578,2,,,,,,"{""type"": ""Point"", ""coordinates"": [-75.71666666666667, 45.38333333333333]}"
6105978.2023.7.10,2023-07-10 00:00:00,6105978,4.9,,,,0,,10,7,2023,27.5,,22.9,,54,,18.4,,ON,,,,,OTTAWA CDA RCS,30578,0,,,,,,"{""type"": ""Point"", ""coordinates"": [-75.71666666666667, 45.38333333333333]}"
6105978.2023.7.11,2023-07-11 00:00:00,6105978,5.9,,31,,0,,11,7,2023,31,,23.9,,39,,16.7,,ON,,,47,,OTTAWA CDA RCS,30578,9.1,,,,,,"{""type"": ""Point"", ""coordinates"": [-75.71666666666667, 45.38333333333333]}"
6105978.2023.7.12,2023-07-12 00:00:00,6105978,2.6,,,,0,,12,7,2023,25.9,,20.6,,43,,15.4,,ON,,,,,OTTAWA CDA RCS,30578,0,,,,,,"{""type"": ""Point"", ""coordinates"": [-75.71666666666667, 45.38333333333333]}"
6105978.2023.7.13,2023-07-13 00:00:00,6105978,2.3,,25,,0,,13,7,2023,25.4,,20.3,,70,,15.2,,ON,,,48,,OTTAWA CDA RCS,30578,19.2,,,,,,"{""type"": ""Point"", ""coordinates"": [-75.71666666666667, 45.38333333333333]}"
6105978.2023.7.14,2023-07-14 00:00:00,6105978,1.6,,,,0,,14,7,2023,25.3,,19.6,,55,,13.9,,ON,,,,,OTTAWA CDA RCS,30578,0,,,,,,"{""type"": ""Point"", ""coordinates"": [-75.71666666666667, 45.38333333333333]}"
6105978.2023.7.15,2023-07-15 00:00:00,6105978,2.1,,,,0,,15,7,2023,26.2,,20.1,,57,,14.1,,ON,,,,,OTTAWA CDA RCS,30578,0,,,,,,"{""type"": ""Point"", ""coordinates"": [-75.71666666666667, 45.38333333333333]}"
6105978.2023.7.16,2023-07-16 00:00:00,6105978,5.1,,,,0,,16,7,2023,26.8,,23.1,,64,,19.5,,ON,,,,,OTTAWA CDA RCS,30578,21.3,,,,,,"{""type"": ""Point"", ""coordinates"": [-75.71666666666667, 45.38333333333333]}"
6105978.2023.7.17,2023-07-17 00:00:00,6105978,5.1,,19,,0,,17,7,2023,27.3,,23.1,,52,,19,,ON,,,43,,OTTAWA CDA RCS,30578,0,,,,,,"{""type"": ""Point"", ""coordinates"": [-75.71666666666667, 45.38333333333333]}"
6105978.2023.7.18,2023-07-18 00:00:00,6105978,3.6,,30,,0,,18,7,2023,27,,21.6,,44,,16.2,,ON,,,52,,OTTAWA CDA RCS,30578,17.1,,,,,,"{""type"": ""Point"", ""coordinates"": [-75.71666666666667, 45.38333333333333]}"
6105978.2023.7.19,2023-07-19 00:00:00,6105978,2.3,,,,0,,19,7,2023,25.7,,20.3,,45,,14.9,,ON,,,,,OTTAWA CDA RCS,30578,0,,,,,,"{""type"": ""Point"", ""coordinates"": [-75.71666666666667, 45.38333333333333]}"
6105978.2023.7.20,2023-07-20 00:00:00,6105978,3,,,,0,,20,7,2023,26.6,,21,,47,,15.5,,ON,,,,,OTTAWA CDA RCS,30578,2.5,,,,,,"{""type"": ""Point"", ""coordinates"": [-75.71666666666667, 45.38333333333333]}"
6105978.2023.7.21,2023-07-21 00:00:00,6105978,2.1,,33,,0,,21,7,2023,22.7,,20.1,,71,,17.4,,ON,,,37,,OTTAWA CDA RCS,30578,32.3,,,,,,"{""type"": ""Point"", ""coordinates"": [-75.71666666666667, 45.38333333333333]}"
6105978.2023.7.22,2023-07-22 00:00:00,6105978,1.5,,27,,0,,22,7,2023,25.3,,19.5,,44,,13.8,,ON,,,35,,OTTAWA CDA RCS,30578,0,,,,,,"{""type"": ""Point"", ""coordinates"": [-75.71666666666667, 45.38333333333333]}"
6105978.2023.7.23,2023-07-23 00:00:00,6105978,2.2,,,,0,,23,7,2023,28.4,,20.2,,42,,12.1,,ON,,,,,OTTAWA CDA RCS,30578,0,,,,,,"{""type"": ""Point"", ""coordinates"": [-75.71666666666667, 45.38333333333333]}"
6105978.2023.7.24,2023-07-24 00:00:00,6105978,4.8,,,,0,,24,7,2023,28.6,,22.8,,49,,17,,ON,,,,,OTTAWA CDA RCS,30578,1.7,,,,,,"{""type"": ""Point"", ""coordinates"": [-75.71666666666667, 45.38333333333333]}"
6105978.2023.7.25,2023-07-25 00:00:00,6105978,3.7,,,,0,,25,7,2023,27,,21.7,,45,,16.3,,ON,,,,,OTTAWA CDA RCS,30578,0,,,,,,"{""type"": ""Point"", ""coordinates"": [-75.71666666666667, 45.38333333333333]}"
6105978.2023.7.26,2023-07-26 00:00:00,6105978,4.8,,23,,0,,26,7,2023,28.4,,22.8,,65,,17.1,,ON,,,34,,OTTAWA CDA RCS,30578,3.1,,,,,,"{""type"": ""Point"", ""coordinates"": [-75.71666666666667, 45.38333333333333]}"
6105978.2023.7.27,2023-07-27 00:00:00,6105978,5.3,,12,,0,,27,7,2023,27.9,,23.3,,59,,18.6,,ON,,,37,,OTTAWA CDA RCS,30578,4.9,,,,,,"{""type"": ""Point"", ""coordinates"": [-75.71666666666667, 45.38333333333333]}"
6105978.2023.7.28,2023-07-28 00:00:00,6105978,5.1,,31,,0,,28,7,2023,27.4,,23.1,,71,,18.8,,ON,,,57,,OTTAWA CDA RCS,30578,30.1,,,,,,"{""type"": ""Point"", ""coordinates"": [-75.71666666666667, 45.38333333333333]}"
6105978.2023.7.29,2023-07-29 00:00:00,6105978,0,,33,,2.8,,29,7,2023,19.3,,15.2,,60,,11.1,,ON,,,31,,OTTAWA CDA RCS,30578,0,,,,,,"{""type"": ""Point"", ""coordinates"": [-75.71666666666667, 45.38333333333333]}"
6105978.2023.7.30,2023-07-30 00:00:00,6105978,0,,30,,0.6,,30,7,2023,24.5,,17.4,,41,,10.2,,ON,,,54,,OTTAWA CDA RCS,30578,2.3,,,,,,"{""type"": ""Point"", ""coordinates"": [-75.71666666666667, 45.38333333333333]}"
6105978.2023.7.31,2023-07-31 00:00:00,6105978,0,,31,,2,,31,7,2023,21.3,,16,,47,,10.8,,ON,,,38,,OTTAWA CDA RCS,30578,0,,,,,,"{""type"": ""Point"", ""coordinates"": [-75.71666666666667, 45.38333333333333]}"
6105978.2023.8.1,2023-08-01 00:00:00,6105978,0,,,,2.7,,1,8,2023,21.8,,15.3,,45,,8.7,,ON,,,,,OTTAWA CDA RCS,30578,0,,,,,,"{""type"": ""Point"", ""coordinates"": [-75.71666666666667, 45.38333333333333]}"
6105978.2023.8.2,2023-08-02 00:00:00,6105978,0,,,,1.1,,2,8,2023,24.9,,16.9,,41,,8.9,,ON,,,,,OTTAWA CDA RCS,30578,0,,,,,,"{""type"": ""Point"", ""coordinates"": [-75.71666666666667, 45.38333333333333]}"
6105978.2023.8.3,2023-08-03 00:00:00,6105978,2.8,,21,,0,,3,8,2023,26.2,,20.8,,69,,15.4,,ON,,,37,,OTTAWA CDA RCS,30578,20.6,,,,,,"{""type"": ""Point"", ""coordinates"": [-75.71666666666667, 45.38333333333333]}"
6105978.2023.8.4,2023-08-04 00:00:00,6105978,2.8,,33,,0,,4,8,2023,25.4,,20.8,,51,,16.1,,ON,,,42,,OTTAWA CDA RCS,30578,3.1,,,,,,"{""type"": ""Point"", ""coordinates"": [-75.71666666666667, 45.38333333333333]}"
6105978.2023.8.5,2023-08-05 00:00:00,6105978,0.8,,,,0,,5,8,2023,24.8,,18.8,,43,,12.8,,ON,,,,,OTTAWA CDA RCS,30578,0,,,,,,"{""type"": ""Point"", ""coordinates"": [-75.71666666666667, 45.38333333333333]}"
6105978.2023.8.6,2023-08-06 00:00:00,6105978,1.8,,,,0,,6,8,2023,26.3,,19.8,,37,,13.3,,ON,,,,,OTTAWA CDA RCS,30578,0,,,,,,"{""type"": ""Point"", ""coordinates"": [-75.71666666666667, 45.38333333333333]}"
6105978.2023.8.7,2023-08-07 00:00:00,6105978,0.2,,5,,0,,7,8,2023,19.9,,18.2,,74,,16.5,,ON,,,37,,OTTAWA CDA RCS,30578,24.8,,,,,,"{""type"": ""Point"", ""coordinates"": [-75.71666666666667, 45.38333333333333]}"
6105978.2023.8.8,2023-08-08 00:00:00,6105978,1.5,,35,,0,,8,8,2023,22.3,,19.5,,79,,16.7,,ON,,,31,,OTTAWA CDA RCS,30578,0,,,,,,"{""type"": ""Point"", ""coordinates"": [-75.71666666666667, 45.38333333333333]}"
6105978.2023.8.9,2023-08-09 00:00:00,6105978,3.8,,,,0,,9,8,2023,27.5,,21.8,,51,,16.2,,ON,,,,,OTTAWA CDA RCS,30578,0,,,,,,"{""type"": ""Point"", ""coordinates"": [-75.71666666666667, 45.38333333333333]}"
6105978.2023.8.10,2023-08-10 00:00:00,6105978,1.1,,16,,0,,10,8,2023,22.9,,19.1,,78,,15.3,,ON,,,61,,OTTAWA CDA RCS,30578,77.9,,,,,,"{""type"": ""Point"", ""coordinates"": [-75.71666666666667, 45.38333333333333]}"
6105978.2023.8.11,2023-08-11 00:00:00,6105978,0.1,,27,,0,,11,8,2023,22.6,,18.1,,52,,13.6,,ON,,,37,,OTTAWA CDA RCS,30578,0,,,,,,"{""type"": ""Point"", ""coordinates"": [-75.71666666666667, 45.38333333333333]}"
6105978.2023.8.12,2023-08-12 00:00:00,6105978,0.2,,,,0,,12,8,2023,22.9,,18.2,,66,,13.6,,ON,,,,,OTTAWA CDA RCS,30578,10.6,,,,,,"{""type"": ""Point"", ""coordinates"": [-75.71666666666667, 45.38333333333333]}"
6105978.2023.8.13,2023-08-13 00:00:00,6105978,2.1,,26,,0,,13,8,2023,23.7,,20.1,,65,,16.6,,ON,,,35,,OTTAWA CDA RCS,30578,0.2,,,,,,"{""type"": ""Point"", ""coordinates"": [-75.71666666666667, 45.38333333333333]}"
6105978.2023.8.14,2023-08-14 00:00:00,6105978,0.9,,,,0,,14,8,2023,22.8,,18.9,,61,,15,,ON,,,,,OTTAWA CDA RCS,30578,0,,,,,,"{""type"": ""Point"", ""coordinates"": [-75.71666666666667, 45.38333333333333]}"
6105978.2023.8.15,2023-08-15 00:00:00,6105978,0.7,,,,0,,15,8,2023,23.7,,18.7,,59,,13.7,,ON,,,,,OTTAWA CDA RCS,30578,0,,,,,,"{""type"": ""Point"", ""coordinates"": [-75.71666666666667, 45.38333333333333]}"
6105978.2023.8.16,2023-08-16 00:00:00,6105978,3.9,,,,0,,16,8,2023,28,,21.9,,40,,15.7,,ON,,,,,OTTAWA CDA RCS,30578,0,,,,,,"{""type"": ""Point"", ""coordinates"": [-75.71666666666667, 45.38333333333333]}"
6105978.2023.8.17,2023-08-17 00:00:00,6105978,3.2,,17,,0,,17,8,2023,26.9,,21.2,,61,,15.4,,ON,,,34,,OTTAWA CDA RCS,30578,7,,,,,,"{""type"": ""Point"", ""coordinates"": [-75.71666666666667, 45.38333333333333]}"
6105978.2023.8.18,2023-08-18 00:00:00,6105978,0.2,,25,,0,,18,8,2023,22.6,,18.2,,56,,13.9,,ON,,,47,,OTTAWA CDA RCS,30578,3,,,,,,"{""type"": ""Point"", ""coordinates"": [-75.71666666666667, 45.38333333333333]}"
6105978.2023.8.19,2023-08-19 00:00:00,6105978,0.3,,29,,0,,19,8,2023,23.3,,18.3,,45,,13.4,,ON,,,36,,OTTAWA CDA RCS,30578,0,,,,,,"{""type"": ""Point"", ""coordinates"": [-75.71666666666667, 45.38333333333333]}"
6105978.2023.8.20,2023-08-20 00:00:00,6105978,2.7,,,,0,,20,8,2023,27,,20.7,,54,,14.4,,ON,,,,,OTTAWA CDA RCS,30578,0,,,,,,"{""type"": ""Point"", ""coordinates"": [-75.71666666666667, 45.38333333333333]}"
6105978.2023.8.21,2023-08-21 00:00:00,6105978,0,,35,,1.2,,21,8,2023,22,,16.8,,42,,11.7,,ON,,,40,,OTTAWA CDA RCS,30578,0,,,,,,"{""type"": ""Point"", ""coordinates"": [-75.71666666666667, 45.38333333333333]}"
6105978.2023.8.22,2023-08-22 00:00:00,6105978,0,,,,0.5,,22,8,2023,24.3,,17.5,,43,,10.8,,ON,,,,,OTTAWA CDA RCS,30578,0,,,,,,"{""type"": ""Point"", ""coordinates"": [-75.71666666666667, 45.38333333333333]}"
6105978.2023.8.23,2023-08-23 00:00:00,6105978,1,,26,,0,,23,8,2023,26.2,,19,,39,,11.8,,ON,,,38,,OTTAWA CDA RCS,30578,0,,,,,,"{""type"": ""Point"", ""coordinates"": [-75.71666666666667, 45.38333333333333]}"
6105978.2023.8.24,2023-08-24 00:00:00,6105978,1,,18,,0,,24,8,2023,24.1,,19,,54,,14,,ON,,,36,,OTTAWA CDA RCS,30578,3.8,,,,,,"{""type"": ""Point"", ""coordinates"": [-75.71666666666667, 45.38333333333333]}"
6105978.2023.8.25,2023-08-25 00:00:00,6105978,1.7,,,,0,,25,8,2023,23.3,,19.7,,71,,16.1,,ON,,,,,OTTAWA CDA RCS,30578,0.2,,,,,,"{""type"": ""Point"", ""coordinates"": [-75.71666666666667, 45.38333333333333]}"
6105978.2023.8.26,2023-08-26 00:00:00,6105978,0,,35,,1.4,,26,8,2023,19.4,,16.6,,68,,13.7,,ON,,,38,,OTTAWA CDA RCS,30578,0,,,,,,"{""type"": ""Point"", ""coordinates"": [-75.71666666666667, 45.38333333333333]}"
6105978.2023.8.27,2023-08-27 00:00:00,6105978,0,,,,0.4,,27,8,2023,23.8,,17.6,,47,,11.5,,ON,,,,,OTTAWA CDA RCS,30578,0,,,,,,"{""type"": ""Point"", ""coordinates"": [-75.71666666666667, 45.38333333333333]}"
6105978.2023.8.28,2023-08-28 00:00:00,6105978,0,,,,0.8,,28,8,2023,24.4,,17.2,,46,,9.9,,ON,,,,,OTTAWA CDA RCS,30578,0,,,,,,"{""type"": ""Point"", ""coordinates"": [-75.71666666666667, 45.38333333333333]}"
6105978.2023.8.29,2023-08-29 00:00:00,6105978,0,,,,0.2,,29,8,2023,25.8,,17.8,,43,,9.7,,ON,,,,,OTTAWA CDA RCS,30578,0,,,,,,"{""type"": ""Point"", ""coordinates"": [-75.71666666666667, 45.38333333333333]}"
6105978.2023.8.30,2023-08-30 00:00:00,6105978,0,,32,,2.4,,30,8,2023,20.5,,15.6,,69,,10.8,,ON,,,44,,OTTAWA CDA RCS,30578,5.9,,,,,,"{""type"": ""Point"", ""coordinates"": [-75.71666666666667, 45.38333333333333]}"
6105978.2023.8.31,2023-08-31 00:00:00,6105978,0,,,,3.3,,31,8,2023,21.5,,14.7,,48,,7.9,,ON,,,,,OTTAWA CDA RCS,30578,0,,,,,,"{""type"": ""Point"", ""coordinates"": [-75.71666666666667, 45.38333333333333]}"
6105978.2023.9.1,2023-09-01 00:00:00,6105978,0,,,,2,,1,9,2023,23.8,,16,,49,,8.2,,ON,,,,,OTTAWA CDA RCS,30578,0,,,,,,"{""type"": ""Point"", ""coordinates"": [-75.71666666666667, 45.38333333333333]}"
6105978.2023.9.2,2023-09-02 00:00:00,6105978,0.4,,21,,0,,2,9,2023,24.4,,18.4,,62,,12.3,,ON,,,45,,OTTAWA CDA RCS,30578,0,,,,,,"{""type"": ""Point"", ""coordinates"": [-75.71666666666667, 45.38333333333333]}"
6105978.2023.9.3,2023-09-03 00:00:00,6105978,4.2,,22,,0,,3,9,2023,28.8,,22.2,,56,,15.6,,ON,,,31,,OTTAWA CDA RCS,30578,0,,,,,,"{""type"": ""Point"", ""coordinates"": [-75.71666666666667, 45.38333333333333]}"
6105978.2023.9.4,2023-09-04 00:00:00,6105978,6,,,,0,,4,9,2023,30,,24,,59,,18,,ON,,,,,OTTAWA CDA RCS,30578,0,,,,,,"{""type"": ""Point"", ""coordinates"": [-75.71666666666667, 45.38333333333333]}"
6105978.2023.9.5,2023-09-05 00:00:00,6105978,,M,,M,,M,5,9,2023,,M,,M,,M,,M,ON,,,,M,OTTAWA CDA RCS,30578,,M,,,,,"{""type"": ""Point"", ""coordinates"": [-75.71666666666667, 45.38333333333333]}"
6105978.2023.9.6,2023-09-06 00:00:00,6105978,7.3,,,,0,,6,9,2023,31.7,,25.3,,55,,18.8,,ON,,,,,OTTAWA CDA RCS,30578,0,,,,,,"{""type"": ""Point"", ""coordinates"": [-75.71666666666667, 45.38333333333333]}"
6105978.2023.9.7,2023-09-07 00:00:00,6105978,7,,,,0,,7,9,2023,29.5,,25,,54,,20.5,,ON,,,,,OTTAWA CDA RCS,30578,0,,,,,,"{""type"": ""Point"", ""coordinates"": [-75.71666666666667, 45.38333333333333]}"
6105978.2023.9.8,2023-09-08 00:00:00,6105978,0,,,,1,,8,9,2023,20.6,,17,,67,,13.4,,ON,,,,,OTTAWA CDA RCS,30578,0,,,,,,"{""type"": ""Point"", ""coordinates"": [-75.71666666666667, 45.38333333333333]}"
6105978.2023.9.9,2023-09-09 00:00:00,6105978,0,,,,1.3,,9,9,2023,22.8,,16.7,,49,,10.6,,ON,,,,,OTTAWA CDA RCS,30578,0,,,,,,"{""type"": ""Point"", ""coordinates"": [-75.71666666666667, 45.38333333333333]}"
6105978.2023.9.10,2023-09-10 00:00:00,6105978,0,,,,1,,10,9,2023,21.8,,17,,63,,12.1,,ON,,,,,OTTAWA CDA RCS,30578,0,,,,,,"{""type"": ""Point"", ""coordinates"": [-75.71666666666667, 45.38333333333333]}"
6105978.2023.9.11,2023-09-11 00:00:00,6105978,0,,,,0.4,,11,9,2023,24.5,,17.6,,47,,10.8,,ON,,,,,OTTAWA CDA RCS,30578,0,,,,,,"{""type"": ""Point"", ""coordinates"": [-75.71666666666667, 45.38333333333333]}"
6105978.2023.9.12,2023-09-12 00:00:00,6105978,0,,,,2,,12,9,2023,20,,16,,76,,11.9,,ON,,,,,OTTAWA CDA RCS,30578,5,,,,,,"{""type"": ""Point"", ""coordinates"": [-75.71666666666667, 45.38333333333333]}"
6105978.2023.9.13,2023-09-13 00:00:00,6105978,0,,22,,1.6,,13,9,2023,20.8,,16.4,,54,,12,,ON,,,34,,OTTAWA CDA RCS,30578,0.1,,,,,,"{""type"": ""Point"", ""coordinates"": [-75.71666666666667, 45.38333333333333]}"
6105978.2023.9.14,2023-09-14 00:00:00,6105978,0,,27,,6.6,,14,9,2023,16.1,,11.4,,64,,6.6,,ON,,,32,,OTTAWA CDA RCS,30578,0,,,,,,"{""type"": ""Point"", ""coordinates"": [-75.71666666666667, 45.38333333333333]}"
6105978.2023.9.15,2023-09-15 00:00:00,6105978,0,,,,5.1,,15,9,2023,21.1,,12.9,,38,,4.8,,ON,,,,,OTTAWA CDA RCS,30578,0,,,,,,"{""type"": ""Point"", ""coordinates"": [-75.71666666666667, 45.38333333333333]}"
6105978.2023.9.16,2023-09-16 00:00:00,6105978,0,,33,,3.3,,16,9,2023,22.5,,14.7,,44,,6.9,,ON,,,35,,OTTAWA CDA RCS,30578,0,,,,,,"{""type"": ""Point"", ""coordinates"": [-75.71666666666667, 45.38333333333333]}"
6105978.2023.9.17,2023-09-17 00:00:00,6105978,0.1,,,,0,,17,9,2023,23.7,,18.1,,51,,12.5,,ON,,,,,OTTAWA CDA RCS,30578,0,,,,,,"{""type"": ""Point"", ""coordinates"": [-75.71666666666667, 45.38333333333333]}"
6105978.2023.9.18,2023-09-18 00:00:00,6105978,0,,26,,0.6,,18,9,2023,21.2,,17.4,,64,,13.6,,ON,,,32,,OTTAWA CDA RCS,30578,37.9,,,,,,"{""type"": ""Point"", ""coordinates"": [-75.71666666666667, 45.38333333333333]}"
6105978.2023.9.19,2023-09-19 00:00:00,6105978,0,,32,,3.2,,19,9,2023,19.2,,14.8,,57,,10.4,,ON,,,34,,OTTAWA CDA RCS,30578,8.4,,,,,,"{""type"": ""Point"", ""coordinates"": [-75.71666666666667, 45.38333333333333]}"
6105978.2023.9.20,2023-09-20 00:00:00,6105978,0,,,,5.3,,20,9,2023,18.5,,12.7,,47,,6.9,,ON,,,,,OTTAWA CDA RCS,30578,0,,,,,,"{""type"": ""Point"", ""coordinates"": [-75.71666666666667, 45.38333333333333]}"
6105978.2023.9.21,2023-09-21 00:00:00,6105978,0,,,,4.5,,21,9,2023,21.5,,13.5,,38,,5.4,,ON,,,,,OTTAWA CDA RCS,30578,0,,,,,,"{""type"": ""Point"", ""coordinates"": [-75.71666666666667, 45.38333333333333]}"
6105978.2023.9.22,2023-09-22 00:00:00,6105978,0,,,,3.6,,22,9,2023,23.2,,14.4,,43,,5.6,,ON,,,,,OTTAWA CDA RCS,30578,0,,,,,,"{""type"": ""Point"", ""coordinates"": [-75.71666666666667, 45.38333333333333]}"
6105978.2023.9.23,2023-09-23 00:00:00,6105978,0,,,,3.4,,23,9,2023,22.1,,14.6,,49,,7.1,,ON,,,,,OTTAWA CDA RCS,30578,0,,,,,,"{""type"": ""Point"", ""coordinates"": [-75.71666666666667, 45.38333333333333]}"
6105978.2023.9.24,2023-09-24 00:00:00,6105978,0,,,,1.6,,24,9,2023,24.5,,16.4,,52,,8.3,,ON,,,,,OTTAWA CDA RCS,30578,0,,,,,,"{""type"": ""Point"", ""coordinates"": [-75.71666666666667, 45.38333333333333]}"
6105978.2023.9.25,2023-09-25 00:00:00,6105978,0,,8,,1.7,,25,9,2023,21.2,,16.3,,42,,11.4,,ON,,,40,,OTTAWA CDA RCS,30578,0,,,,,,"{""type"": ""Point"", ""coordinates"": [-75.71666666666667, 45.38333333333333]}"
6105978.2023.9.26,2023-09-26 00:00:00,6105978,0,,,,4.7,,26,9,2023,19.1,,13.3,,46,,7.5,,ON,,,,,OTTAWA CDA RCS,30578,0,,,,,,"{""type"": ""Point"", ""coordinates"": [-75.71666666666667, 45.38333333333333]}"
6105978.2023.9.27,2023-09-27 00:00:00,6105978,0,,,,6,,27,9,2023,19.5,,12,,37,,4.5,,ON,,,,,OTTAWA CDA RCS,30578,0,,,,,,"{""type"": ""Point"", ""coordinates"": [-75.71666666666667, 45.38333333333333]}"
6105978.2023.9.28,2023-09-28 00:00:00,6105978,0,,,,4.9,,28,9,2023,21.6,,13.1,,50,,4.5,,ON,,,,,OTTAWA CDA RCS,30578,0,,,,,,"{""type"": ""Point"", ""coordinates"": [-75.71666666666667, 45.38333333333333]}"
6105978.2023.9.29,2023-09-29 00:00:00,6105978,0,,,,2.8,,29,9,2023,21,,15.2,,58,,9.4,,ON,,,,,OTTAWA CDA RCS,30578,0,,,,,,"{""type"": ""Point"", ""coordinates"": [-75.71666666666667, 45.38333333333333]}"
6105978.2023.9.30,2023-09-30 00:00:00,6105978,0,,,,1,,30,9,2023,23.9,,17,,52,,10,,ON,,,,,OTTAWA CDA RCS,30578,0,,,,,,"{""type"": ""Point"", ""coordinates"": [-75.71666666666667, 45.38333333333333]}"
6105978.2023.10.1,2023-10-01 00:00:00,6105978,0.3,,,,0,,1,10,2023,25.1,,18.3,,55,,11.5,,ON,,,,,OTTAWA CDA RCS,30578,0,,,,,,"{""type"": ""Point"", ""coordinates"": [-75.71666666666667, 45.38333333333333]}"
6105978.2023.10.2,2023-10-02 00:00:00,6105978,0,,,,1.5,,2,10,2023,24.6,,16.5,,45,,8.3,,ON,,,,,OTTAWA CDA RCS,30578,0,,,,,,"{""type"": ""Point"", ""coordinates"": [-75.71666666666667, 45.38333333333333]}"
6105978.2023.10.3,2023-10-03 00:00:00,6105978,4.5,,,,0,,3,10,2023,30.3,,22.5,,38,,14.8,,ON,,,,,OTTAWA CDA RCS,30578,0,,,,,,"{""type"": ""Point"", ""coordinates"": [-75.71666666666667, 45.38333333333333]}"
6105978.2023.10.4,2023-10-04 00:00:00,6105978,3,,,,0,,4,10,2023,29.5,,21,,45,,12.4,,ON,,,,,OTTAWA CDA RCS,30578,0,,,,,,"{""type"": ""Point"", ""coordinates"": [-75.71666666666667, 45.38333333333333]}"
6105978.2023.10.5,2023-10-05 00:00:00,6105978,3.6,,19,,0,,5,10,2023,26.6,,21.6,,50,,16.6,,ON,,,39,,OTTAWA CDA RCS,30578,0,,,,,,"{""type"": ""Point"", ""coordinates"": [-75.71666666666667, 45.38333333333333]}"
6105978.2023.10.6,2023-10-06 00:00:00,6105978,0.7,,19,,0,,6,10,2023,21.5,,18.7,,67,,16,,ON,,,37,,OTTAWA CDA RCS,30578,9.9,,,,,,"{""type"": ""Point"", ""coordinates"": [-75.71666666666667, 45.38333333333333]}"
6105978.2023.10.7,2023-10-07 00:00:00,6105978,0,,23,,4.6,,7,10,2023,17.1,,13.4,,74,,9.7,,ON,,,39,,OTTAWA CDA RCS,30578,28.4,,,,,,"{""type"": ""Point"", ""coordinates"": [-75.71666666666667, 45.38333333333333]}"
6105978.2023.10.8,2023-10-08 00:00:00,6105978,0,,24,,8.9,,8,10,2023,13.2,,9.1,,61,,4.9,,ON,,,43,,OTTAWA CDA RCS,30578,1.5,,,,,,"{""type"": ""Point"", ""coordinates"": [-75.71666666666667, 45.38333333333333]}"
6105978.2023.10.9,2023-10-09 00:00:00,6105978,0,,21,,10.2,,9,10,2023,10.3,,7.8,,80,,5.4,,ON,,,35,,OTTAWA CDA RCS,30578,6.2,,,,,,"{""type"": ""Point"", ""coordinates"": [-75.71666666666667, 45.38333333333333]}"
6105978.2023.10.10,2023-10-10 00:00:00,6105978,0,,,,8.4,,10,10,2023,12.4,,9.6,,67,,6.8,,ON,,,,,OTTAWA CDA RCS,30578,0.8,,,,,,"{""type"": ""Point"", ""coordinates"": [-75.71666666666667, 45.38333333333333]}"
6105978.2023.10.11,2023-10-11 00:00:00,6105978,0,,,,7.5,,11,10,2023,13.9,,10.5,,59,,7.1,,ON,,,,,OTTAWA CDA RCS,30578,2.9,,,,,,"{""type"": ""Point"", ""coordinates"": [-75.71666666666667, 45.38333333333333]}"
6105978.2023.10.12,2023-10-12 00:00:00,6105978,0,,28,,8.5,,12,10,2023,12.1,,9.5,,59,,7,,ON,,,33,,OTTAWA CDA RCS,30578,0.1,,,,,,"{""type"": ""Point"", ""coordinates"": [-75.71666666666667, 45.38333333333333]}"
6105978.2023.10.13,2023-10-13 00:00:00,6105978,0,,,,7.4,,13,10,2023,15.5,,10.6,,56,,5.7,,ON,,,,,OTTAWA CDA RCS,30578,0,,,,,,"{""type"": ""Point"", ""coordinates"": [-75.71666666666667, 45.38333333333333]}"
6105978.2023.10.14,2023-10-14 00:00:00,6105978,0,,,,7.3,,14,10,2023,14.2,,10.7,,55,,7.2,,ON,,,,,OTTAWA CDA RCS,30578,0,,,,,,"{""type"": ""Point"", ""coordinates"": [-75.71666666666667, 45.38333333333333]}"
6105978.2023.10.15,2023-10-15 00:00:00,6105978,0,,35,,9.1,,15,10,2023,11.6,,8.9,,71,,6.2,,ON,,,32,,OTTAWA CDA RCS,30578,0.4,,,,,,"{""type"": ""Point"", ""coordinates"": [-75.71666666666667, 45.38333333333333]}"
6105978.2023.10.16,2023-10-16 00:00:00,6105978,0,,35,,8.6,,16,10,2023,14.7,,9.4,,65,,4.1,,ON,,,35,,OTTAWA CDA RCS,30578,0,,,,,,"{""type"": ""Point"", ""coordinates"": [-75.71666666666667, 45.38333333333333]}"
6105978.2023.10.17,2023-10-17 00:00:00,6105978,0,,,,9.4,,17,10,2023,14.6,,8.6,,53,,2.7,,ON,,,,,OTTAWA CDA RCS,30578,0,,,,,,"{""type"": ""Point"", ""coordinates"": [-75.71666666666667, 45.38333333333333]}"
6105978.2023.10.18,2023-10-18 00:00:00,6105978,0,,,,8.9,,18,10,2023,14.7,,9.1,,58,,3.5,,ON,,,,,OTTAWA CDA RCS,30578,0,,,,,,"{""type"": ""Point"", ""coordinates"": [-75.71666666666667, 45.38333333333333]}"
6105978.2023.10.19,2023-10-19 00:00:00,6105978,0,,,,4.7,,19,10,2023,16.9,,13.3,,45,,9.8,,ON,,,,,OTTAWA CDA RCS,30578,0,,,,,,"{""type"": ""Point"", ""coordinates"": [-75.71666666666667, 45.38333333333333]}"
6105978.2023.10.20,2023-10-20 00:00:00,6105978,0,,17,,3.7,,20,10,2023,18.6,,14.3,,58,,10,,ON,,,33,,OTTAWA CDA RCS,30578,5.8,,,,,,"{""type"": ""Point"", ""coordinates"": [-75.71666666666667, 45.38333333333333]}"
6105978.2023.10.21,2023-10-21 00:00:00,6105978,0,,31,,7.9,,21,10,2023,13.5,,10.1,,79,,6.7,,ON,,,40,,OTTAWA CDA RCS,30578,7.3,,,,,,"{""type"": ""Point"", ""coordinates"": [-75.71666666666667, 45.38333333333333]}"
6105978.2023.10.22,2023-10-22 00:00:00,6105978,0,,32,,12.4,,22,10,2023,6.7,,5.6,,80,,4.5,,ON,,,40,,OTTAWA CDA RCS,30578,9.2,,,,,,"{""type"": ""Point"", ""coordinates"": [-75.71666666666667, 45.38333333333333]}"
6105978.2023.10.23,2023-10-23 00:00:00,6105978,0,,,,12,,23,10,2023,10.5,,6,,56,,1.5,,ON,,,,,OTTAWA CDA RCS,30578,0,,,,,,"{""type"": ""Point"", ""coordinates"": [-75.71666666666667, 45.38333333333333]}"
6105978.2023.10.24,2023-10-24 00:00:00,6105978,0,,,,9.6,,24,10,2023,12.1,,8.4,,66,,4.7,,ON,,,,,OTTAWA CDA RCS,30578,1.7,,,,,,"{""type"": ""Point"", ""coordinates"": [-75.71666666666667, 45.38333333333333]}"
6105978.2023.10.25,2023-10-25 00:00:00,6105978,0,,,,4.5,,25,10,2023,18,,13.5,,74,,8.9,,ON,,,,,OTTAWA CDA RCS,30578,2.9,,,,,,"{""type"": ""Point"", ""coordinates"": [-75.71666666666667, 45.38333333333333]}"
6105978.2023.10.26,2023-10-26 00:00:00,6105978,0,,,,1.9,,26,10,2023,17.1,,16.1,,73,,15.1,,ON,,,,,OTTAWA CDA RCS,30578,7.6,,,,,,"{""type"": ""Point"", ""coordinates"": [-75.71666666666667, 45.38333333333333]}"
6105978.2023.10.27,2023-10-27 00:00:00,6105978,0,,,,0.5,,27,10,2023,20.2,,17.5,,79,,14.8,,ON,,,,,OTTAWA CDA RCS,30578,1.6,,,,,,"{""type"": ""Point"", ""coordinates"": [-75.71666666666667, 45.38333333333333]}"
6105978.2023.10.28,2023-10-28 00:00:00,6105978,0,,31,,6.5,,28,10,2023,18.7,,11.5,,55,,4.3,,ON,,,48,,OTTAWA CDA RCS,30578,0,,,,,,"{""type"": ""Point"", ""coordinates"": [-75.71666666666667, 45.38333333333333]}"
6105978.2023.10.29,2023-10-29 00:00:00,6105978,0,,,,14,,29,10,2023,5.2,,4,,60,,2.8,,ON,,,,,OTTAWA CDA RCS,30578,0.1,,,,,,"{""type"": ""Point"", ""coordinates"": [-75.71666666666667, 45.38333333333333]}"
6105978.2023.10.30,2023-10-30 00:00:00,6105978,0,,,,15.9,,30,10,2023,4.5,,2.1,,73,,-0.3,,ON,,,,,OTTAWA CDA RCS,30578,7.4,,,,,,"{""type"": ""Point"", ""coordinates"": [-75.71666666666667, 45.38333333333333]}"
6105978.2023.10.31,2023-10-31 00:00:00,6105978,0,,10,,17.6,,31,10,2023,3.7,,0.4,,32,,-2.9,,ON,,,35,,OTTAWA CDA RCS,30578,0,,,,,,"{""type"": ""Point"", ""coordinates"": [-75.71666666666667, 45.38333333333333]}"
6105978.2023.11.1,2023-11-01 00:00:00,6105978,0,,,,17.9,,1,11,2023,1.7,,0.1,,54,,-1.5,,ON,,,,,OTTAWA CDA RCS,30578,0,,,,,,"{""type"": ""Point"", ""coordinates"": [-75.71666666666667, 45.38333333333333]}"
6105978.2023.11.2,2023-11-02 00:00:00,6105978,0,,23,,15.4,,2,11,2023,7.8,,2.6,,42,,-2.7,,ON,,,35,,OTTAWA CDA RCS,30578,0.1,,,,,,"{""type"": ""Point"", ""coordinates"": [-75.71666666666667, 45.38333333333333]}"
6105978.2023.11.3,2023-11-03 00:00:00,6105978,0,,24,,9.3,,3,11,2023,12.8,,8.7,,43,,4.5,,ON,,,55,,OTTAWA CDA RCS,30578,0.3,,,,,,"{""type"": ""Point"", ""coordinates"": [-75.71666666666667, 45.38333333333333]}"
6105978.2023.11.4,2023-11-04 00:00:00,6105978,0,,,,12.7,,4,11,2023,9.4,,5.3,,49,,1.2,,ON,,,,,OTTAWA CDA RCS,30578,0,,,,,,"{""type"": ""Point"", ""coordinates"": [-75.71666666666667, 45.38333333333333]}"
6105978.2023.11.5,2023-11-05 00:00:00,6105978,0,,,,15.2,,5,11,2023,7.8,,2.8,,54,,-2.2,,ON,,,,,OTTAWA CDA RCS,30578,0,,,,,,"{""type"": ""Point"", ""coordinates"": [-75.71666666666667, 45.38333333333333]}"
6105978.2023.11.6,2023-11-06 00:00:00,6105978,0,,12,,15.4,,6,11,2023,8.3,,2.6,,70,,-3.1,,ON,,,32,,OTTAWA CDA RCS,30578,1.5,,,,,,"{""type"": ""Point"", ""coordinates"": [-75.71666666666667, 45.38333333333333]}"
6105978.2023.11.7,2023-11-07 00:00:00,6105978,0,,30,,13,,7,11,2023,11,,5,,56,,-1.1,,ON,,,47,,OTTAWA CDA RCS,30578,6.9,,,,,,"{""type"": ""Point"", ""coordinates"": [-75.71666666666667, 45.38333333333333]}"
6105978.2023.11.8,2023-11-08 00:00:00,6105978,0,,32,,17.6,,8,11,2023,2.9,,0.4,,51,,-2.1,,ON,,,34,,OTTAWA CDA RCS,30578,0,,,,,,"{""type"": ""Point"", ""coordinates"": [-75.71666666666667, 45.38333333333333]}"
6105978.2023.11.9,2023-11-09 00:00:00,6105978,0,,9,,17,,9,11,2023,3.7,,1,,65,,-1.8,,ON,2,,36,,OTTAWA CDA RCS,30578,4.4,,,,,,"{""type"": ""Point"", ""coordinates"": [-75.71666666666667, 45.38333333333333]}"
6105978.2023.11.10,2023-11-10 00:00:00,6105978,0,,25,,14.8,,10,11,2023,7.1,,3.2,,67,,-0.6,,ON,0,,33,,OTTAWA CDA RCS,30578,0.8,,,,,,"{""type"": ""Point"", ""coordinates"": [-75.71666666666667, 45.38333333333333]}"
6105978.2023.11.11,2023-11-11 00:00:00,6105978,0,,,,18.2,,11,11,2023,2.2,,-0.2,,60,,-2.7,,ON,,,,,OTTAWA CDA RCS,30578,0,,,,,,"{""type"": ""Point"", ""coordinates"": [-75.71666666666667, 45.38333333333333]}"
6105978.2023.11.12,2023-11-12 00:00:00,6105978,0,,,,19.4,,12,11,2023,2.7,,-1.4,,51,,-5.4,,ON,,,,,OTTAWA CDA RCS,30578,0,,,,,,"{""type"": ""Point"", ""coordinates"": [-75.71666666666667, 45.38333333333333]}"
6105978.2023.11.13,2023-11-13 00:00:00,6105978,0,,,,21.3,,13,11,2023,-0.3,,-3.3,,77,,-6.3,,ON,,,,,OTTAWA CDA RCS,30578,3,,,,,,"{""type"": ""Point"", ""coordinates"": [-75.71666666666667, 45.38333333333333]}"
6105978.2023.11.14,2023-11-14 00:00:00,6105978,0,,,,16.1,,14,11,2023,4.9,,1.9,,72,,-1,,ON,1,,,,OTTAWA CDA RCS,30578,1.5,,,,,,"{""type"": ""Point"", ""coordinates"": [-75.71666666666667, 45.38333333333333]}"
6105978.2023.11.15,2023-11-15 00:00:00,6105978,0,,20,,13.8,,15,11,2023,9.2,,4.2,,61,,-0.9,,ON,,,33,,OTTAWA CDA RCS,30578,0,,,,,,"{""type"": ""Point"", ""coordinates"": [-75.71666666666667, 45.38333333333333]}"
6105978.2023.11.16,2023-11-16 00:00:00,6105978,0,,,,12.4,,16,11,2023,12.1,,5.6,,42,,-0.9,,ON,,,,,OTTAWA CDA RCS,30578,0,,,,,,"{""type"": ""Point"", ""coordinates"": [-75.71666666666667, 45.38333333333333]}"
6105978.2023.11.17,2023-11-17 00:00:00,6105978,0,,22,,10.6,,17,11,2023,14.4,,7.4,,49,,0.3,,ON,,,48,,OTTAWA CDA RCS,30578,2.4,,,,,,"{""type"": ""Point"", ""coordinates"": [-75.71666666666667, 45.38333333333333]}"
6105978.2023.11.18,2023-11-18 00:00:00,6105978,0,,,,16.9,,18,11,2023,4.6,,1.1,,51,,-2.4,,ON,,,,,OTTAWA CDA RCS,30578,0,,,,,,"{""type"": ""Point"", ""coordinates"": [-75.71666666666667, 45.38333333333333]}"
6105978.2023.11.19,2023-11-19 00:00:00,6105978,0,,35,,18.2,,19,11,2023,4.3,,-0.2,,53,,-4.6,,ON,,,46,,OTTAWA CDA RCS,30578,1,,,,,,"{""type"": ""Point"", ""coordinates"": [-75.71666666666667, 45.38333333333333]}"
6105978.2023.11.20,2023-11-20 00:00:00,6105978,0,,,,21.7,,20,11,2023,0,,-3.7,,48,,-7.4,,ON,,,,,OTTAWA CDA RCS,30578,0,,,,,,"{""type"": ""Point"", ""coordinates"": [-75.71666666666667, 45.38333333333333]}"
6105978.2023.11.21,2023-11-21 00:00:00,6105978,0,,9,,21.6,,21,11,2023,0,,-3.6,,58,,-7.3,,ON,,,37,,OTTAWA CDA RCS,30578,6.3,,,,,,"{""type"": ""Point"", ""coordinates"": [-75.71666666666667, 45.38333333333333]}"
6105978.2023.11.22,2023-11-22 00:00:00,6105978,0,,,,17.1,,22,11,2023,2.2,,0.9,,81,,-0.3,,ON,0,,,,OTTAWA CDA RCS,30578,5.6,,,,,,"{""type"": ""Point"", ""coordinates"": [-75.71666666666667, 45.38333333333333]}"
6105978.2023.11.23,2023-11-23 00:00:00,6105978,0,,31,,16.8,,23,11,2023,4.6,,1.2,,65,,-2.1,,ON,,,43,,OTTAWA CDA RCS,30578,0.2,,,,,,"{""type"": ""Point"", ""coordinates"": [-75.71666666666667, 45.38333333333333]}"
6105978.2023.11.24,2023-11-24 00:00:00,6105978,0,,32,,23.7,,24,11,2023,-2.1,,-5.7,,38,,-9.2,,ON,,,42,,OTTAWA CDA RCS,30578,0,,,,,,"{""type"": ""Point"", ""coordinates"": [-75.71666666666667, 45.38333333333333]}"
6105978.2023.11.25,2023-11-25 00:00:00,6105978,0,,26,,21.1,,25,11,2023,3.5,,-3.1,,59,,-9.7,,ON,,,38,,OTTAWA CDA RCS,30578,0,,,,,,"{""type"": ""Point"", ""coordinates"": [-75.71666666666667, 45.38333333333333]}"
6105978.2023.11.26,2023-11-26 00:00:00,6105978,0,,,,16.9,,26,11,2023,4.8,,1.1,,49,,-2.7,,ON,,,,,OTTAWA CDA RCS,30578,1.1,,,,,,"{""type"": ""Point"", ""coordinates"": [-75.71666666666667, 45.38333333333333]}"
6105978.2023.11.27,2023-11-27 00:00:00,6105978,0,,27,,16.2,,27,11,2023,5.5,,1.8,,58,,-1.9,,ON,,,54,,OTTAWA CDA RCS,30578,0.5,,,,,,"{""type"": ""Point"", ""coordinates"": [-75.71666666666667, 45.38333333333333]}"
6105978.2023.11.28,2023-11-28 00:00:00,6105978,0,,27,,22.2,,28,11,2023,-1.6,,-4.2,,58,,-6.8,,ON,,,45,,OTTAWA CDA RCS,30578,0,,,,,,"{""type"": ""Point"", ""coordinates"": [-75.71666666666667, 45.38333333333333]}"
6105978.2023.11.29,2023-11-29 00:00:00,6105978,0,,21,,21.2,,29,11,2023,1.1,,-3.2,,49,,-7.5,,ON,,,42,,OTTAWA CDA RCS,30578,0,,,,,,"{""type"": ""Point"", ""coordinates"": [-75.71666666666667, 45.38333333333333]}"
6105978.2023.11.30,2023-11-30 00:00:00,6105978,0,,23,,15.2,,30,11,2023,6.7,,2.8,,63,,-1,,ON,,,48,,OTTAWA CDA RCS,30578,0.1,,,,,,"{""type"": ""Point"", ""coordinates"": [-75.71666666666667, 45.38333333333333]}"
6105978.2023.12.1,2023-12-01 00:00:00,6105978,0,,,,13.4,,1,12,2023,7.9,,4.6,,59,,1.4,,ON,,,,,OTTAWA CDA RCS,30578,0.4,,,,,,"{""type"": ""Point"", ""coordinates"": [-75.71666666666667, 45.38333333333333]}"
6105978.2023.12.2,2023-12-02 00:00:00,6105978,0,,,,17.6,,2,12,2023,1.8,,0.4,,74,,-1,,ON,1,,,,OTTAWA CDA RCS,30578,3.4,,,,,,"{""type"": ""Point"", ""coordinates"": [-75.71666666666667, 45.38333333333333]}"
6105978.2023.12.3,2023-12-03 00:00:00,6105978,0,,,M,18.2,,3,12,2023,0.5,,-0.2,,78,,-0.8,,ON,1,,,M,OTTAWA CDA RCS,30578,13,,,,,,"{""type"": ""Point"", ""coordinates"": [-75.71666666666667, 45.38333333333333]}"
6105978.2023.12.4,2023-12-04 00:00:00,6105978,0,,,M,19.9,,4,12,2023,-0.4,,-1.9,,91,,-3.5,,ON,9,,,M,OTTAWA CDA RCS,30578,9.3,,,,,,"{""type"": ""Point"", ""coordinates"": [-75.71666666666667, 45.38333333333333]}"
6105978.2023.12.5,2023-12-05 00:00:00,6105978,0,,,M,22.4,,5,12,2023,-2.2,,-4.4,,89,,-6.5,,ON,11,,,M,OTTAWA CDA RCS,30578,0.2,,,,,,"{""type"": ""Point"", ""coordinates"": [-75.71666666666667, 45.38333333333333]}"
6105978.2023.12.6,2023-12-06 00:00:00,6105978,0,,,M,29.5,,6,12,2023,-6.5,,-11.5,,72,,-16.4,,ON,10,,,M,OTTAWA CDA RCS,30578,0,,,,,,"{""type"": ""Point"", ""coordinates"": [-75.71666666666667, 45.38333333333333]}"
6105978.2023.12.7,2023-12-07 00:00:00,6105978,0,,,,28.9,,7,12,2023,-6.8,,-10.9,,82,,-15,,ON,9,,,,OTTAWA CDA RCS,30578,1.2,,,,,,"{""type"": ""Point"", ""coordinates"": [-75.71666666666667, 45.38333333333333]}"
6105978.2023.12.8,2023-12-08 00:00:00,6105978,0,,10,,23.2,,8,12,2023,-3.6,,-5.2,,80,,-6.8,,ON,9,,32,,OTTAWA CDA RCS,30578,0,,,,,,"{""type"": ""Point"", ""coordinates"": [-75.71666666666667, 45.38333333333333]}"
6105978.2023.12.9,2023-12-09 00:00:00,6105978,0,,,,19.4,,9,12,2023,0.9,,-1.4,,89,,-3.6,,ON,9,,,,OTTAWA CDA RCS,30578,0.5,,,,,,"{""type"": ""Point"", ""coordinates"": [-75.71666666666667, 45.38333333333333]}"
6105978.2023.12.10,2023-12-10 00:00:00,6105978,0,,,,15.1,,10,12,2023,5.1,,2.9,,82,,0.7,,ON,6,,,,OTTAWA CDA RCS,30578,8.1,,,,,,"{""type"": ""Point"", ""coordinates"": [-75.71666666666667, 45.38333333333333]}"
6105978.2023.12.11,2023-12-11 00:00:00,6105978,0,,29,,20.8,,11,12,2023,1.6,,-2.8,,65,,-7.2,,ON,3,,40,,OTTAWA CDA RCS,30578,1.2,,,,,,"{""type"": ""Point"", ""coordinates"": [-75.71666666666667, 45.38333333333333]}"
6105978.2023.12.12,2023-12-12 00:00:00,6105978,0,,22,,20.3,,12,12,2023,3.3,,-2.3,,64,,-7.9,,ON,3,,47,,OTTAWA CDA RCS,30578,0.2,,,,,,"{""type"": ""Point"", ""coordinates"": [-75.71666666666667, 45.38333333333333]}"
6105978.2023.12.13,2023-12-13 00:00:00,6105978,0,,28,,22,,13,12,2023,0,,-4,,41,,-8.1,,ON,3,,45,,OTTAWA CDA RCS,30578,0,,,,,,"{""type"": ""Point"", ""coordinates"": [-75.71666666666667, 45.38333333333333]}"
6105978.2023.12.14,2023-12-14 00:00:00,6105978,0,,22,,22,,14,12,2023,1.8,,-4,,61,,-9.7,,ON,3,,32,,OTTAWA CDA RCS,30578,0,,,,,,"{""type"": ""Point"", ""coordinates"": [-75.71666666666667, 45.38333333333333]}"
6105978.2023.12.15,2023-12-15 00:00:00,6105978,0,,22,,12.6,,15,12,2023,9.5,,5.4,,60,,1.3,,ON,3,,34,,OTTAWA CDA RCS,30578,0,,,,,,"{""type"": ""Point"", ""coordinates"": [-75.71666666666667, 45.38333333333333]}"
6105978.2023.12.16,2023-12-16 00:00:00,6105978,0,,,,16.9,,16,12,2023,4,,1.1,,53,,-1.7,,ON,0,,,,OTTAWA CDA RCS,30578,0,,,,,,"{""type"": ""Point"", ""coordinates"": [-75.71666666666667, 45.38333333333333]}"
6105978.2023.12.17,2023-12-17 00:00:00,6105978,0,,,,16.5,,17,12,2023,4.3,,1.5,,77,,-1.3,,ON,,,,,OTTAWA CDA RCS,30578,6.4,,,,,,"{""type"": ""Point"", ""coordinates"": [-75.71666666666667, 45.38333333333333]}"
6105978.2023.12.18,2023-12-18 00:00:00,6105978,0,,34,,14.4,,18,12,2023,6.9,,3.6,,90,,0.3,,ON,,,35,,OTTAWA CDA RCS,30578,28.4,,,,,,"{""type"": ""Point"", ""coordinates"": [-75.71666666666667, 45.38333333333333]}"
6105978.2023.12.19,2023-12-19 00:00:00,6105978,0,,33,,22,,19,12,2023,0.3,,-4,,67,,-8.3,,ON,0,,41,,OTTAWA CDA RCS,30578,0.7,,,,,,"{""type"": ""Point"", ""coordinates"": [-75.71666666666667, 45.38333333333333]}"
6105978.2023.12.20,2023-12-20 00:00:00,6105978,0,,36,,22.7,,20,12,2023,-0.4,,-4.7,,71,,-9,,ON,,,32,,OTTAWA CDA RCS,30578,0,,,,,,"{""type"": ""Point"", ""coordinates"": [-75.71666666666667, 45.38333333333333]}"
6105978.2023.12.21,2023-12-21 00:00:00,6105978,0,,,,25.5,,21,12,2023,-4.8,,-7.5,,54,,-10.2,,ON,,,,,OTTAWA CDA RCS,30578,0,,,,,,"{""type"": ""Point"", ""coordinates"": [-75.71666666666667, 45.38333333333333]}"
6105978.2023.12.22,2023-12-22 00:00:00,6105978,0,,,,26,,22,12,2023,-4.9,,-8,,61,,-11.2,,ON,,,,,OTTAWA CDA RCS,30578,0,,,,,,"{""type"": ""Point"", ""coordinates"": [-75.71666666666667, 45.38333333333333]}"
6105978.2023.12.23,2023-12-23 00:00:00,6105978,0,,,,23.5,,23,12,2023,-2.3,,-5.5,,70,,-8.7,,ON,0,,,,OTTAWA CDA RCS,30578,0.2,,,,,,"{""type"": ""Point"", ""coordinates"": [-75.71666666666667, 45.38333333333333]}"
6105978.2023.12.24,2023-12-24 00:00:00,6105978,0,,,,18.6,,24,12,2023,1.2,,-0.6,,75,,-2.3,,ON,,,,,OTTAWA CDA RCS,30578,0,,,,,,"{""type"": ""Point"", ""coordinates"": [-75.71666666666667, 45.38333333333333]}"
6105978.2023.12.25,2023-12-25 00:00:00,6105978,0,,,,16.5,,25,12,2023,2.4,,1.5,,83,,0.6,,ON,,,,,OTTAWA CDA RCS,30578,0,,,,,,"{""type"": ""Point"", ""coordinates"": [-75.71666666666667, 45.38333333333333]}"
6105978.2023.12.26,2023-12-26 00:00:00,6105978,0,,,,14.4,,26,12,2023,7,,3.6,,79,,0.3,,ON,,,,,OTTAWA CDA RCS,30578,0.3,,,,,,"{""type"": ""Point"", ""coordinates"": [-75.71666666666667, 45.38333333333333]}"
6105978.2023.12.27,2023-12-27 00:00:00,6105978,0,,,,13.9,,27,12,2023,4.8,,4.1,,92,,3.3,,ON,,,,,OTTAWA CDA RCS,30578,2.6,,,,,,"{""type"": ""Point"", ""coordinates"": [-75.71666666666667, 45.38333333333333]}"
6105978.2023.12.28,2023-12-28 00:00:00,6105978,0,,,,14.1,,28,12,2023,4.7,,3.9,,94,,3,,ON,,,,,OTTAWA CDA RCS,30578,6,,,,,,"{""type"": ""Point"", ""coordinates"": [-75.71666666666667, 45.38333333333333]}"
6105978.2023.12.29,2023-12-29 00:00:00,6105978,0,,,,15.6,,29,12,2023,4.6,,2.4,,80,,0.2,,ON,,,,,OTTAWA CDA RCS,30578,6.3,,,,,,"{""type"": ""Point"", ""coordinates"": [-75.71666666666667, 45.38333333333333]}"
6105978.2023.12.30,2023-12-30 00:00:00,6105978,0,,32,,19.8,,30,12,2023,0.8,,-1.8,,70,,-4.4,,ON,,,32,,OTTAWA CDA RCS,30578,0,,,,,,"{""type"": ""Point"", ""coordinates"": [-75.71666666666667, 45.38333333333333]}"
6105978.2023.12.31,2023-12-31 00:00:00,6105978,0,,,,23.5,,31,12,2023,-4.3,,-5.5,,69,,-6.7,,ON,,,,,OTTAWA CDA RCS,30578,0,,,,,,"{""type"": ""Point"", ""coordinates"": [-75.71666666666667, 45.38333333333333]}"
6105978.2024.1.1,2024-01-01 00:00:00,6105978,0,,,,24,,1,1,2024,-4.2,,-6,,60,,-7.7,,ON,,,,,OTTAWA CDA RCS,30578,0,,,,,,"{""type"": ""Point"", ""coordinates"": [-75.71666666666667, 45.38333333333333]}"
6105978.2024.1.2,2024-01-02 00:00:00,6105978,0,,19,,20.5,,2,1,2024,1,,-2.5,,64,,-5.9,,ON,,,36,,OTTAWA CDA RCS,30578,0,,,,,,"{""type"": ""Point"", ""coordinates"": [-75.71666666666667, 45.38333333333333]}"
6105978.2024.1.3,2024-01-03 00:00:00,6105978,0,,,,16.6,,3,1,2024,2.8,,1.4,,74,,0,,ON,,,,,OTTAWA CDA RCS,30578,0.4,,,,,,"{""type"": ""Point"", ""coordinates"": [-75.71666666666667, 45.38333333333333]}"
6105978.2024.1.4,2024-01-04 00:00:00,6105978,0,,36,,23.5,,4,1,2024,0.8,,-5.5,,53,,-11.8,,ON,,,46,,OTTAWA CDA RCS,30578,0.2,,,,,,"{""type"": ""Point"", ""coordinates"": [-75.71666666666667, 45.38333333333333]}"
6105978.2024.1.5,2024-01-05 00:00:00,6105978,0,,21,,25,,5,1,2024,-1.4,,-7,,69,,-12.7,,ON,,,36,,OTTAWA CDA RCS,30578,0.1,,,,,,"{""type"": ""Point"", ""coordinates"": [-75.71666666666667, 45.38333333333333]}"
6105978.2024.1.6,2024-01-06 00:00:00,6105978,0,,7,,24.3,,6,1,2024,-2.3,,-6.3,,62,,-10.3,,ON,,,41,,OTTAWA CDA RCS,30578,2.4,,,,,,"{""type"": ""Point"", ""coordinates"": [-75.71666666666667, 45.38333333333333]}"
6105978.2024.1.7,2024-01-07 00:00:00,6105978,0,,9,,25,,7,1,2024,-4.6,,-7,,77,,-9.4,,ON,,,32,,OTTAWA CDA RCS,30578,4.3,,,,,,"{""type"": ""Point"", ""coordinates"": [-75.71666666666667, 45.38333333333333]}"
6105978.2024.1.8,2024-01-08 00:00:00,6105978,0,,,,21.6,,8,1,2024,-1.6,,-3.6,,70,,-5.6,,ON,4,,,,OTTAWA CDA RCS,30578,0,,,,,,"{""type"": ""Point"", ""coordinates"": [-75.71666666666667, 45.38333333333333]}"
6105978.2024.1.9,2024-01-09 00:00:00,6105978,0,,9,,21.4,,9,1,2024,-0.1,,-3.4,,75,,-6.7,,ON,3,,56,,OTTAWA CDA RCS,30578,11.1,,,,,,"{""type"": ""Point"", ""coordinates"": [-75.71666666666667, 45.38333333333333]}"
6105978.2024.1.10,2024-01-10 00:00:00,6105978,0,,28,,17.9,,10,1,2024,5.1,,0.1,,66,,-4.9,,ON,2,,57,,OTTAWA CDA RCS,30578,8,,,,,,"{""type"": ""Point"", ""coordinates"": [-75.71666666666667, 45.38333333333333]}"
6105978.2024.1.11,2024-01-11 00:00:00,6105978,0,,29,,23.9,,11,1,2024,-4.7,,-5.9,,66,,-7.2,,ON,0,,35,,OTTAWA CDA RCS,30578,0.6,,,,,,"{""type"": ""Point"", ""coordinates"": [-75.71666666666667, 45.38333333333333]}"
6105978.2024.1.12,2024-01-12 00:00:00,6105978,0,,10,,25.8,,12,1,2024,-4.4,,-7.8,,57,,-11.2,,ON,,,55,,OTTAWA CDA RCS,30578,3.3,,,,,,"{""type"": ""Point"", ""coordinates"": [-75.71666666666667, 45.38333333333333]}"
6105978.2024.1.13,2024-01-13 00:00:00,6105978,0,,25,,19.8,,13,1,2024,2.2,,-1.8,,60,,-5.7,,ON,16,,62,,OTTAWA CDA RCS,30578,16.3,,,,,,"{""type"": ""Point"", ""coordinates"": [-75.71666666666667, 45.38333333333333]}"
6105978.2024.1.14,2024-01-14 00:00:00,6105978,0,,24,,23.7,,14,1,2024,-2.8,,-5.7,,58,,-8.6,,ON,21,,55,,OTTAWA CDA RCS,30578,0.1,,,,,,"{""type"": ""Point"", ""coordinates"": [-75.71666666666667, 45.38333333333333]}"
6105978.2024.1.15,2024-01-15 00:00:00,6105978,0,,21,,28.1,,15,1,2024,-6.8,,-10.1,,50,,-13.5,,ON,20,,42,,OTTAWA CDA RCS,30578,0,,,,,,"{""type"": ""Point"", ""coordinates"": [-75.71666666666667, 45.38333333333333]}"
6105978.2024.1.16,2024-01-16 00:00:00,6105978,0,,,,29.7,,16,1,2024,-6.6,,-11.7,,66,,-16.8,,ON,19,,,,OTTAWA CDA RCS,30578,2.9,,,,,,"{""type"": ""Point"", ""coordinates"": [-75.71666666666667, 45.38333333333333]}"
6105978.2024.1.17,2024-01-17 00:00:00,6105978,0,,21,,31.4,,17,1,2024,-8.7,,-13.4,,58,,-18.1,,ON,21,,32,,OTTAWA CDA RCS,30578,0,,,,,,"{""type"": ""Point"", ""coordinates"": [-75.71666666666667, 45.38333333333333]}"
6105978.2024.1.18,2024-01-18 00:00:00,6105978,0,,,,27.7,,18,1,2024,-6.8,,-9.7,,63,,-12.7,,ON,19,,,,OTTAWA CDA RCS,30578,0,,,,,,"{""type"": ""Point"", ""coordinates"": [-75.71666666666667, 45.38333333333333]}"
6105978.2024.1.19,2024-01-19 00:00:00,6105978,0,,,,32.6,,19,1,2024,-10.9,,-14.6,,50,,-18.4,,ON,19,,,,OTTAWA CDA RCS,30578,0,,,,,,"{""type"": ""Point"", ""coordinates"": [-75.71666666666667, 45.38333333333333]}"
6105978.2024.1.20,2024-01-20 00:00:00,6105978,0,,31,,31.7,,20,1,2024,-10.7,,-13.7,,65,,-16.7,,ON,19,,37,,OTTAWA CDA RCS,30578,0,,,,,,"{""type"": ""Point"", ""coordinates"": [-75.71666666666667, 45.38333333333333]}"
6105978.2024.1.21,2024-01-21 00:00:00,6105978,0,,,,31.9,,21,1,2024,-9.9,,-13.9,,54,,-17.9,,ON,19,,,,OTTAWA CDA RCS,30578,0,,,,,,"{""type"": ""Point"", ""coordinates"": [-75.71666666666667, 45.38333333333333]}"
6105978.2024.1.22,2024-01-22 00:00:00,6105978,0,,22,,25.6,,22,1,2024,-0.9,,-7.6,,52,,-14.3,,ON,18,,42,,OTTAWA CDA RCS,30578,2.3,,,,,,"{""type"": ""Point"", ""coordinates"": [-75.71666666666667, 45.38333333333333]}"
6105978.2024.1.23,2024-01-23 00:00:00,6105978,0,,7,,22.9,,23,1,2024,-0.7,,-4.9,,59,,-9.2,,ON,17,,35,,OTTAWA CDA RCS,30578,0.1,,,,,,"{""type"": ""Point"", ""coordinates"": [-75.71666666666667, 45.38333333333333]}"
6105978.2024.1.24,2024-01-24 00:00:00,6105978,0,,8,,24.8,,24,1,2024,-3.2,,-6.8,,81,,-10.5,,ON,23,,34,,OTTAWA CDA RCS,30578,6.1,,,,,,"{""type"": ""Point"", ""coordinates"": [-75.71666666666667, 45.38333333333333]}"
6105978.2024.1.25,2024-01-25 00:00:00,6105978,0,,,,19.3,,25,1,2024,0.7,,-1.3,,84,,-3.3,,ON,23,,,,OTTAWA CDA RCS,30578,1.9,,,,,,"{""type"": ""Point"", ""coordinates"": [-75.71666666666667, 45.38333333333333]}"
6105978.2024.1.26,2024-01-26 00:00:00,6105978,0,,,,17.3,,26,1,2024,2,,0.7,,88,,-0.6,,ON,21,,,,OTTAWA CDA RCS,30578,9.4,,,,,,"{""type"": ""Point"", ""coordinates"": [-75.71666666666667, 45.38333333333333]}"
6105978.2024.1.27,2024-01-27 00:00:00,6105978,0,,,,17.2,,27,1,2024,1.5,,0.8,,86,,0.2,,ON,19,,,,OTTAWA CDA RCS,30578,0.5,,,,,,"{""type"": ""Point"", ""coordinates"": [-75.71666666666667, 45.38333333333333]}"
6105978.2024.1.28,2024-01-28 00:00:00,6105978,0,,,,16.9,,28,1,2024,2.3,,1.1,,70,,0,,ON,18,,,,OTTAWA CDA RCS,30578,0,,,,,,"{""type"": ""Point"", ""coordinates"": [-75.71666666666667, 45.38333333333333]}"
6105978.2024.1.29,2024-01-29 00:00:00,6105978,0,,,,21.9,,29,1,2024,0.3,,-3.9,,61,,-8.1,,ON,17,,,,OTTAWA CDA RCS,30578,0,,,,,,"{""type"": ""Point"", ""coordinates"": [-75.71666666666667, 45.38333333333333]}"
6105978.2024.1.30,2024-01-30 00:00:00,6105978,0,,,,23.3,,30,1,2024,-3.4,,-5.3,,61,,-7.1,,ON,16,,,,OTTAWA CDA RCS,30578,0,,,,,,"{""type"": ""Point"", ""coordinates"": [-75.71666666666667, 45.38333333333333]}"
6105978.2024.1.31,2024-01-31 00:00:00,6105978,0,,,,20.6,,31,1,2024,2.2,,-2.6,,71,,-7.4,,ON,16,,,,OTTAWA CDA RCS,30578,0,,,,,,"{""type"": ""Point"", ""coordinates"": [-75.71666666666667, 45.38333333333333]}"
6105978.2024.2.1,2024-02-01 00:00:00,6105978,0,,,,15.7,,1,2,2024,3.3,,2.3,,79,,1.2,,ON,16,,,,OTTAWA CDA RCS,30578,0.3,,,,,,"{""type"": ""Point"", ""coordinates"": [-75.71666666666667, 45.38333333333333]}"
6105978.2024.2.2,2024-02-02 00:00:00,6105978,0,,35,,19,,2,2,2024,2.1,,-1,,67,,-4.2,,ON,16,,37,,OTTAWA CDA RCS,30578,0,,,,,,"{""type"": ""Point"", ""coordinates"": [-75.71666666666667, 45.38333333333333]}"
6105978.2024.2.3,2024-02-03 00:00:00,6105978,0,,,,22.3,,3,2,2024,-1.8,,-4.3,,58,,-6.8,,ON,15,,,,OTTAWA CDA RCS,30578,0,,,,,,"{""type"": ""Point"", ""coordinates"": [-75.71666666666667, 45.38333333333333]}"
6105978.2024.2.4,2024-02-04 00:00:00,6105978,0,,,,21.4,,4,2,2024,-0.1,,-3.4,,64,,-6.7,,ON,15,,,,OTTAWA CDA RCS,30578,0,,,,,,"{""type"": ""Point"", ""coordinates"": [-75.71666666666667, 45.38333333333333]}"
6105978.2024.2.5,2024-02-05 00:00:00,6105978,0,,,,19.1,,5,2,2024,3,,-1.1,,40,,-5.2,,ON,15,,,,OTTAWA CDA RCS,30578,0,,,,,,"{""type"": ""Point"", ""coordinates"": [-75.71666666666667, 45.38333333333333]}"
6105978.2024.2.6,2024-02-06 00:00:00,6105978,0,,,,21.7,,6,2,2024,2,,-3.7,,42,,-9.3,,ON,15,,,,OTTAWA CDA RCS,30578,0,,,,,,"{""type"": ""Point"", ""coordinates"": [-75.71666666666667, 45.38333333333333]}"
6105978.2024.2.7,2024-02-07 00:00:00,6105978,0,,,,22.7,,7,2,2024,0.5,,-4.7,,55,,-10,,ON,16,,,,OTTAWA CDA RCS,30578,0,,,,,,"{""type"": ""Point"", ""coordinates"": [-75.71666666666667, 45.38333333333333]}"
6105978.2024.2.8,2024-02-08 00:00:00,6105978,0,,,,19.4,,8,2,2024,4.4,,-1.4,,47,,-7.1,,ON,15,,,,OTTAWA CDA RCS,30578,0,,,,,,"{""type"": ""Point"", ""coordinates"": [-75.71666666666667, 45.38333333333333]}"
6105978.2024.2.9,2024-02-09 00:00:00,6105978,0,,,,13.9,,9,2,2024,9.3,,4.1,,58,,-1.1,,ON,15,,,,OTTAWA CDA RCS,30578,1.7,,,,,,"{""type"": ""Point"", ""coordinates"": [-75.71666666666667, 45.38333333333333]}"
6105978.2024.2.10,2024-02-10 00:00:00,6105978,0,,,,13.6,,10,2,2024,6.1,,4.4,,66,,2.6,,ON,11,,,,OTTAWA CDA RCS,30578,0,,,,,,"{""type"": ""Point"", ""coordinates"": [-75.71666666666667, 45.38333333333333]}"
6105978.2024.2.11,2024-02-11 00:00:00,6105978,0,,,,16,,11,2,2024,3.2,,2,,60,,0.7,,ON,8,,,,OTTAWA CDA RCS,30578,0,,,,,,"{""type"": ""Point"", ""coordinates"": [-75.71666666666667, 45.38333333333333]}"
6105978.2024.2.12,2024-02-12 00:00:00,6105978,0,,,,19.2,,12,2,2024,2.7,,-1.2,,42,,-5,,ON,7,,,,OTTAWA CDA RCS,30578,0,,,,,,"{""type"": ""Point"", ""coordinates"": [-75.71666666666667, 45.38333333333333]}"
6105978.2024.2.13,2024-02-13 00:00:00,6105978,0,,34,,20.8,,13,2,2024,3.7,,-2.8,,38,,-9.3,,ON,6,,51,,OTTAWA CDA RCS,30578,0,,,,,,"{""type"": ""Point"", ""coordinates"": [-75.71666666666667, 45.38333333333333]}"
6105978.2024.2.14,2024-02-14 00:00:00,6105978,0,,27,,25.6,,14,2,2024,-4.7,,-7.6,,49,,-10.5,,ON,6,,45,,OTTAWA CDA RCS,30578,0,,,,,,"{""type"": ""Point"", ""coordinates"": [-75.71666666666667, 45.38333333333333]}"
6105978.2024.2.15,2024-02-15 00:00:00,6105978,0,,7,,25.9,,15,2,2024,-4,,-7.9,,49,,-11.7,,ON,5,,31,,OTTAWA CDA RCS,30578,5.1,,,,,,"{""type"": ""Point"", ""coordinates"": [-75.71666666666667, 45.38333333333333]}"
6105978.2024.2.16,2024-02-16 00:00:00,6105978,0,,26,,24.3,,16,2,2024,-2.1,,-6.3,,55,,-10.5,,ON,17,,42,,OTTAWA CDA RCS,30578,0.5,,,,,,"{""type"": ""Point"", ""coordinates"": [-75.71666666666667, 45.38333333333333]}"
6105978.2024.2.17,2024-02-17 00:00:00,6105978,0,,28,,30.2,,17,2,2024,-8.3,,-12.2,,42,,-16.2,,ON,13,,37,,OTTAWA CDA RCS,30578,0,,,,,,"{""type"": ""Point"", ""coordinates"": [-75.71666666666667, 45.38333333333333]}"
6105978.2024.2.18,2024-02-18 00:00:00,6105978,0,,30,,24.9,,18,2,2024,-1.1,,-6.9,,55,,-12.8,,ON,13,,51,,OTTAWA CDA RCS,30578,3,,,,,,"{""type"": ""Point"", ""coordinates"": [-75.71666666666667, 45.38333333333333]}"
6105978.2024.2.19,2024-02-19 00:00:00,6105978,0,,31,,29.6,,19,2,2024,-9,,-11.6,,45,,-14.3,,ON,10,,44,,OTTAWA CDA RCS,30578,0,,,,,,"{""type"": ""Point"", ""coordinates"": [-75.71666666666667, 45.38333333333333]}"
6105978.2024.2.20,2024-02-20 00:00:00,6105978,0,,,,26.8,,20,2,2024,-6.3,,-8.8,,55,,-11.4,,ON,10,,,,OTTAWA CDA RCS,30578,0,,,,,,"{""type"": ""Point"", ""coordinates"": [-75.71666666666667, 45.38333333333333]}"
6105978.2024.2.21,2024-02-21 00:00:00,6105978,0,,,,22.3,,21,2,2024,3.9,,-4.3,,47,,-12.5,,ON,10,,,,OTTAWA CDA RCS,30578,0.2,,,,,,"{""type"": ""Point"", ""coordinates"": [-75.71666666666667, 45.38333333333333]}"
6105978.2024.2.22,2024-02-22 00:00:00,6105978,0,,,,14,,22,2,2024,7,,4,,58,,1,,ON,9,,,,OTTAWA CDA RCS,30578,2.7,,,,,,"{""type"": ""Point"", ""coordinates"": [-75.71666666666667, 45.38333333333333]}"
6105978.2024.2.23,2024-02-23 00:00:00,6105978,0,,35,,22.2,,23,2,2024,4.3,,-4.2,,52,,-12.8,,ON,6,,43,,OTTAWA CDA RCS,30578,0.1,,,,,,"{""type"": ""Point"", ""coordinates"": [-75.71666666666667, 45.38333333333333]}"
6105978.2024.2.24,2024-02-24 00:00:00,6105978,0,,34,,31,,24,2,2024,-9.2,,-13,,39,,-16.8,,ON,5,,35,,OTTAWA CDA RCS,30578,0,,,,,,"{""type"": ""Point"", ""coordinates"": [-75.71666666666667, 45.38333333333333]}"
6105978.2024.2.25,2024-02-25 00:00:00,6105978,0,,18,,24,,25,2,2024,1.8,,-6,,50,,-13.8,,ON,5,,39,,OTTAWA CDA RCS,30578,0.4,,,,,,"{""type"": ""Point"", ""coordinates"": [-75.71666666666667, 45.38333333333333]}"
6105978.2024.2.26,2024-02-26 00:00:00,6105978,0,,30,,16.2,,26,2,2024,4.2,,1.8,,38,,-0.6,,ON,4,,40,,OTTAWA CDA RCS,30578,0.1,,,,,,"{""type"": ""Point"", ""coordinates"": [-75.71666666666667, 45.38333333333333]}"
6105978.2024.2.27,2024-02-27 00:00:00,6105978,0,,,,13.9,,27,2,2024,9.6,,4.1,,48,,-1.4,,ON,4,,,,OTTAWA CDA RCS,30578,0,,,,,,"{""type"": ""Point"", ""coordinates"": [-75.71666666666667, 45.38333333333333]}"
6105978.2024.2.28,2024-02-28 00:00:00,6105978,0,,29,,16.8,,28,2,2024,15.1,,1.2,,56,,-12.8,,ON,,,80,,OTTAWA CDA RCS,30578,1.7,,,,,,"{""type"": ""Point"", ""coordinates"": [-75.71666666666667, 45.38333333333333]}"
6105978.2024.2.29,2024-02-29 00:00:00,6105978,0,,30,,28.5,,29,2,2024,-7.9,,-10.5,,32,,-13.1,,ON,,,51,,OTTAWA CDA RCS,30578,0,,,,,,"{""type"": ""Point"", ""coordinates"": [-75.71666666666667, 45.38333333333333]}"
6105978.2024.3.1,2024-03-01 00:00:00,6105978,0,,,,20.8,,1,3,2024,5.8,,-2.8,,52,,-11.3,,ON,0,,,,OTTAWA CDA RCS,30578,0,,,,,,"{""type"": ""Point"", ""coordinates"": [-75.71666666666667, 45.38333333333333]}"
6105978.2024.3.2,2024-03-02 00:00:00,6105978,0,,,,16.9,,2,3,2024,5.9,,1.1,,68,,-3.7,,ON,0,,,,OTTAWA CDA RCS,30578,0.2,,,,,,"{""type"": ""Point"", ""coordinates"": [-75.71666666666667, 45.38333333333333]}"
6105978.2024.3.3,2024-03-03 00:00:00,6105978,0,,,,13.7,,3,3,2024,7.9,,4.3,,74,,0.7,,ON,0,,,,OTTAWA CDA RCS,30578,0,,,,,,"{""type"": ""Point"", ""coordinates"": [-75.71666666666667, 45.38333333333333]}"
6105978.2024.3.4,2024-03-04 00:00:00,6105978,0,,,,11.6,,4,3,2024,11.1,,6.4,,71,,1.7,,ON,0,,,,OTTAWA CDA RCS,30578,0,,,,,,"{""type"": ""Point"", ""coordinates"": [-75.71666666666667, 45.38333333333333]}"
6105978.2024.3.5,2024-03-05 00:00:00,6105978,0,,19,,9,,5,3,2024,16.8,,9,,58,,1.3,,ON,0,,32,,OTTAWA CDA RCS,30578,1.3,,,,,,"{""type"": ""Point"", ""coordinates"": [-75.71666666666667, 45.38333333333333]}"
6105978.2024.3.6,2024-03-06 00:00:00,6105978,0,,,,13,,6,3,2024,6.4,,5,,51,,3.7,,ON,,,,,OTTAWA CDA RCS,30578,2.5,,,,,,"{""type"": ""Point"", ""coordinates"": [-75.71666666666667, 45.38333333333333]}"
6105978.2024.3.7,2024-03-07 00:00:00,6105978,0,,,,12.7,,7,3,2024,10.6,,5.3,,31,,0,,ON,,,,,OTTAWA CDA RCS,30578,0,,,,,,"{""type"": ""Point"", ""coordinates"": [-75.71666666666667, 45.38333333333333]}"
6105978.2024.3.8,2024-03-08 00:00:00,6105978,0,,9,,15.2,,8,3,2024,8,,2.8,,43,,-2.3,,ON,,,33,,OTTAWA CDA RCS,30578,0,,,,,,"{""type"": ""Point"", ""coordinates"": [-75.71666666666667, 45.38333333333333]}"
6105978.2024.3.9,2024-03-09 00:00:00,6105978,0,,16,,14.1,,9,3,2024,7,,3.9,,57,,0.8,,ON,,,50,,OTTAWA CDA RCS,30578,11.9,,,,,,"{""type"": ""Point"", ""coordinates"": [-75.71666666666667, 45.38333333333333]}"
6105978.2024.3.10,2024-03-10 00:00:00,6105978,0,,31,,17.6,,10,3,2024,5,,0.4,,72,,-4.2,,ON,,,44,,OTTAWA CDA RCS,30578,6.9,,,,,,"{""type"": ""Point"", ""coordinates"": [-75.71666666666667, 45.38333333333333]}"
6105978.2024.3.11,2024-03-11 00:00:00,6105978,0,,32,,17.1,,11,3,2024,5.3,,0.9,,31,,-3.4,,ON,,,52,,OTTAWA CDA RCS,30578,0,,,,,,"{""type"": ""Point"", ""coordinates"": [-75.71666666666667, 45.38333333333333]}"
6105978.2024.3.12,2024-03-12 00:00:00,6105978,0,,,,13.2,,12,3,2024,11.3,,4.8,,33,,-1.8,,ON,,,,,OTTAWA CDA RCS,30578,0,,,,,,"{""type"": ""Point"", ""coordinates"": [-75.71666666666667, 45.38333333333333]}"
6105978.2024.3.13,2024-03-13 00:00:00,6105978,0,,8,,13.3,,13,3,2024,9.6,,4.7,,50,,-0.2,,ON,,,33,,OTTAWA CDA RCS,30578,0,,,,,,"{""type"": ""Point"", ""coordinates"": [-75.71666666666667, 45.38333333333333]}"
6105978.2024.3.14,2024-03-14 00:00:00,6105978,0,,,,12,,14,3,2024,13.3,,6,,37,,-1.3,,ON,,,,,OTTAWA CDA RCS,30578,1.1,,,,,,"{""type"": ""Point"", ""coordinates"": [-75.71666666666667, 45.38333333333333]}"
6105978.2024.3.15,2024-03-15 00:00:00,6105978,0,,,,11,,15,3,2024,12,,7,,51,,2,,ON,,,,,OTTAWA CDA RCS,30578,0.8,,,,,,"{""type"": ""Point"", ""coordinates"": [-75.71666666666667, 45.38333333333333]}"
6105978.2024.3.16,2024-03-16 00:00:00,6105978,0,,21,,15.2,,16,3,2024,6.5,,2.8,,55,,-0.9,,ON,,,34,,OTTAWA CDA RCS,30578,2.9,,,,,,"{""type"": ""Point"", ""coordinates"": [-75.71666666666667, 45.38333333333333]}"
6105978.2024.3.17,2024-03-17 00:00:00,6105978,0,,27,,14,,17,3,2024,6.7,,4,,54,,1.2,,ON,,,35,,OTTAWA CDA RCS,30578,3.2,,,,,,"{""type"": ""Point"", ""coordinates"": [-75.71666666666667, 45.38333333333333]}"
6105978.2024.3.18,2024-03-18 00:00:00,6105978,0,,30,,19.2,,18,3,2024,1.9,,-1.2,,66,,-4.2,,ON,,,43,,OTTAWA CDA RCS,30578,0.6,,,,,,"{""type"": ""Point"", ""coordinates"": [-75.71666666666667, 45.38333333333333]}"
6105978.2024.3.19,2024-03-19 00:00:00,6105978,0,,33,,21,,19,3,2024,0.2,,-3,,61,,-6.1,,ON,,,37,,OTTAWA CDA RCS,30578,0.4,,,,,,"{""type"": ""Point"", ""coordinates"": [-75.71666666666667, 45.38333333333333]}"
6105978.2024.3.20,2024-03-20 00:00:00,6105978,0,,32,,20,,20,3,2024,3.3,,-2,,39,,-7.4,,ON,,,49,,OTTAWA CDA RCS,30578,0,,,,,,"{""type"": ""Point"", ""coordinates"": [-75.71666666666667, 45.38333333333333]}"
6105978.2024.3.21,2024-03-21 00:00:00,6105978,0,,32,,25,,21,3,2024,-3.6,,-7,,37,,-10.5,,ON,,,53,,OTTAWA CDA RCS,30578,0,,,,,,"{""type"": ""Point"", ""coordinates"": [-75.71666666666667, 45.38333333333333]}"
6105978.2024.3.22,2024-03-22 00:00:00,6105978,0,,,,25.8,,22,3,2024,-3.8,,-7.8,,36,,-11.7,,ON,,,,,OTTAWA CDA RCS,30578,0,,,,,,"{""type"": ""Point"", ""coordinates"": [-75.71666666666667, 45.38333333333333]}"
6105978.2024.3.23,2024-03-23 00:00:00,6105978,0,,8,,21.6,,23,3,2024,-0.1,,-3.6,,54,,-7.2,,ON,,,34,,OTTAWA CDA RCS,30578,0.2,,,,,,"{""type"": ""Point"", ""coordinates"": [-75.71666666666667, 45.38333333333333]}"
6105978.2024.3.24,2024-03-24 00:00:00,6105978,0,,,,21.4,,24,3,2024,1.5,,-3.4,,17,,-8.3,,ON,,,,,OTTAWA CDA RCS,30578,0,,,,,,"{""type"": ""Point"", ""coordinates"": [-75.71666666666667, 45.38333333333333]}"
6105978.2024.3.25,2024-03-25 00:00:00,6105978,0,,10,,16,,25,3,2024,9.5,,2,,26,,-5.5,,ON,,,40,,OTTAWA CDA RCS,30578,0,,,,,,"{""type"": ""Point"", ""coordinates"": [-75.71666666666667, 45.38333333333333]}"
6105978.2024.3.26,2024-03-26 00:00:00,6105978,0,,9,,12.1,,26,3,2024,11.8,,5.9,,33,,0,,ON,,,41,,OTTAWA CDA RCS,30578,0,,,,,,"{""type"": ""Point"", ""coordinates"": [-75.71666666666667, 45.38333333333333]}"
6105978.2024.3.27,2024-03-27 00:00:00,6105978,0,,22,,7.5,,27,3,2024,15.9,,10.5,,56,,5.1,,ON,,,41,,OTTAWA CDA RCS,30578,1.2,,,,,,"{""type"": ""Point"", ""coordinates"": [-75.71666666666667, 45.38333333333333]}"
6105978.2024.3.28,2024-03-28 00:00:00,6105978,0,,20,,12,,28,3,2024,10.2,,6,,31,,1.8,,ON,,,34,,OTTAWA CDA RCS,30578,0,,,,,,"{""type"": ""Point"", ""coordinates"": [-75.71666666666667, 45.38333333333333]}"
6105978.2024.3.29,2024-03-29 00:00:00,6105978,0,,29,,15.1,,29,3,2024,7.8,,2.9,,36,,-2,,ON,,,48,,OTTAWA CDA RCS,30578,0,,,,,,"{""type"": ""Point"", ""coordinates"": [-75.71666666666667, 45.38333333333333]}"
6105978.2024.3.30,2024-03-30 00:00:00,6105978,0,,31,,14.9,,30,3,2024,7.2,,3.1,,30,,-1,,ON,,,43,,OTTAWA CDA RCS,30578,0,,,,,,"{""type"": ""Point"", ""coordinates"": [-75.71666666666667, 45.38333333333333]}"
6105978.2024.3.31,2024-03-31 00:00:00,6105978,0,,32,,12.7,,31,3,2024,10.6,,5.3,,27,,-0.1,,ON,,,41,,OTTAWA CDA RCS,30578,0,,,,,,"{""type"": ""Point"", ""coordinates"": [-75.71666666666667, 45.38333333333333]}"
6105978.2024.4.1,2024-04-01 00:00:00,6105978,0,,34,,13.3,,1,4,2024,11,,4.7,,33,,-1.7,,ON,,,33,,OTTAWA CDA RCS,30578,0,,,,,,"{""type"": ""Point"", ""coordinates"": [-75.71666666666667, 45.38333333333333]}"
6105978.2024.4.2,2024-04-02 00:00:00,6105978,0,,7,,12.6,,2,4,2024,11.8,,5.4,,24,,-1,,ON,,,55,,OTTAWA CDA RCS,30578,0,,,,,,"{""type"": ""Point"", ""coordinates"": [-75.71666666666667, 45.38333333333333]}"
6105978.2024.4.3,2024-04-03 00:00:00,6105978,0,,10,,14.7,,3,4,2024,6.3,,3.3,,50,,0.4,,ON,,,66,,OTTAWA CDA RCS,30578,25.3,,,,,,"{""type"": ""Point"", ""coordinates"": [-75.71666666666667, 45.38333333333333]}"
6105978.2024.4.4,2024-04-04 00:00:00,6105978,0,,7,,17.9,,4,4,2024,1.3,,0.1,,80,,-1.1,,ON,3,,62,,OTTAWA CDA RCS,30578,3,,,,,,"{""type"": ""Point"", ""coordinates"": [-75.71666666666667, 45.38333333333333]}"
6105978.2024.4.5,2024-04-05 00:00:00,6105978,0,,36,,14.5,,5,4,2024,6.8,,3.5,,66,,0.3,,ON,8,,45,,OTTAWA CDA RCS,30578,3.1,,,,,,"{""type"": ""Point"", ""coordinates"": [-75.71666666666667, 45.38333333333333]}"
6105978.2024.4.6,2024-04-06 00:00:00,6105978,0,,3,,10.5,,6,4,2024,12,,7.5,,39,,3,,ON,,,38,,OTTAWA CDA RCS,30578,0,,,,,,"{""type"": ""Point"", ""coordinates"": [-75.71666666666667, 45.38333333333333]}"
6105978.2024.4.7,2024-04-07 00:00:00,6105978,0,,,,10.2,,7,4,2024,16.7,,7.8,,23,,-1.1,,ON,,,,,OTTAWA CDA RCS,30578,0,,,,,,"{""type"": ""Point"", ""coordinates"": [-75.71666666666667, 45.38333333333333]}"
6105978.2024.4.8,2024-04-08 00:00:00,6105978,0,,,,8.5,,8,4,2024,18.3,,9.5,,23,,0.7,,ON,,,,,OTTAWA CDA RCS,30578,0,,,,,,"{""type"": ""Point"", ""coordinates"": [-75.71666666666667, 45.38333333333333]}"
6105978.2024.4.9,2024-04-09 00:00:00,6105978,0,,12,,5.3,,9,4,2024,20.8,,12.7,,26,,4.5,,ON,,,34,,OTTAWA CDA RCS,30578,0,,,,,,"{""type"": ""Point"", ""coordinates"": [-75.71666666666667, 45.38333333333333]}"
6105978.2024.4.10,2024-04-10 00:00:00,6105978,0,,24,,3.6,,10,4,2024,22.2,,14.4,,27,,6.6,,ON,,,32,,OTTAWA CDA RCS,30578,0,,,,,,"{""type"": ""Point"", ""coordinates"": [-75.71666666666667, 45.38333333333333]}"
6105978.2024.4.11,2024-04-11 00:00:00,6105978,0,,9,,9.1,,11,4,2024,12.9,,8.9,,73,,4.9,,ON,,,37,,OTTAWA CDA RCS,30578,24.1,,,,,,"{""type"": ""Point"", ""coordinates"": [-75.71666666666667, 45.38333333333333]}"
6105978.2024.4.12,2024-04-12 00:00:00,6105978,0,,22,,6.2,,12,4,2024,16.7,,11.8,,74,,6.8,,ON,,,58,,OTTAWA CDA RCS,30578,4.1,,,,,,"{""type"": ""Point"", ""coordinates"": [-75.71666666666667, 45.38333333333333]}"
6105978.2024.4.13,2024-04-13 00:00:00,6105978,0,,30,,13.2,,13,4,2024,6.8,,4.8,,75,,2.8,,ON,,,53,,OTTAWA CDA RCS,30578,2.8,,,,,,"{""type"": ""Point"", ""coordinates"": [-75.71666666666667, 45.38333333333333]}"
6105978.2024.4.14,2024-04-14 00:00:00,6105978,0,,,,13.6,,14,4,2024,8.8,,4.4,,63,,0,,ON,,,,,OTTAWA CDA RCS,30578,0.8,,,,,,"{""type"": ""Point"", ""coordinates"": [-75.71666666666667, 45.38333333333333]}"
6105978.2024.4.15,2024-04-15 00:00:00,6105978,0,,32,,9.1,,15,4,2024,14.4,,8.9,,40,,3.4,,ON,,,48,,OTTAWA CDA RCS,30578,1.6,,,,,,"{""type"": ""Point"", ""coordinates"": [-75.71666666666667, 45.38333333333333]}"
6105978.2024.4.16,2024-04-16 00:00:00,6105978,0,,2,,10,,16,4,2024,14,,8,,38,,2,,ON,,,33,,OTTAWA CDA RCS,30578,0,,,,,,"{""type"": ""Point"", ""coordinates"": [-75.71666666666667, 45.38333333333333]}"
6105978.2024.4.17,2024-04-17 00:00:00,6105978,0,,10,,12.1,,17,4,2024,10.9,,5.9,,43,,0.8,,ON,,,51,,OTTAWA CDA RCS,30578,0,,,,,,"{""type"": ""Point"", ""coordinates"": [-75.71666666666667, 45.38333333333333]}"
6105978.2024.4.18,2024-04-18 00:00:00,6105978,0,,10,,11.7,,18,4,2024,8.9,,6.3,,56,,3.8,,ON,,,47,,OTTAWA CDA RCS,30578,8.1,,,,,,"{""type"": ""Point"", ""coordinates"": [-75.71666666666667, 45.38333333333333]}"
6105978.2024.4.19,2024-04-19 00:00:00,6105978,0,,26,,9,,19,4,2024,11.9,,9,,63,,6.2,,ON,,,49,,OTTAWA CDA RCS,30578,2,,,,,,"{""type"": ""Point"", ""coordinates"": [-75.71666666666667, 45.38333333333333]}"
6105978.2024.4.20,2024-04-20 00:00:00,6105978,0,,27,,12.5,,20,4,2024,8.3,,5.5,,55,,2.7,,ON,,,58,,OTTAWA CDA RCS,30578,1.2,,,,,,"{""type"": ""Point"", ""coordinates"": [-75.71666666666667, 45.38333333333333]}"
6105978.2024.4.21,2024-04-21 00:00:00,6105978,0,,31,,13.6,,21,4,2024,9.3,,4.4,,32,,-0.5,,ON,,,52,,OTTAWA CDA RCS,30578,0.3,,,,,,"{""type"": ""Point"", ""coordinates"": [-75.71666666666667, 45.38333333333333]}"
6105978.2024.4.22,2024-04-22 00:00:00,6105978,0,,19,,13.4,,22,4,2024,11.4,,4.6,,32,,-2.2,,ON,,,41,,OTTAWA CDA RCS,30578,0,,,,,,"{""type"": ""Point"", ""coordinates"": [-75.71666666666667, 45.38333333333333]}"
6105978.2024.4.23,2024-04-23 00:00:00,6105978,0,,22,,8.9,,23,4,2024,17.2,,9.1,,32,,1,,ON,,,67,,OTTAWA CDA RCS,30578,5.4,,,,,,"{""type"": ""Point"", ""coordinates"": [-75.71666666666667, 45.38333333333333]}"
6105978.2024.4.24,2024-04-24 00:00:00,6105978,0,,34,,14.2,,24,4,2024,9,,3.8,,32,,-1.4,,ON,,,57,,OTTAWA CDA RCS,30578,6,,,,,,"{""type"": ""Point"", ""coordinates"": [-75.71666666666667, 45.38333333333333]}"
6105978.2024.4.25,2024-04-25 00:00:00,6105978,0,,,,15.1,,25,4,2024,8.9,,2.9,,29,,-3,,ON,,,,,OTTAWA CDA RCS,30578,0,,,,,,"{""type"": ""Point"", ""coordinates"": [-75.71666666666667, 45.38333333333333]}"
6105978.2024.4.26,2024-04-26 00:00:00,6105978,0,,,,12,,26,4,2024,14.4,,6,,26,,-2.3,,ON,,,,,OTTAWA CDA RCS,30578,0,,,,,,"{""type"": ""Point"", ""coordinates"": [-75.71666666666667, 45.38333333333333]}"
6105978.2024.4.27,2024-04-27 00:00:00,6105978,0,,17,,6.9,,27,4,2024,19.5,,11.1,,31,,2.6,,ON,,,43,,OTTAWA CDA RCS,30578,2.8,,,,,,"{""type"": ""Point"", ""coordinates"": [-75.71666666666667, 45.38333333333333]}"
6105978.2024.4.28,2024-04-28 00:00:00,6105978,0,,33,,3.8,,28,4,2024,20.7,,14.2,,57,,7.6,,ON,,,38,,OTTAWA CDA RCS,30578,2.5,,,,,,"{""type"": ""Point"", ""coordinates"": [-75.71666666666667, 45.38333333333333]}"
6105978.2024.4.29,2024-04-29 00:00:00,6105978,0,,8,,9.3,,29,4,2024,12,,8.7,,54,,5.5,,ON,,,40,,OTTAWA CDA RCS,30578,2.8,,,,,,"{""type"": ""Point"", ""coordinates"": [-75.71666666666667, 45.38333333333333]}"
6105978.2024.4.30,2024-04-30 00:00:00,6105978,0,,7,,10.8,,30,4,2024,8.2,,7.2,,83,,6.1,,ON,,,43,,OTTAWA CDA RCS,30578,13.5,,,,,,"{""type"": ""Point"", ""coordinates"": [-75.71666666666667, 45.38333333333333]}"
6105978.2024.5.1,2024-05-01 00:00:00,6105978,0,,,,7.3,,1,5,2024,15.6,,10.7,,61,,5.9,,ON,,,,,OTTAWA CDA RCS,30578,0.5,,,,,,"{""type"": ""Point"", ""coordinates"": [-75.71666666666667, 45.38333333333333]}"
6105978.2024.5.2,2024-05-02 00:00:00,6105978,0,,,,5.2,,2,5,2024,18.6,,12.8,,56,,7.1,,ON,,,,,OTTAWA CDA RCS,30578,0,,,,,,"{""type"": ""Point"", ""coordinates"": [-75.71666666666667, 45.38333333333333]}"
6105978.2024.5.3,2024-05-03 00:00:00,6105978,0,,,,4.5,,3,5,2024,18.4,,13.5,,57,,8.5,,ON,,,,,OTTAWA CDA RCS,30578,0,,,,,,"{""type"": ""Point"", ""coordinates"": [-75.71666666666667, 45.38333333333333]}"
6105978.2024.5.4,2024-05-04 00:00:00,6105978,0,,,,0.5,,4,5,2024,23,,17.5,,45,,12,,ON,,,,,OTTAWA CDA RCS,30578,0,,,,,,"{""type"": ""Point"", ""coordinates"": [-75.71666666666667, 45.38333333333333]}"
6105978.2024.5.5,2024-05-05 00:00:00,6105978,0,,18,,3.9,,5,5,2024,16.6,,14.1,,57,,11.6,,ON,,,42,,OTTAWA CDA RCS,30578,7.5,,,,,,"{""type"": ""Point"", ""coordinates"": [-75.71666666666667, 45.38333333333333]}"
6105978.2024.5.6,2024-05-06 00:00:00,6105978,0,,26,,3,,6,5,2024,20.7,,15,,33,,9.3,,ON,,,35,,OTTAWA CDA RCS,30578,0,,,,,,"{""type"": ""Point"", ""coordinates"": [-75.71666666666667, 45.38333333333333]}"
6105978.2024.5.7,2024-05-07 00:00:00,6105978,0,,26,,4.3,,7,5,2024,21.5,,13.7,,32,,5.8,,ON,,,31,,OTTAWA CDA RCS,30578,0,,,,,,"{""type"": ""Point"", ""coordinates"": [-75.71666666666667, 45.38333333333333]}"
6105978.2024.5.8,2024-05-08 00:00:00,6105978,0,,8,,6.3,,8,5,2024,15.3,,11.7,,43,,8.1,,ON,,,43,,OTTAWA CDA RCS,30578,8.1,,,,,,"{""type"": ""Point"", ""coordinates"": [-75.71666666666667, 45.38333333333333]}"
6105978.2024.5.9,2024-05-09 00:00:00,6105978,0,,,,7.3,,9,5,2024,17,,10.7,,38,,4.4,,ON,,,,,OTTAWA CDA RCS,30578,0,,,,,,"{""type"": ""Point"", ""coordinates"": [-75.71666666666667, 45.38333333333333]}"
6105978.2024.5.10,2024-05-10 00:00:00,6105978,0,,,,5.7,,10,5,2024,17.4,,12.3,,32,,7.2,,ON,,,,,OTTAWA CDA RCS,30578,0,,,,,,"{""type"": ""Point"", ""coordinates"": [-75.71666666666667, 45.38333333333333]}"
6105978.2024.5.11,2024-05-11 00:00:00,6105978,0,,17,,6.6,,11,5,2024,17.3,,11.4,,52,,5.5,,ON,,,33,,OTTAWA CDA RCS,30578,1.3,,,,,,"{""type"": ""Point"", ""coordinates"": [-75.71666666666667, 45.38333333333333]}"
6105978.2024.5.12,2024-05-12 00:00:00,6105978,0,,16,,4.9,,12,5,2024,16.6,,13.1,,60,,9.6,,ON,,,31,,OTTAWA CDA RCS,30578,2.6,,,,,,"{""type"": ""Point"", ""coordinates"": [-75.71666666666667, 45.38333333333333]}"
6105978.2024.5.13,2024-05-13 00:00:00,6105978,0,,20,,3.7,,13,5,2024,19.3,,14.3,,53,,9.3,,ON,,,49,,OTTAWA CDA RCS,30578,0.9,,,,,,"{""type"": ""Point"", ""coordinates"": [-75.71666666666667, 45.38333333333333]}"
6105978.2024.5.14,2024-05-14 00:00:00,6105978,0,,,,0.6,,14,5,2024,21.6,,17.4,,62,,13.2,,ON,,,,,OTTAWA CDA RCS,30578,5.3,,,,,,"{""type"": ""Point"", ""coordinates"": [-75.71666666666667, 45.38333333333333]}"
6105978.2024.5.15,2024-05-15 00:00:00,6105978,0,,,,2.4,,15,5,2024,20,,15.6,,50,,11.2,,ON,,,,,OTTAWA CDA RCS,30578,0.3,,,,,,"{""type"": ""Point"", ""coordinates"": [-75.71666666666667, 45.38333333333333]}"
6105978.2024.5.16,2024-05-16 00:00:00,6105978,0,,,,0,,16,5,2024,23.4,,18,,48,,12.5,,ON,,,,,OTTAWA CDA RCS,30578,0,,,,,,"{""type"": ""Point"", ""coordinates"": [-75.71666666666667, 45.38333333333333]}"
6105978.2024.5.17,2024-05-17 00:00:00,6105978,0.7,,,,0,,17,5,2024,24,,18.7,,44,,13.4,,ON,,,,,OTTAWA CDA RCS,30578,2.6,,,,,,"{""type"": ""Point"", ""coordinates"": [-75.71666666666667, 45.38333333333333]}"
6105978.2024.5.18,2024-05-18 00:00:00,6105978,1.6,,,,0,,18,5,2024,24.2,,19.6,,49,,15,,ON,,,,,OTTAWA CDA RCS,30578,0.3,,,,,,"{""type"": ""Point"", ""coordinates"": [-75.71666666666667, 45.38333333333333]}"
6105978.2024.5.19,2024-05-19 00:00:00,6105978,1.3,,,,0,,19,5,2024,26.6,,19.3,,40,,12,,ON,,,,,OTTAWA CDA RCS,30578,0,,,,,,"{""type"": ""Point"", ""coordinates"": [-75.71666666666667, 45.38333333333333]}"
6105978.2024.5.20,2024-05-20 00:00:00,6105978,4.3,,,,0,,20,5,2024,28.7,,22.3,,34,,15.8,,ON,,,,,OTTAWA CDA RCS,30578,0,,,,,,"{""type"": ""Point"", ""coordinates"": [-75.71666666666667, 45.38333333333333]}"
6105978.2024.5.21,2024-05-21 00:00:00,6105978,1.9,,26,,0,,21,5,2024,23.5,,19.9,,66,,16.4,,ON,,,35,,OTTAWA CDA RCS,30578,12.5,,,,,,"{""type"": ""Point"", ""coordinates"": [-75.71666666666667, 45.38333333333333]}"
6105978.2024.5.22,2024-05-22 00:00:00,6105978,5.1,,21,,0,,22,5,2024,30.2,,23.1,,47,,16,,ON,,,48,,OTTAWA CDA RCS,30578,0.9,,,,,,"{""type"": ""Point"", ""coordinates"": [-75.71666666666667, 45.38333333333333]}"
6105978.2024.5.23,2024-05-23 00:00:00,6105978,2.8,,26,,0,,23,5,2024,24.8,,20.8,,33,,16.7,,ON,,,49,,OTTAWA CDA RCS,30578,0.1,,,,,,"{""type"": ""Point"", ""coordinates"": [-75.71666666666667, 45.38333333333333]}"
6105978.2024.5.24,2024-05-24 00:00:00,6105978,0,,31,,4,,24,5,2024,17.9,,14,,42,,10.1,,ON,,,51,,OTTAWA CDA RCS,30578,0,,,,,,"{""type"": ""Point"", ""coordinates"": [-75.71666666666667, 45.38333333333333]}"
6105978.2024.5.25,2024-05-25 00:00:00,6105978,0,,,,4.6,,25,5,2024,19.2,,13.4,,45,,7.5,,ON,,,,,OTTAWA CDA RCS,30578,0.1,,,,,,"{""type"": ""Point"", ""coordinates"": [-75.71666666666667, 45.38333333333333]}"
6105978.2024.5.26,2024-05-26 00:00:00,6105978,0,,,,0.5,,26,5,2024,21.1,,17.5,,56,,14,,ON,,,,,OTTAWA CDA RCS,30578,0,,,,,,"{""type"": ""Point"", ""coordinates"": [-75.71666666666667, 45.38333333333333]}"
6105978.2024.5.27,2024-05-27 00:00:00,6105978,1.7,,21,,0,,27,5,2024,23,,19.7,,68,,16.3,,ON,,,45,,OTTAWA CDA RCS,30578,29.4,,,,,,"{""type"": ""Point"", ""coordinates"": [-75.71666666666667, 45.38333333333333]}"
6105978.2024.5.28,2024-05-28 00:00:00,6105978,0,,27,,1.7,,28,5,2024,20.2,,16.3,,67,,12.5,,ON,,,36,,OTTAWA CDA RCS,30578,0.7,,,,,,"{""type"": ""Point"", ""coordinates"": [-75.71666666666667, 45.38333333333333]}"
6105978.2024.5.29,2024-05-29 00:00:00,6105978,0,,36,,5,,29,5,2024,16.8,,13,,42,,9.2,,ON,,,32,,OTTAWA CDA RCS,30578,0,,,,,,"{""type"": ""Point"", ""coordinates"": [-75.71666666666667, 45.38333333333333]}"
6105978.2024.5.30,2024-05-30 00:00:00,6105978,0,,33,,4.4,,30,5,2024,19.7,,13.6,,32,,7.5,,ON,,,32,,OTTAWA CDA RCS,30578,0,,,,,,"{""type"": ""Point"", ""coordinates"": [-75.71666666666667, 45.38333333333333]}"
6105978.2024.5.31,2024-05-31 00:00:00,6105978,0,,26,,0.8,,31,5,2024,24.7,,17.2,,25,,9.6,,ON,,,36,,OTTAWA CDA RCS,30578,0,,,,,,"{""type"": ""Point"", ""coordinates"": [-75.71666666666667, 45.38333333333333]}"
6105978.2024.6.1,2024-06-01 00:00:00,6105978,1.8,,,,0,,1,6,2024,26.7,,19.8,,27,,13,,ON,,,,,OTTAWA CDA RCS,30578,0,,,,,,"{""type"": ""Point"", ""coordinates"": [-75.71666666666667, 45.38333333333333]}"
6105978.2024.6.2,2024-06-02 00:00:00,6105978,1.9,,,,0,,2,6,2024,26.2,,19.9,,22,,13.5,,ON,,,,,OTTAWA CDA RCS,30578,0,,,,,,"{""type"": ""Point"", ""coordinates"": [-75.71666666666667, 45.38333333333333]}"
6105978.2024.6.3,2024-06-03 00:00:00,6105978,3.1,,,,0,,3,6,2024,28.9,,21.1,,33,,13.2,,ON,,,,,OTTAWA CDA RCS,30578,0,,,,,,"{""type"": ""Point"", ""coordinates"": [-75.71666666666667, 45.38333333333333]}"
6105978.2024.6.4,2024-06-04 00:00:00,6105978,4.1,,,,0,,4,6,2024,29.3,,22.1,,37,,14.9,,ON,,,,,OTTAWA CDA RCS,30578,0,,,,,,"{""type"": ""Point"", ""coordinates"": [-75.71666666666667, 45.38333333333333]}"
6105978.2024.6.5,2024-06-05 00:00:00,6105978,6.8,,19,,0,,5,6,2024,31,,24.8,,37,,18.6,,ON,,,32,,OTTAWA CDA RCS,30578,0,,,,,,"{""type"": ""Point"", ""coordinates"": [-75.71666666666667, 45.38333333333333]}"
6105978.2024.6.6,2024-06-06 00:00:00,6105978,1.8,,27,,0,,6,6,2024,23.4,,19.8,,77,,16.1,,ON,,,46,,OTTAWA CDA RCS,30578,50.6,,,,,,"{""type"": ""Point"", ""coordinates"": [-75.71666666666667, 45.38333333333333]}"
6105978.2024.6.7,2024-06-07 00:00:00,6105978,0,,25,,0.8,,7,6,2024,20.4,,17.2,,69,,14,,ON,,,47,,OTTAWA CDA RCS,30578,13.4,,,,,,"{""type"": ""Point"", ""coordinates"": [-75.71666666666667, 45.38333333333333]}"
6105978.2024.6.8,2024-06-08 00:00:00,6105978,0,,29,,0.8,,8,6,2024,21,,17.2,,65,,13.4,,ON,,,40,,OTTAWA CDA RCS,30578,2.9,,,,,,"{""type"": ""Point"", ""coordinates"": [-75.71666666666667, 45.38333333333333]}"
6105978.2024.6.9,2024-06-09 00:00:00,6105978,0,,26,,2.4,,9,6,2024,18.6,,15.6,,68,,12.6,,ON,,,52,,OTTAWA CDA RCS,30578,1.5,,,,,,"{""type"": ""Point"", ""coordinates"": [-75.71666666666667, 45.38333333333333]}"
6105978.2024.6.10,2024-06-10 00:00:00,6105978,0,,29,,5.5,,10,6,2024,14.8,,12.5,,69,,10.1,,ON,,,40,,OTTAWA CDA RCS,30578,0,,,,,,"{""type"": ""Point"", ""coordinates"": [-75.71666666666667, 45.38333333333333]}"
6105978.2024.6.11,2024-06-11 00:00:00,6105978,0,,,,5,,11,6,2024,16.2,,13,,66,,9.8,,ON,,,,,OTTAWA CDA RCS,30578,0,,,,,,"{""type"": ""Point"", ""coordinates"": [-75.71666666666667, 45.38333333333333]}"
6105978.2024.6.12,2024-06-12 00:00:00,6105978,0,,,,0.6,,12,6,2024,21.6,,17.4,,55,,13.3,,ON,,,,,OTTAWA CDA RCS,30578,0,,,,,,"{""type"": ""Point"", ""coordinates"": [-75.71666666666667, 45.38333333333333]}"
6105978.2024.6.13,2024-06-13 00:00:00,6105978,0.4,,27,,0,,13,6,2024,26,,18.4,,55,,10.7,,ON,,,56,,OTTAWA CDA RCS,30578,10,,,,,,"{""type"": ""Point"", ""coordinates"": [-75.71666666666667, 45.38333333333333]}"
6105978.2024.6.14,2024-06-14 00:00:00,6105978,0,,33,,0.9,,14,6,2024,22.1,,17.1,,49,,12.1,,ON,,,37,,OTTAWA CDA RCS,30578,0,,,,,,"{""type"": ""Point"", ""coordinates"": [-75.71666666666667, 45.38333333333333]}"
6105978.2024.6.15,2024-06-15 00:00:00,6105978,0,,1,,4.1,,15,6,2024,19,,13.9,,35,,8.8,,ON,,,35,,OTTAWA CDA RCS,30578,0,,,,,,"{""type"": ""Point"", ""coordinates"": [-75.71666666666667, 45.38333333333333]}"
6105978.2024.6.16,2024-06-16 00:00:00,6105978,0,,,,4.2,,16,6,2024,20.9,,13.8,,41,,6.8,,ON,,,,,OTTAWA CDA RCS,30578,0,,,,,,"{""type"": ""Point"", ""coordinates"": [-75.71666666666667, 45.38333333333333]}"
6105978.2024.6.17,2024-06-17 00:00:00,6105978,4.6,,22,,0,,17,6,2024,30.2,,22.6,,58,,14.9,,ON,,,34,,OTTAWA CDA RCS,30578,0.5,,,,,,"{""type"": ""Point"", ""coordinates"": [-75.71666666666667, 45.38333333333333]}"
6105978.2024.6.18,2024-06-18 00:00:00,6105978,8.5,,20,,0,,18,6,2024,32.6,,26.5,,58,,20.3,,ON,,,32,,OTTAWA CDA RCS,30578,0,,,,,,"{""type"": ""Point"", ""coordinates"": [-75.71666666666667, 45.38333333333333]}"
6105978.2024.6.19,2024-06-19 00:00:00,6105978,9.6,,20,,0,,19,6,2024,33.3,,27.6,,51,,21.9,,ON,,,39,,OTTAWA CDA RCS,30578,0,,,,,,"{""type"": ""Point"", ""coordinates"": [-75.71666666666667, 45.38333333333333]}"
6105978.2024.6.20,2024-06-20 00:00:00,6105978,5.9,,31,,0,,20,6,2024,29.4,,23.9,,55,,18.4,,ON,,,35,,OTTAWA CDA RCS,30578,0,,,,,,"{""type"": ""Point"", ""coordinates"": [-75.71666666666667, 45.38333333333333]}"
6105978.2024.6.21,2024-06-21 00:00:00,6105978,2.1,,,,0,,21,6,2024,22.1,,20.1,,57,,18.1,,ON,,,,,OTTAWA CDA RCS,30578,0.4,,,,,,"{""type"": ""Point"", ""coordinates"": [-75.71666666666667, 45.38333333333333]}"
6105978.2024.6.22,2024-06-22 00:00:00,6105978,1.2,,,,0,,22,6,2024,21.4,,19.2,,59,,17.1,,ON,,,,,OTTAWA CDA RCS,30578,2.6,,,,,,"{""type"": ""Point"", ""coordinates"": [-75.71666666666667, 45.38333333333333]}"
6105978.2024.6.23,2024-06-23 00:00:00,6105978,3.1,,30,,0,,23,6,2024,26.4,,21.1,,73,,15.7,,ON,,,46,,OTTAWA CDA RCS,30578,43.9,,,,,,"{""type"": ""Point"", ""coordinates"": [-75.71666666666667, 45.38333333333333]}"
6105978.2024.6.24,2024-06-24 00:00:00,6105978,3,,2,,0,,24,6,2024,27,,21,,43,,14.9,,ON,,,46,,OTTAWA CDA RCS,30578,14,,,,,,"{""type"": ""Point"", ""coordinates"": [-75.71666666666667, 45.38333333333333]}"
6105978.2024.6.25,2024-06-25 00:00:00,6105978,3.9,,23,,0,,25,6,2024,26.8,,21.9,,44,,16.9,,ON,,,46,,OTTAWA CDA RCS,30578,0,,,,,,"{""type"": ""Point"", ""coordinates"": [-75.71666666666667, 45.38333333333333]}"
6105978.2024.6.26,2024-06-26 00:00:00,6105978,2.4,,26,,0,,26,6,2024,26,,20.4,,49,,14.8,,ON,,,39,,OTTAWA CDA RCS,30578,10.4,,,,,,"{""type"": ""Point"", ""coordinates"": [-75.71666666666667, 45.38333333333333]}"
6105978.2024.6.27,2024-06-27 00:00:00,6105978,0,,30,,4.2,,27,6,2024,18.7,,13.8,,43,,8.9,,ON,,,48,,OTTAWA CDA RCS,30578,0,,,,,,"{""type"": ""Point"", ""coordinates"": [-75.71666666666667, 45.38333333333333]}"
6105978.2024.6.28,2024-06-28 00:00:00,6105978,0,,21,,2.6,,28,6,2024,23.4,,15.4,,37,,7.3,,ON,,,31,,OTTAWA CDA RCS,30578,0,,,,,,"{""type"": ""Point"", ""coordinates"": [-75.71666666666667, 45.38333333333333]}"
6105978.2024.6.29,2024-06-29 00:00:00,6105978,2,,19,,0,,29,6,2024,22.7,,20,,61,,17.4,,ON,,,34,,OTTAWA CDA RCS,30578,8.4,,,,,,"{""type"": ""Point"", ""coordinates"": [-75.71666666666667, 45.38333333333333]}"
6105978.2024.6.30,2024-06-30 00:00:00,6105978,2.3,,31,,0,,30,6,2024,25,,20.3,,58,,15.6,,ON,,,47,,OTTAWA CDA RCS,30578,0,,,,,,"{""type"": ""Point"", ""coordinates"": [-75.71666666666667, 45.38333333333333]}"
6105978.2024.7.1,2024-07-01 00:00:00,6105978,1.2,,,,0,,1,7,2024,24.9,,19.2,,37,,13.5,,ON,,,,,OTTAWA CDA RCS,30578,0,,,,,,"{""type"": ""Point"", ""coordinates"": [-75.71666666666667, 45.38333333333333]}"
6105978.2024.7.2,2024-07-02 00:00:00,6105978,1.9,,17,,0,,2,7,2024,27.1,,19.9,,38,,12.7,,ON,,,34,,OTTAWA CDA RCS,30578,0,,,,,,"{""type"": ""Point"", ""coordinates"": [-75.71666666666667, 45.38333333333333]}"
6105978.2024.7.3,2024-07-03 00:00:00,6105978,5.2,,20,,0,,3,7,2024,28.1,,23.2,,52,,18.4,,ON,,,40,,OTTAWA CDA RCS,30578,0.7,,,,,,"{""type"": ""Point"", ""coordinates"": [-75.71666666666667, 45.38333333333333]}"
6105978.2024.7.4,2024-07-04 00:00:00,6105978,6,,,,0,,4,7,2024,29.5,,24,,52,,18.5,,ON,,,,,OTTAWA CDA RCS,30578,0.6,,,,,,"{""type"": ""Point"", ""coordinates"": [-75.71666666666667, 45.38333333333333]}"
6105978.2024.7.5,2024-07-05 00:00:00,6105978,6.6,,1,,0,,5,7,2024,29.6,,24.6,,38,,19.5,,ON,,,37,,OTTAWA CDA RCS,30578,1.4,,,,,,"{""type"": ""Point"", ""coordinates"": [-75.71666666666667, 45.38333333333333]}"
6105978.2024.7.6,2024-07-06 00:00:00,6105978,5.4,,25,,0,,6,7,2024,28.1,,23.4,,66,,18.8,,ON,,,44,,OTTAWA CDA RCS,30578,12.2,,,,,,"{""type"": ""Point"", ""coordinates"": [-75.71666666666667, 45.38333333333333]}"
6105978.2024.7.7,2024-07-07 00:00:00,6105978,5.6,,,,0,,7,7,2024,27.8,,23.6,,56,,19.3,,ON,,,,,OTTAWA CDA RCS,30578,0,,,,,,"{""type"": ""Point"", ""coordinates"": [-75.71666666666667, 45.38333333333333]}"
6105978.2024.7.8,2024-07-08 00:00:00,6105978,5.6,,,,0,,8,7,2024,28.9,,23.6,,51,,18.4,,ON,,,,,OTTAWA CDA RCS,30578,0,,,,,,"{""type"": ""Point"", ""coordinates"": [-75.71666666666667, 45.38333333333333]}"
6105978.2024.7.9,2024-07-09 00:00:00,6105978,5.8,,28,,0,,9,7,2024,28.4,,23.8,,60,,19.2,,ON,,,54,,OTTAWA CDA RCS,30578,13.9,,,,,,"{""type"": ""Point"", ""coordinates"": [-75.71666666666667, 45.38333333333333]}"
6105978.2024.7.10,2024-07-10 00:00:00,6105978,2,,4,,0,,10,7,2024,21.6,,20,,87,,18.3,,ON,,,32,,OTTAWA CDA RCS,30578,21,,,,,,"{""type"": ""Point"", ""coordinates"": [-75.71666666666667, 45.38333333333333]}"
6105978.2024.7.11,2024-07-11 00:00:00,6105978,2.4,,,,0,,11,7,2024,21.9,,20.4,,82,,18.9,,ON,,,,,OTTAWA CDA RCS,30578,9.2,,,,,,"{""type"": ""Point"", ""coordinates"": [-75.71666666666667, 45.38333333333333]}"
6105978.2024.7.12,2024-07-12 00:00:00,6105978,5.6,,,,0,,12,7,2024,28.1,,23.6,,59,,19.2,,ON,,,,,OTTAWA CDA RCS,30578,0,,,,,,"{""type"": ""Point"", ""coordinates"": [-75.71666666666667, 45.38333333333333]}"
6105978.2024.7.13,2024-07-13 00:00:00,6105978,6.2,,31,,0,,13,7,2024,28.6,,24.2,,48,,19.7,,ON,,,38,,OTTAWA CDA RCS,30578,2.6,,,,,,"{""type"": ""Point"", ""coordinates"": [-75.71666666666667, 45.38333333333333]}"
6105978.2024.7.14,2024-07-14 00:00:00,6105978,5.4,,22,,0,,14,7,2024,29.6,,23.4,,50,,17.3,,ON,,,32,,OTTAWA CDA RCS,30578,0,,,,,,"{""type"": ""Point"", ""coordinates"": [-75.71666666666667, 45.38333333333333]}"
6105978.2024.7.15,2024-07-15 00:00:00,6105978,6.8,,33,,0,,15,7,2024,30,,24.8,,62,,19.6,,ON,,,42,,OTTAWA CDA RCS,30578,9.4,,,,,,"{""type"": ""Point"", ""coordinates"": [-75.71666666666667, 45.38333333333333]}"
6105978.2024.7.16,2024-07-16 00:00:00,6105978,4.9,,22,,0,,16,7,2024,26.2,,22.9,,78,,19.7,,ON,,,31,,OTTAWA CDA RCS,30578,0.2,,,,,,"{""type"": ""Point"", ""coordinates"": [-75.71666666666667, 45.38333333333333]}"
6105978.2024.7.17,2024-07-17 00:00:00,6105978,4.7,,33,,0,,17,7,2024,27.6,,22.7,,54,,17.7,,ON,,,31,,OTTAWA CDA RCS,30578,5.3,,,,,,"{""type"": ""Point"", ""coordinates"": [-75.71666666666667, 45.38333333333333]}"
6105978.2024.7.18,2024-07-18 00:00:00,6105978,0,,27,,0.8,,18,7,2024,20.1,,17.2,,64,,14.2,,ON,,,33,,OTTAWA CDA RCS,30578,0,,,,,,"{""type"": ""Point"", ""coordinates"": [-75.71666666666667, 45.38333333333333]}"
6105978.2024.7.19,2024-07-19 00:00:00,6105978,1.5,,,,0,,19,7,2024,25.7,,19.5,,42,,13.3,,ON,,,,,OTTAWA CDA RCS,30578,0,,,,,,"{""type"": ""Point"", ""coordinates"": [-75.71666666666667, 45.38333333333333]}"
6105978.2024.7.20,2024-07-20 00:00:00,6105978,2.7,,31,,0,,20,7,2024,27.8,,20.7,,45,,13.6,,ON,,,36,,OTTAWA CDA RCS,30578,1.2,,,,,,"{""type"": ""Point"", ""coordinates"": [-75.71666666666667, 45.38333333333333]}"
6105978.2024.7.21,2024-07-21 00:00:00,6105978,0.9,,,,0,,21,7,2024,24.4,,18.9,,43,,13.4,,ON,,,,,OTTAWA CDA RCS,30578,0,,,,,,"{""type"": ""Point"", ""coordinates"": [-75.71666666666667, 45.38333333333333]}"
6105978.2024.7.22,2024-07-22 00:00:00,6105978,1,,,,0,,22,7,2024,26.6,,19,,38,,11.4,,ON,,,,,OTTAWA CDA RCS,30578,0,,,,,,"{""type"": ""Point"", ""coordinates"": [-75.71666666666667, 45.38333333333333]}"
6105978.2024.7.23,2024-07-23 00:00:00,6105978,4.6,,,,0,,23,7,2024,27.5,,22.6,,45,,17.7,,ON,,,,,OTTAWA CDA RCS,30578,0,,,,,,"{""type"": ""Point"", ""coordinates"": [-75.71666666666667, 45.38333333333333]}"
6105978.2024.7.24,2024-07-24 00:00:00,6105978,3,,28,,0,,24,7,2024,24.8,,21,,76,,17.2,,ON,,,58,,OTTAWA CDA RCS,30578,26.8,,,,,,"{""type"": ""Point"", ""coordinates"": [-75.71666666666667, 45.38333333333333]}"
6105978.2024.7.25,2024-07-25 00:00:00,6105978,0.4,,31,,0,,25,7,2024,20.7,,18.4,,65,,16.1,,ON,,,48,,OTTAWA CDA RCS,30578,0.1,,,,,,"{""type"": ""Point"", ""coordinates"": [-75.71666666666667, 45.38333333333333]}"
6105978.2024.7.26,2024-07-26 00:00:00,6105978,2.6,,29,,0,,26,7,2024,26.7,,20.6,,44,,14.6,,ON,,,33,,OTTAWA CDA RCS,30578,0,,,,,,"{""type"": ""Point"", ""coordinates"": [-75.71666666666667, 45.38333333333333]}"
6105978.2024.7.27,2024-07-27 00:00:00,6105978,4,,,,0,,27,7,2024,27.6,,22,,46,,16.4,,ON,,,,,OTTAWA CDA RCS,30578,0,,,,,,"{""type"": ""Point"", ""coordinates"": [-75.71666666666667, 45.38333333333333]}"
6105978.2024.7.28,2024-07-28 00:00:00,6105978,4.4,,,,0,,28,7,2024,28.9,,22.4,,51,,15.9,,ON,,,,,OTTAWA CDA RCS,30578,0,,,,,,"{""type"": ""Point"", ""coordinates"": [-75.71666666666667, 45.38333333333333]}"
6105978.2024.7.29,2024-07-29 00:00:00,6105978,3.1,,,,0,,29,7,2024,27.2,,21.1,,54,,15.1,,ON,,,,,OTTAWA CDA RCS,30578,0,,,,,,"{""type"": ""Point"", ""coordinates"": [-75.71666666666667, 45.38333333333333]}"
6105978.2024.7.30,2024-07-30 00:00:00,6105978,4.6,,,,0,,30,7,2024,30.1,,22.6,,47,,15.1,,ON,,,,,OTTAWA CDA RCS,30578,0,,,,,,"{""type"": ""Point"", ""coordinates"": [-75.71666666666667, 45.38333333333333]}"
6105978.2024.7.31,2024-07-31 00:00:00,6105978,7.6,,33,,0,,31,7,2024,29.8,,25.6,,64,,21.4,,ON,,,35,,OTTAWA CDA RCS,30578,0,,,,,,"{""type"": ""Point"", ""coordinates"": [-75.71666666666667, 45.38333333333333]}"
6105978.2024.8.1,2024-08-01 00:00:00,6105978,8.4,,,,0,,1,8,2024,31.6,,26.4,,50,,21.1,,ON,,,,,OTTAWA CDA RCS,30578,0,,,,,,"{""type"": ""Point"", ""coordinates"": [-75.71666666666667, 45.38333333333333]}"
6105978.2024.8.2,2024-08-02 00:00:00,6105978,7.1,,,,0,,2,8,2024,31.3,,25.1,,52,,18.9,,ON,,,,,OTTAWA CDA RCS,30578,0,,,,,,"{""type"": ""Point"", ""coordinates"": [-75.71666666666667, 45.38333333333333]}"
6105978.2024.8.3,2024-08-03 00:00:00,6105978,7.9,,34,,0,,3,8,2024,31.3,,25.9,,55,,20.5,,ON,,,35,,OTTAWA CDA RCS,30578,0,,,,,,"{""type"": ""Point"", ""coordinates"": [-75.71666666666667, 45.38333333333333]}"
6105978.2024.8.4,2024-08-04 00:00:00,6105978,6.3,,29,,0,,4,8,2024,30.9,,24.3,,41,,17.6,,ON,,,36,,OTTAWA CDA RCS,30578,0,,,,,,"{""type"": ""Point"", ""coordinates"": [-75.71666666666667, 45.38333333333333]}"
6105978.2024.8.5,2024-08-05 00:00:00,6105978,0,,,,1.8,,5,8,2024,20.1,,16.2,,83,,12.2,,ON,,,,,OTTAWA CDA RCS,30578,10.4,,,,,,"{""type"": ""Point"", ""coordinates"": [-75.71666666666667, 45.38333333333333]}"
6105978.2024.8.6,2024-08-06 00:00:00,6105978,0.2,,,,0,,6,8,2024,23.6,,18.2,,39,,12.8,,ON,,,,,OTTAWA CDA RCS,30578,0,,,,,,"{""type"": ""Point"", ""coordinates"": [-75.71666666666667, 45.38333333333333]}"
6105978.2024.8.7,2024-08-07 00:00:00,6105978,0.6,,,,0,,7,8,2024,25,,18.6,,35,,12.2,,ON,,,,,OTTAWA CDA RCS,30578,0,,,,,,"{""type"": ""Point"", ""coordinates"": [-75.71666666666667, 45.38333333333333]}"
6105978.2024.8.8,2024-08-08 00:00:00,6105978,0.9,,12,,0,,8,8,2024,25.6,,18.9,,51,,12.3,,ON,,,35,,OTTAWA CDA RCS,30578,2.2,,,,,,"{""type"": ""Point"", ""coordinates"": [-75.71666666666667, 45.38333333333333]}"
6105978.2024.8.9,2024-08-09 00:00:00,6105978,1.5,,2,,0,,9,8,2024,20.9,,19.5,,92,,18.1,,ON,,,36,,OTTAWA CDA RCS,30578,74.1,,,,,,"{""type"": ""Point"", ""coordinates"": [-75.71666666666667, 45.38333333333333]}"
6105978.2024.8.10,2024-08-10 00:00:00,6105978,2,,21,,0,,10,8,2024,24.8,,20,,55,,15.2,,ON,,,40,,OTTAWA CDA RCS,30578,1.1,,,,,,"{""type"": ""Point"", ""coordinates"": [-75.71666666666667, 45.38333333333333]}"
6105978.2024.8.11,2024-08-11 00:00:00,6105978,0,,23,,0,,11,8,2024,22.2,,18,,62,,13.8,,ON,,,39,,OTTAWA CDA RCS,30578,4,,,,,,"{""type"": ""Point"", ""coordinates"": [-75.71666666666667, 45.38333333333333]}"
6105978.2024.8.12,2024-08-12 00:00:00,6105978,0,,28,,0.5,,12,8,2024,22,,17.5,,58,,13.1,,ON,,,39,,OTTAWA CDA RCS,30578,0,,,,,,"{""type"": ""Point"", ""coordinates"": [-75.71666666666667, 45.38333333333333]}"
6105978.2024.8.13,2024-08-13 00:00:00,6105978,2.7,,,,0,,13,8,2024,27.5,,20.7,,45,,13.9,,ON,,,,,OTTAWA CDA RCS,30578,0,,,,,,"{""type"": ""Point"", ""coordinates"": [-75.71666666666667, 45.38333333333333]}"
6105978.2024.8.14,2024-08-14 00:00:00,6105978,5.2,,,,0,,14,8,2024,28.6,,23.2,,45,,17.8,,ON,,,,,OTTAWA CDA RCS,30578,0,,,,,,"{""type"": ""Point"", ""coordinates"": [-75.71666666666667, 45.38333333333333]}"
6105978.2024.8.15,2024-08-15 00:00:00,6105978,6.3,,,,0,,15,8,2024,29.7,,24.3,,49,,18.9,,ON,,,,,OTTAWA CDA RCS,30578,0,,,,,,"{""type"": ""Point"", ""coordinates"": [-75.71666666666667, 45.38333333333333]}"
6105978.2024.8.16,2024-08-16 00:00:00,6105978,5.9,,,,0,,16,8,2024,29.8,,23.9,,48,,17.9,,ON,,,,,OTTAWA CDA RCS,30578,0,,,,,,"{""type"": ""Point"", ""coordinates"": [-75.71666666666667, 45.38333333333333]}"
6105978.2024.8.17,2024-08-17 00:00:00,6105978,4.3,,,,0,,17,8,2024,25.1,,22.3,,80,,19.5,,ON,,,,,OTTAWA CDA RCS,30578,9.2,,,,,,"{""type"": ""Point"", ""coordinates"": [-75.71666666666667, 45.38333333333333]}"
6105978.2024.8.18,2024-08-18 00:00:00,6105978,5.3,,19,,0,,18,8,2024,27,,23.3,,67,,19.7,,ON,,,41,,OTTAWA CDA RCS,30578,4.6,,,,,,"{""type"": ""Point"", ""coordinates"": [-75.71666666666667, 45.38333333333333]}"
6105978.2024.8.19,2024-08-19 00:00:00,6105978,0,,34,,2.5,,19,8,2024,19.9,,15.5,,64,,11.1,,ON,,,44,,OTTAWA CDA RCS,30578,1.5,,,,,,"{""type"": ""Point"", ""coordinates"": [-75.71666666666667, 45.38333333333333]}"
6105978.2024.8.20,2024-08-20 00:00:00,6105978,0,,35,,2.3,,20,8,2024,20.1,,15.7,,53,,11.3,,ON,,,46,,OTTAWA CDA RCS,30578,0,,,,,,"{""type"": ""Point"", ""coordinates"": [-75.71666666666667, 45.38333333333333]}"
6105978.2024.8.21,2024-08-21 00:00:00,6105978,0,,3,,1.7,,21,8,2024,19.6,,16.3,,55,,12.9,,ON,,,33,,OTTAWA CDA RCS,30578,6.5,,,,,,"{""type"": ""Point"", ""coordinates"": [-75.71666666666667, 45.38333333333333]}"
6105978.2024.8.22,2024-08-22 00:00:00,6105978,0.5,,31,,0,,22,8,2024,23.5,,18.5,,48,,13.5,,ON,,,35,,OTTAWA CDA RCS,30578,0,,,,,,"{""type"": ""Point"", ""coordinates"": [-75.71666666666667, 45.38333333333333]}"
6105978.2024.8.23,2024-08-23 00:00:00,6105978,0.4,,24,,0,,23,8,2024,25.3,,18.4,,45,,11.5,,ON,,,46,,OTTAWA CDA RCS,30578,0,,,,,,"{""type"": ""Point"", ""coordinates"": [-75.71666666666667, 45.38333333333333]}"
6105978.2024.8.24,2024-08-24 00:00:00,6105978,1.1,,,,0,,24,8,2024,25.7,,19.1,,51,,12.5,,ON,,,,,OTTAWA CDA RCS,30578,0,,,,,,"{""type"": ""Point"", ""coordinates"": [-75.71666666666667, 45.38333333333333]}"
6105978.2024.8.25,2024-08-25 00:00:00,6105978,4.3,,,,0,,25,8,2024,27.3,,22.3,,44,,17.3,,ON,,,,,OTTAWA CDA RCS,30578,0,,,,,,"{""type"": ""Point"", ""coordinates"": [-75.71666666666667, 45.38333333333333]}"
6105978.2024.8.26,2024-08-26 00:00:00,6105978,4.1,,,,0,,26,8,2024,28.6,,22.1,,45,,15.6,,ON,,,,,OTTAWA CDA RCS,30578,0,,,,,,"{""type"": ""Point"", ""coordinates"": [-75.71666666666667, 45.38333333333333]}"
6105978.2024.8.27,2024-08-27 00:00:00,6105978,4.5,,20,,0,,27,8,2024,28.9,,22.5,,50,,16.2,,ON,,,37,,OTTAWA CDA RCS,30578,1.4,,,,,,"{""type"": ""Point"", ""coordinates"": [-75.71666666666667, 45.38333333333333]}"
6105978.2024.8.28,2024-08-28 00:00:00,6105978,0,,33,,0.6,,28,8,2024,21.3,,17.4,,56,,13.6,,ON,,,43,,OTTAWA CDA RCS,30578,0,,,,,,"{""type"": ""Point"", ""coordinates"": [-75.71666666666667, 45.38333333333333]}"
6105978.2024.8.29,2024-08-29 00:00:00,6105978,0,,,,1.5,,29,8,2024,21.6,,16.5,,50,,11.4,,ON,,,,,OTTAWA CDA RCS,30578,0,,,,,,"{""type"": ""Point"", ""coordinates"": [-75.71666666666667, 45.38333333333333]}"
6105978.2024.8.30,2024-08-30 00:00:00,6105978,0,,,,0.3,,30,8,2024,23.4,,17.7,,75,,12.1,,ON,,,,,OTTAWA CDA RCS,30578,1.2,,,,,,"{""type"": ""Point"", ""coordinates"": [-75.71666666666667, 45.38333333333333]}"
6105978.2024.8.31,2024-08-31 00:00:00,6105978,1.3,,21,,0,,31,8,2024,24.4,,19.3,,63,,14.2,,ON,,,35,,OTTAWA CDA RCS,30578,18.7,,,,,,"{""type"": ""Point"", ""coordinates"": [-75.71666666666667, 45.38333333333333]}"
6105978.2024.9.1,2024-09-01 00:00:00,6105978,0.1,,31,,0,,1,9,2024,24.6,,18.1,,49,,11.5,,ON,,,50,,OTTAWA CDA RCS,30578,0,,,,,,"{""type"": ""Point"", ""coordinates"": [-75.71666666666667, 45.38333333333333]}"
6105978.2024.9.2,2024-09-02 00:00:00,6105978,0,,33,,3.7,,2,9,2024,19,,14.3,,39,,9.6,,ON,,,35,,OTTAWA CDA RCS,30578,0,,,,,,"{""type"": ""Point"", ""coordinates"": [-75.71666666666667, 45.38333333333333]}"
6105978.2024.9.3,2024-09-03 00:00:00,6105978,0,,,,2,,3,9,2024,23.4,,16,,39,,8.6,,ON,,,,,OTTAWA CDA RCS,30578,0,,,,,,"{""type"": ""Point"", ""coordinates"": [-75.71666666666667, 45.38333333333333]}"
6105978.2024.9.4,2024-09-04 00:00:00,6105978,0,,22,,0.6,,4,9,2024,24.9,,17.4,,44,,9.9,,ON,,,32,,OTTAWA CDA RCS,30578,0,,,,,,"{""type"": ""Point"", ""coordinates"": [-75.71666666666667, 45.38333333333333]}"
6105978.2024.9.5,2024-09-05 00:00:00,6105978,0,,19,,0.4,,5,9,2024,25.5,,17.6,,45,,9.8,,ON,,,34,,OTTAWA CDA RCS,30578,0,,,,,,"{""type"": ""Point"", ""coordinates"": [-75.71666666666667, 45.38333333333333]}"
6105978.2024.9.6,2024-09-06 00:00:00,6105978,0,,,,0.2,,6,9,2024,21.9,,17.8,,60,,13.8,,ON,,,,,OTTAWA CDA RCS,30578,1.6,,,,,,"{""type"": ""Point"", ""coordinates"": [-75.71666666666667, 45.38333333333333]}"
6105978.2024.9.7,2024-09-07 00:00:00,6105978,0,,27,,5.9,,7,9,2024,17.8,,12.1,,77,,6.4,,ON,,,40,,OTTAWA CDA RCS,30578,20.9,,,,,,"{""type"": ""Point"", ""coordinates"": [-75.71666666666667, 45.38333333333333]}"
6105978.2024.9.8,2024-09-08 00:00:00,6105978,0,,25,,8.4,,8,9,2024,13.1,,9.6,,61,,6.1,,ON,,,47,,OTTAWA CDA RCS,30578,0,,,,,,"{""type"": ""Point"", ""coordinates"": [-75.71666666666667, 45.38333333333333]}"
6105978.2024.9.9,2024-09-09 00:00:00,6105978,0,,,,4.2,,9,9,2024,19.1,,13.8,,50,,8.5,,ON,,,,,OTTAWA CDA RCS,30578,0.1,,,,,,"{""type"": ""Point"", ""coordinates"": [-75.71666666666667, 45.38333333333333]}"
6105978.2024.9.10,2024-09-10 00:00:00,6105978,0,,,,4.1,,10,9,2024,21.1,,13.9,,41,,6.7,,ON,,,,,OTTAWA CDA RCS,30578,0,,,,,,"{""type"": ""Point"", ""coordinates"": [-75.71666666666667, 45.38333333333333]}"
6105978.2024.9.11,2024-09-11 00:00:00,6105978,0,,,,1.6,,11,9,2024,24.6,,16.4,,48,,8.2,,ON,,,,,OTTAWA CDA RCS,30578,0,,,,,,"{""type"": ""Point"", ""coordinates"": [-75.71666666666667, 45.38333333333333]}"
6105978.2024.9.12,2024-09-12 00:00:00,6105978,1.7,,,,0,,12,9,2024,25.5,,19.7,,46,,13.9,,ON,,,,,OTTAWA CDA RCS,30578,0,,,,,,"{""type"": ""Point"", ""coordinates"": [-75.71666666666667, 45.38333333333333]}"
6105978.2024.9.13,2024-09-13 00:00:00,6105978,2.2,,,,0,,13,9,2024,27.8,,20.2,,49,,12.6,,ON,,,,,OTTAWA CDA RCS,30578,0,,,,,,"{""type"": ""Point"", ""coordinates"": [-75.71666666666667, 45.38333333333333]}"
6105978.2024.9.14,2024-09-14 00:00:00,6105978,2.6,,,,0,,14,9,2024,28.1,,20.6,,47,,13.2,,ON,,,,,OTTAWA CDA RCS,30578,0,,,,,,"{""type"": ""Point"", ""coordinates"": [-75.71666666666667, 45.38333333333333]}"
6105978.2024.9.15,2024-09-15 00:00:00,6105978,3.4,,,,0,,15,9,2024,28.9,,21.4,,47,,13.9,,ON,,,,,OTTAWA CDA RCS,30578,0,,,,,,"{""type"": ""Point"", ""coordinates"": [-75.71666666666667, 45.38333333333333]}"
6105978.2024.9.16,2024-09-16 00:00:00,6105978,3,,,,0,,16,9,2024,29.1,,21,,45,,12.9,,ON,,,,,OTTAWA CDA RCS,30578,0,,,,,,"{""type"": ""Point"", ""coordinates"": [-75.71666666666667, 45.38333333333333]}"
6105978.2024.9.17,2024-09-17 00:00:00,6105978,3.6,,,,0,,17,9,2024,29,,21.6,,36,,14.2,,ON,,,,,OTTAWA CDA RCS,30578,0,,,,,,"{""type"": ""Point"", ""coordinates"": [-75.71666666666667, 45.38333333333333]}"
6105978.2024.9.18,2024-09-18 00:00:00,6105978,2.1,,,,0,,18,9,2024,27.8,,20.1,,38,,12.5,,ON,,,,,OTTAWA CDA RCS,30578,0,,,,,,"{""type"": ""Point"", ""coordinates"": [-75.71666666666667, 45.38333333333333]}"
6105978.2024.9.19,2024-09-19 00:00:00,6105978,2.5,,,,0,,19,9,2024,27.8,,20.5,,40,,13.1,,ON,,,,,OTTAWA CDA RCS,30578,0,,,,,,"{""type"": ""Point"", ""coordinates"": [-75.71666666666667, 45.38333333333333]}"
6105978.2024.9.20,2024-09-20 00:00:00,6105978,2.9,,,,0,,20,9,2024,26.1,,20.9,,52,,15.6,,ON,,,,,OTTAWA CDA RCS,30578,0,,,,,,"{""type"": ""Point"", ""coordinates"": [-75.71666666666667, 45.38333333333333]}"
6105978.2024.9.21,2024-09-21 00:00:00,6105978,1.8,,10,,0,,21,9,2024,24.9,,19.8,,58,,14.7,,ON,,,32,,OTTAWA CDA RCS,30578,0,,,,,,"{""type"": ""Point"", ""coordinates"": [-75.71666666666667, 45.38333333333333]}"
6105978.2024.9.22,2024-09-22 00:00:00,6105978,0.1,,8,,0,,22,9,2024,23.1,,18.1,,53,,13.1,,ON,,,31,,OTTAWA CDA RCS,30578,0,,,,,,"{""type"": ""Point"", ""coordinates"": [-75.71666666666667, 45.38333333333333]}"
6105978.2024.9.23,2024-09-23 00:00:00,6105978,0,,,,1.6,,23,9,2024,18.3,,16.4,,74,,14.4,,ON,,,,,OTTAWA CDA RCS,30578,0.6,,,,,,"{""type"": ""Point"", ""coordinates"": [-75.71666666666667, 45.38333333333333]}"
6105978.2024.9.24,2024-09-24 00:00:00,6105978,0,,9,,1.3,,24,9,2024,20.5,,16.7,,56,,12.8,,ON,,,37,,OTTAWA CDA RCS,30578,0.5,,,,,,"{""type"": ""Point"", ""coordinates"": [-75.71666666666667, 45.38333333333333]}"
6105978.2024.9.25,2024-09-25 00:00:00,6105978,0,,18,,3.1,,25,9,2024,16.6,,14.9,,85,,13.1,,ON,,,32,,OTTAWA CDA RCS,30578,24.2,,,,,,"{""type"": ""Point"", ""coordinates"": [-75.71666666666667, 45.38333333333333]}"
6105978.2024.9.26,2024-09-26 00:00:00,6105978,0,,29,,1,,26,9,2024,21.9,,17,,46,,12,,ON,,,37,,OTTAWA CDA RCS,30578,2.1,,,,,,"{""type"": ""Point"", ""coordinates"": [-75.71666666666667, 45.38333333333333]}"
6105978.2024.9.27,2024-09-27 00:00:00,6105978,0,,,,1.9,,27,9,2024,21.7,,16.1,,51,,10.5,,ON,,,,,OTTAWA CDA RCS,30578,0,,,,,,"{""type"": ""Point"", ""coordinates"": [-75.71666666666667, 45.38333333333333]}"
6105978.2024.9.28,2024-09-28 00:00:00,6105978,0,,,,2.4,,28,9,2024,22.2,,15.6,,55,,9.1,,ON,,,,,OTTAWA CDA RCS,30578,0,,,,,,"{""type"": ""Point"", ""coordinates"": [-75.71666666666667, 45.38333333333333]}"
6105978.2024.9.29,2024-09-29 00:00:00,6105978,0,,,,0.9,,29,9,2024,23.7,,17.1,,55,,10.5,,ON,,,,,OTTAWA CDA RCS,30578,0,,,,,,"{""type"": ""Point"", ""coordinates"": [-75.71666666666667, 45.38333333333333]}"
6105978.2024.9.30,2024-09-30 00:00:00,6105978,0,,,,0.5,,30,9,2024,22.9,,17.5,,45,,12.1,,ON,,,,,OTTAWA CDA RCS,30578,0,,,,,,"{""type"": ""Point"", ""coordinates"": [-75.71666666666667, 45.38333333333333]}"
6105978.2024.10.1,2024-10-01 00:00:00,6105978,,M,,M,,M,1,10,2024,,M,,M,,M,,M,ON,,,,M,OTTAWA CDA RCS,30578,,M,,,,,"{""type"": ""Point"", ""coordinates"": [-75.71666666666667, 45.38333333333333]}"
6105978.2024.10.2,2024-10-02 00:00:00,6105978,0,,,,6.3,,2,10,2024,16.7,,11.7,,67,,6.6,,ON,,,,,OTTAWA CDA RCS,30578,9,,,,,,"{""type"": ""Point"", ""coordinates"": [-75.71666666666667, 45.38333333333333]}"
6105978.2024.10.3,2024-10-03 00:00:00,6105978,,M,,M,,M,3,10,2024,,M,,M,,M,,M,ON,,,,M,OTTAWA CDA RCS,30578,,M,,,,,"{""type"": ""Point"", ""coordinates"": [-75.71666666666667, 45.38333333333333]}"
6105978.2024.10.4,2024-10-04 00:00:00,6105978,0,,,,4.1,,4,10,2024,20.6,,13.9,,50,,7.3,,ON,,,,,OTTAWA CDA RCS,30578,0,,,,,,"{""type"": ""Point"", ""coordinates"": [-75.71666666666667, 45.38333333333333]}"
6105978.2024.10.5,2024-10-05 00:00:00,6105978,0,,,,7.4,,5,10,2024,17.1,,10.6,,35,,4.1,,ON,,,,,OTTAWA CDA RCS,30578,0,,,,,,"{""type"": ""Point"", ""coordinates"": [-75.71666666666667, 45.38333333333333]}"
6105978.2024.10.6,2024-10-06 00:00:00,6105978,0,,13,,6,,6,10,2024,20.2,,12,,47,,3.8,,ON,,,38,,OTTAWA CDA RCS,30578,8.3,,,,,,"{""type"": ""Point"", ""coordinates"": [-75.71666666666667, 45.38333333333333]}"
6105978.2024.10.7,2024-10-07 00:00:00,6105978,0,,31,,9.9,,7,10,2024,13.7,,8.1,,57,,2.4,,ON,,,42,,OTTAWA CDA RCS,30578,0,,,,,,"{""type"": ""Point"", ""coordinates"": [-75.71666666666667, 45.38333333333333]}"
6105978.2024.10.8,2024-10-08 00:00:00,6105978,0,,,,10.1,,8,10,2024,14.7,,7.9,,43,,1.1,,ON,,,,,OTTAWA CDA RCS,30578,0.9,,,,,,"{""type"": ""Point"", ""coordinates"": [-75.71666666666667, 45.38333333333333]}"
6105978.2024.10.9,2024-10-09 00:00:00,6105978,0,,,,10.9,,9,10,2024,9.6,,7.1,,68,,4.6,,ON,,,,,OTTAWA CDA RCS,30578,0.2,,,,,,"{""type"": ""Point"", ""coordinates"": [-75.71666666666667, 45.38333333333333]}"
6105978.2024.10.10,2024-10-10 00:00:00,6105978,0,,31,,9.8,,10,10,2024,12.3,,8.2,,57,,4.2,,ON,,,33,,OTTAWA CDA RCS,30578,0,,,,,,"{""type"": ""Point"", ""coordinates"": [-75.71666666666667, 45.38333333333333]}"
6105978.2024.10.11,2024-10-11 00:00:00,6105978,0,,22,,7.3,,11,10,2024,17.8,,10.7,,51,,3.6,,ON,,,42,,OTTAWA CDA RCS,30578,1.2,,,,,,"{""type"": ""Point"", ""coordinates"": [-75.71666666666667, 45.38333333333333]}"
6105978.2024.10.12,2024-10-12 00:00:00,6105978,0,,34,,8.6,,12,10,2024,14.8,,9.4,,41,,3.9,,ON,,,51,,OTTAWA CDA RCS,30578,0,,,,,,"{""type"": ""Point"", ""coordinates"": [-75.71666666666667, 45.38333333333333]}"
6105978.2024.10.13,2024-10-13 00:00:00,6105978,0,,,,9.9,,13,10,2024,11,,8.1,,50,,5.1,,ON,,,,,OTTAWA CDA RCS,30578,0,,,,,,"{""type"": ""Point"", ""coordinates"": [-75.71666666666667, 45.38333333333333]}"
6105978.2024.10.14,2024-10-14 00:00:00,6105978,0,,35,,10.3,,14,10,2024,11.1,,7.7,,51,,4.3,,ON,,,39,,OTTAWA CDA RCS,30578,0,,,,,,"{""type"": ""Point"", ""coordinates"": [-75.71666666666667, 45.38333333333333]}"
6105978.2024.10.15,2024-10-15 00:00:00,6105978,0,,34,,11.2,,15,10,2024,8.9,,6.8,,67,,4.8,,ON,,,40,,OTTAWA CDA RCS,30578,1.1,,,,,,"{""type"": ""Point"", ""coordinates"": [-75.71666666666667, 45.38333333333333]}"
6105978.2024.10.16,2024-10-16 00:00:00,6105978,0,,34,,11.5,,16,10,2024,11.2,,6.5,,45,,1.7,,ON,,,34,,OTTAWA CDA RCS,30578,0,,,,,,"{""type"": ""Point"", ""coordinates"": [-75.71666666666667, 45.38333333333333]}"
6105978.2024.10.17,2024-10-17 00:00:00,6105978,0,,,,10.9,,17,10,2024,14.9,,7.1,,33,,-0.7,,ON,,,,,OTTAWA CDA RCS,30578,0,,,,,,"{""type"": ""Point"", ""coordinates"": [-75.71666666666667, 45.38333333333333]}"
6105978.2024.10.18,2024-10-18 00:00:00,6105978,,M,,M,,M,18,10,2024,,M,,M,,M,,M,ON,,,,M,OTTAWA CDA RCS,30578,,M,,,,,"{""type"": ""Point"", ""coordinates"": [-75.71666666666667, 45.38333333333333]}"
6105978.2024.10.19,2024-10-19 00:00:00,6105978,0,,,,8.4,,19,10,2024,19.7,,9.6,,37,,-0.5,,ON,,,,,OTTAWA CDA RCS,30578,0,,,,,,"{""type"": ""Point"", ""coordinates"": [-75.71666666666667, 45.38333333333333]}"
6105978.2024.10.20,2024-10-20 00:00:00,6105978,0,,22,,6,,20,10,2024,21.1,,12,,38,,3,,ON,,,38,,OTTAWA CDA RCS,30578,0,,,,,,"{""type"": ""Point"", ""coordinates"": [-75.71666666666667, 45.38333333333333]}"
6105978.2024.10.21,2024-10-21 00:00:00,6105978,0,,,,0.2,,21,10,2024,24.6,,17.8,,43,,11,,ON,,,,,OTTAWA CDA RCS,30578,0,,,,,,"{""type"": ""Point"", ""coordinates"": [-75.71666666666667, 45.38333333333333]}"
6105978.2024.10.22,2024-10-22 00:00:00,6105978,0,,,,1.1,,22,10,2024,24.3,,16.9,,48,,9.5,,ON,,,,,OTTAWA CDA RCS,30578,0,,,,,,"{""type"": ""Point"", ""coordinates"": [-75.71666666666667, 45.38333333333333]}"
6105978.2024.10.23,2024-10-23 00:00:00,6105978,0,,20,,4.1,,23,10,2024,20.9,,13.9,,50,,6.9,,ON,,,43,,OTTAWA CDA RCS,30578,0.3,,,,,,"{""type"": ""Point"", ""coordinates"": [-75.71666666666667, 45.38333333333333]}"
6105978.2024.10.24,2024-10-24 00:00:00,6105978,0,,,,13.2,,24,10,2024,10,,4.8,,57,,-0.5,,ON,,,,,OTTAWA CDA RCS,30578,0,,,,,,"{""type"": ""Point"", ""coordinates"": [-75.71666666666667, 45.38333333333333]}"
6105978.2024.10.25,2024-10-25 00:00:00,6105978,0,,,,13.9,,25,10,2024,10.1,,4.1,,50,,-2,,ON,,,,,OTTAWA CDA RCS,30578,0,,,,,,"{""type"": ""Point"", ""coordinates"": [-75.71666666666667, 45.38333333333333]}"
6105978.2024.10.26,2024-10-26 00:00:00,6105978,0,,31,,12.3,,26,10,2024,10.5,,5.7,,41,,0.8,,ON,,,43,,OTTAWA CDA RCS,30578,0.2,,,,,,"{""type"": ""Point"", ""coordinates"": [-75.71666666666667, 45.38333333333333]}"
6105978.2024.10.27,2024-10-27 00:00:00,6105978,0,,30,,14.4,,27,10,2024,7,,3.6,,43,,0.3,,ON,,,33,,OTTAWA CDA RCS,30578,0,,,,,,"{""type"": ""Point"", ""coordinates"": [-75.71666666666667, 45.38333333333333]}"
6105978.2024.10.28,2024-10-28 00:00:00,6105978,0,,,,16.7,,28,10,2024,6.5,,1.3,,21,,-3.9,,ON,,,,,OTTAWA CDA RCS,30578,0,,,,,,"{""type"": ""Point"", ""coordinates"": [-75.71666666666667, 45.38333333333333]}"
6105978.2024.10.29,2024-10-29 00:00:00,6105978,0,,16,,12.3,,29,10,2024,11.1,,5.7,,47,,0.3,,ON,,,36,,OTTAWA CDA RCS,30578,21.4,,,,,,"{""type"": ""Point"", ""coordinates"": [-75.71666666666667, 45.38333333333333]}"
6105978.2024.10.30,2024-10-30 00:00:00,6105978,0,,21,,3.2,,30,10,2024,21.9,,14.8,,65,,7.6,,ON,,,37,,OTTAWA CDA RCS,30578,0,,,,,,"{""type"": ""Point"", ""coordinates"": [-75.71666666666667, 45.38333333333333]}"
6105978.2024.10.31,2024-10-31 00:00:00,6105978,0.7,,22,,0,,31,10,2024,23.7,,18.7,,55,,13.7,,ON,,,55,,OTTAWA CDA RCS,30578,7.8,,,,,,"{""type"": ""Point"", ""coordinates"": [-75.71666666666667, 45.38333333333333]}"
6105978.2024.11.1,2024-11-01 00:00:00,6105978,,M,,M,,M,1,11,2024,,M,,M,,M,,M,ON,,,,M,OTTAWA CDA RCS,30578,,M,,,,,"{""type"": ""Point"", ""coordinates"": [-75.71666666666667, 45.38333333333333]}"
6105978.2024.11.2,2024-11-02 00:00:00,6105978,0,,,,16.4,,2,11,2024,5.6,,1.6,,51,,-2.4,,ON,,,,,OTTAWA CDA RCS,30578,0,,,,,,"{""type"": ""Point"", ""coordinates"": [-75.71666666666667, 45.38333333333333]}"
6105978.2024.11.3,2024-11-03 00:00:00,6105978,0,,,,17,,3,11,2024,6.4,,1,,42,,-4.4,,ON,,,,,OTTAWA CDA RCS,30578,0,,,,,,"{""type"": ""Point"", ""coordinates"": [-75.71666666666667, 45.38333333333333]}"
6105978.2024.11.4,2024-11-04 00:00:00,6105978,0,,,,14.7,,4,11,2024,5.6,,3.3,,71,,1,,ON,,,,,OTTAWA CDA RCS,30578,7,,,,,,"{""type"": ""Point"", ""coordinates"": [-75.71666666666667, 45.38333333333333]}"
6105978.2024.11.5,2024-11-05 00:00:00,6105978,0,,22,,5.6,,5,11,2024,19.3,,12.4,,66,,5.6,,ON,0,,38,,OTTAWA CDA RCS,30578,0,,,,,,"{""type"": ""Point"", ""coordinates"": [-75.71666666666667, 45.38333333333333]}"
6105978.2024.11.6,2024-11-06 00:00:00,6105978,0,,21,,3.3,,6,11,2024,19.9,,14.7,,59,,9.4,,ON,0,,44,,OTTAWA CDA RCS,30578,0,,,,,,"{""type"": ""Point"", ""coordinates"": [-75.71666666666667, 45.38333333333333]}"
6105978.2024.11.7,2024-11-07 00:00:00,6105978,0,,30,,9.9,,7,11,2024,11.2,,8.1,,49,,5.1,,ON,,,39,,OTTAWA CDA RCS,30578,0,,,,,,"{""type"": ""Point"", ""coordinates"": [-75.71666666666667, 45.38333333333333]}"
6105978.2024.11.8,2024-11-08 00:00:00,6105978,0,,32,,10.7,,8,11,2024,12.2,,7.3,,46,,2.5,,ON,,,66,,OTTAWA CDA RCS,30578,0.5,,,,,,"{""type"": ""Point"", ""coordinates"": [-75.71666666666667, 45.38333333333333]}"
6105978.2024.11.9,2024-11-09 00:00:00,6105978,0,,,,14.7,,9,11,2024,7,,3.3,,45,,-0.3,,ON,,,,,OTTAWA CDA RCS,30578,0,,,,,,"{""type"": ""Point"", ""coordinates"": [-75.71666666666667, 45.38333333333333]}"
6105978.2024.11.10,2024-11-10 00:00:00,6105978,0,,,,16.4,,10,11,2024,5.5,,1.6,,66,,-2.3,,ON,,,,,OTTAWA CDA RCS,30578,4,,,,,,"{""type"": ""Point"", ""coordinates"": [-75.71666666666667, 45.38333333333333]}"
6105978.2024.11.11,2024-11-11 00:00:00,6105978,0,,33,,9.8,,11,11,2024,12.6,,8.2,,79,,3.8,,ON,0,,45,,OTTAWA CDA RCS,30578,8.7,,,,,,"{""type"": ""Point"", ""coordinates"": [-75.71666666666667, 45.38333333333333]}"
6105978.2024.11.12,2024-11-12 00:00:00,6105978,0,,32,,16.7,,12,11,2024,5.1,,1.3,,51,,-2.6,,ON,,,47,,OTTAWA CDA RCS,30578,0,,,,,,"{""type"": ""Point"", ""coordinates"": [-75.71666666666667, 45.38333333333333]}"
6105978.2024.11.13,2024-11-13 00:00:00,6105978,0,,,,17.7,,13,11,2024,4.3,,0.3,,47,,-3.7,,ON,,,,,OTTAWA CDA RCS,30578,0,,,,,,"{""type"": ""Point"", ""coordinates"": [-75.71666666666667, 45.38333333333333]}"
6105978.2024.11.14,2024-11-14 00:00:00,6105978,0,,7,,17.9,,14,11,2024,3.3,,0.1,,51,,-3,,ON,,,32,,OTTAWA CDA RCS,30578,0,,,,,,"{""type"": ""Point"", ""coordinates"": [-75.71666666666667, 45.38333333333333]}"
6105978.2024.11.15,2024-11-15 00:00:00,6105978,0,,,,13.2,,15,11,2024,10,,4.8,,28,,-0.5,,ON,,,,,OTTAWA CDA RCS,30578,0,,,,,,"{""type"": ""Point"", ""coordinates"": [-75.71666666666667, 45.38333333333333]}"
6105978.2024.11.16,2024-11-16 00:00:00,6105978,0,,,,10.9,,16,11,2024,13.3,,7.1,,24,,0.8,,ON,,,,,OTTAWA CDA RCS,30578,0,,,,,,"{""type"": ""Point"", ""coordinates"": [-75.71666666666667, 45.38333333333333]}"
6105978.2024.11.17,2024-11-17 00:00:00,6105978,0,,,,15.2,,17,11,2024,8.1,,2.8,,50,,-2.5,,ON,,,,,OTTAWA CDA RCS,30578,1.3,,,,,,"{""type"": ""Point"", ""coordinates"": [-75.71666666666667, 45.38333333333333]}"
6105978.2024.11.18,2024-11-18 00:00:00,6105978,0,,28,,12.1,,18,11,2024,10.3,,5.9,,62,,1.5,,ON,,,35,,OTTAWA CDA RCS,30578,0.3,,,,,,"{""type"": ""Point"", ""coordinates"": [-75.71666666666667, 45.38333333333333]}"
6105978.2024.11.19,2024-11-19 00:00:00,6105978,0,,,,11.9,,19,11,2024,10,,6.1,,64,,2.3,,ON,,,,,OTTAWA CDA RCS,30578,0,,,,,,"{""type"": ""Point"", ""coordinates"": [-75.71666666666667, 45.38333333333333]}"
6105978.2024.11.20,2024-11-20 00:00:00,6105978,0,,8,,13.3,,20,11,2024,6.8,,4.7,,82,,2.5,,ON,,,47,,OTTAWA CDA RCS,30578,0,,,,,,"{""type"": ""Point"", ""coordinates"": [-75.71666666666667, 45.38333333333333]}"
6105978.2024.11.21,2024-11-21 00:00:00,6105978,0,,8,,12.5,,21,11,2024,6.5,,5.5,,90,,4.6,,ON,,,43,,OTTAWA CDA RCS,30578,20.4,,,,,,"{""type"": ""Point"", ""coordinates"": [-75.71666666666667, 45.38333333333333]}"
6105978.2024.11.22,2024-11-22 00:00:00,6105978,0,,8,,11.7,,22,11,2024,7.6,,6.3,,77,,5,,ON,,,44,,OTTAWA CDA RCS,30578,6,,,,,,"{""type"": ""Point"", ""coordinates"": [-75.71666666666667, 45.38333333333333]}"
6105978.2024.11.23,2024-11-23 00:00:00,6105978,0,,32,,13.5,,23,11,2024,6.9,,4.5,,71,,2,,ON,,,43,,OTTAWA CDA RCS,30578,0.4,,,,,,"{""type"": ""Point"", ""coordinates"": [-75.71666666666667, 45.38333333333333]}"
6105978.2024.11.24,2024-11-24 00:00:00,6105978,0,,31,,16.8,,24,11,2024,3.9,,1.2,,51,,-1.6,,ON,,,45,,OTTAWA CDA RCS,30578,0,,,,,,"{""type"": ""Point"", ""coordinates"": [-75.71666666666667, 45.38333333333333]}"
6105978.2024.11.25,2024-11-25 00:00:00,6105978,0,,,,17.6,,25,11,2024,3.8,,0.4,,65,,-2.9,,ON,0,,,,OTTAWA CDA RCS,30578,0,,,,,,"{""type"": ""Point"", ""coordinates"": [-75.71666666666667, 45.38333333333333]}"
6105978.2024.11.26,2024-11-26 00:00:00,6105978,0,,23,,15.6,,26,11,2024,4.6,,2.4,,75,,0.3,,ON,,,32,,OTTAWA CDA RCS,30578,6.7,,,,,,"{""type"": ""Point"", ""coordinates"": [-75.71666666666667, 45.38333333333333]}"
6105978.2024.11.27,2024-11-27 00:00:00,6105978,0,,23,,14.9,,27,11,2024,6.4,,3.1,,57,,-0.2,,ON,,,42,,OTTAWA CDA RCS,30578,0,,,,,,"{""type"": ""Point"", ""coordinates"": [-75.71666666666667, 45.38333333333333]}"
6105978.2024.11.28,2024-11-28 00:00:00,6105978,0,,,,18,,28,11,2024,2.8,,0,,73,,-2.8,,ON,,,,,OTTAWA CDA RCS,30578,0,,,,,,"{""type"": ""Point"", ""coordinates"": [-75.71666666666667, 45.38333333333333]}"
6105978.2024.11.29,2024-11-29 00:00:00,6105978,0,,23,,18.1,,29,11,2024,3.3,,-0.1,,56,,-3.4,,ON,0,,35,,OTTAWA CDA RCS,30578,0,,,,,,"{""type"": ""Point"", ""coordinates"": [-75.71666666666667, 45.38333333333333]}"
6105978.2024.11.30,2024-11-30 00:00:00,6105978,0,,24,,17,,30,11,2024,3.2,,1,,52,,-1.3,,ON,0,,31,,OTTAWA CDA RCS,30578,0.1,,,,,,"{""type"": ""Point"", ""coordinates"": [-75.71666666666667, 45.38333333333333]}"
6105978.2024.12.1,2024-12-01 00:00:00,6105978,0,,22,,20.1,,1,12,2024,0,,-2.1,,67,,-4.2,,ON,,,31,,OTTAWA CDA RCS,30578,0.1,,,,,,"{""type"": ""Point"", ""coordinates"": [-75.71666666666667, 45.38333333333333]}"
6105978.2024.12.2,2024-12-02 00:00:00,6105978,0,,,,21.1,,2,12,2024,-0.6,,-3.1,,69,,-5.6,,ON,,,,,OTTAWA CDA RCS,30578,0,,,,,,"{""type"": ""Point"", ""coordinates"": [-75.71666666666667, 45.38333333333333]}"
6105978.2024.12.3,2024-12-03 00:00:00,6105978,0,,,,21,,3,12,2024,0,,-3,,54,,-5.9,,ON,0,,,,OTTAWA CDA RCS,30578,0,,,,,,"{""type"": ""Point"", ""coordinates"": [-75.71666666666667, 45.38333333333333]}"
6105978.2024.12.4,2024-12-04 00:00:00,6105978,0,,18,,21.1,,4,12,2024,-1,,-3.1,,83,,-5.2,,ON,0,,43,,OTTAWA CDA RCS,30578,5.2,,,,,,"{""type"": ""Point"", ""coordinates"": [-75.71666666666667, 45.38333333333333]}"
6105978.2024.12.5,2024-12-05 00:00:00,6105978,0,,30,,20.6,,5,12,2024,0.6,,-2.6,,63,,-5.8,,ON,5,,49,,OTTAWA CDA RCS,30578,2,,,,,,"{""type"": ""Point"", ""coordinates"": [-75.71666666666667, 45.38333333333333]}"
6105978.2024.12.6,2024-12-06 00:00:00,6105978,0,,30,,26.2,,6,12,2024,-5.5,,-8.2,,58,,-10.8,,ON,2,,44,,OTTAWA CDA RCS,30578,0,,,,,,"{""type"": ""Point"", ""coordinates"": [-75.71666666666667, 45.38333333333333]}"
6105978.2024.12.7,2024-12-07 00:00:00,6105978,0,,,,22.6,,7,12,2024,-1.5,,-4.6,,60,,-7.6,,ON,2,,,,OTTAWA CDA RCS,30578,8,,,,,,"{""type"": ""Point"", ""coordinates"": [-75.71666666666667, 45.38333333333333]}"
6105978.2024.12.8,2024-12-08 00:00:00,6105978,0,,28,,19.1,,8,12,2024,2.8,,-1.1,,66,,-4.9,,ON,16,,43,,OTTAWA CDA RCS,30578,7.5,,,,,,"{""type"": ""Point"", ""coordinates"": [-75.71666666666667, 45.38333333333333]}"
6105978.2024.12.9,2024-12-09 00:00:00,6105978,0,,8,,24,,9,12,2024,-4.5,,-6,,69,,-7.5,,ON,8,,52,,OTTAWA CDA RCS,30578,3,,,,,,"{""type"": ""Point"", ""coordinates"": [-75.71666666666667, 45.38333333333333]}"
6105978.2024.12.10,2024-12-10 00:00:00,6105978,0,,,,19.8,,10,12,2024,1,,-1.8,,94,,-4.6,,ON,9,,,,OTTAWA CDA RCS,30578,12.7,,,,,,"{""type"": ""Point"", ""coordinates"": [-75.71666666666667, 45.38333333333333]}"
6105978.2024.12.11,2024-12-11 00:00:00,6105978,0,,27,,16.6,,11,12,2024,2,,1.4,,76,,0.9,,ON,7,,49,,OTTAWA CDA RCS,30578,5.2,,,,,,"{""type"": ""Point"", ""coordinates"": [-75.71666666666667, 45.38333333333333]}"
6105978.2024.12.12,2024-12-12 00:00:00,6105978,,M,,M,,M,12,12,2024,,M,,M,,M,,M,ON,4,,,M,OTTAWA CDA RCS,30578,,M,,,,,"{""type"": ""Point"", ""coordinates"": [-75.71666666666667, 45.38333333333333]}"
6105978.2024.12.13,2024-12-13 00:00:00,6105978,0,,27,,25.7,,13,12,2024,-4.6,,-7.7,,51,,-10.8,,ON,5,,37,,OTTAWA CDA RCS,30578,0,,,,,,"{""type"": ""Point"", ""coordinates"": [-75.71666666666667, 45.38333333333333]}"
6105978.2024.12.14,2024-12-14 00:00:00,6105978,0,,,,28.5,,14,12,2024,-5.7,,-10.5,,59,,-15.3,,ON,5,,,,OTTAWA CDA RCS,30578,0,,,,,,"{""type"": ""Point"", ""coordinates"": [-75.71666666666667, 45.38333333333333]}"
6105978.2024.12.15,2024-12-15 00:00:00,6105978,0,,,,28.1,,15,12,2024,-6.3,,-10.1,,74,,-13.8,,ON,5,,,,OTTAWA CDA RCS,30578,0,,,,,,"{""type"": ""Point"", ""coordinates"": [-75.71666666666667, 45.38333333333333]}"
6105978.2024.12.16,2024-12-16 00:00:00,6105978,0,,,,20.7,,16,12,2024,0.9,,-2.7,,80,,-6.3,,ON,5,,,,OTTAWA CDA RCS,30578,7.2,,,,,,"{""type"": ""Point"", ""coordinates"": [-75.71666666666667, 45.38333333333333]}"
6105978.2024.12.17,2024-12-17 00:00:00,6105978,0,,23,,14.7,,17,12,2024,6.3,,3.3,,71,,0.4,,ON,3,,45,,OTTAWA CDA RCS,30578,5.5,,,,,,"{""type"": ""Point"", ""coordinates"": [-75.71666666666667, 45.38333333333333]}"
6105978.2024.12.18,2024-12-18 00:00:00,6105978,0,,,,16.7,,18,12,2024,2.4,,1.3,,81,,0.1,,ON,0,,,,OTTAWA CDA RCS,30578,3.2,,,,,,"{""type"": ""Point"", ""coordinates"": [-75.71666666666667, 45.38333333333333]}"
6105978.2024.12.19,2024-12-19 00:00:00,6105978,0,,34,,23.3,,19,12,2024,0.1,,-5.3,,56,,-10.8,,ON,0,,35,,OTTAWA CDA RCS,30578,0,,,,,,"{""type"": ""Point"", ""coordinates"": [-75.71666666666667, 45.38333333333333]}"
6105978.2024.12.20,2024-12-20 00:00:00,6105978,0,,,,26.8,,20,12,2024,-6.6,,-8.8,,69,,-11,,ON,0,,,,OTTAWA CDA RCS,30578,0.1,,,,,,"{""type"": ""Point"", ""coordinates"": [-75.71666666666667, 45.38333333333333]}"
6105978.2024.12.21,2024-12-21 00:00:00,6105978,0,,34,,31,,21,12,2024,-9.2,,-13,,51,,-16.9,,ON,0,,40,,OTTAWA CDA RCS,30578,0,,,,,,"{""type"": ""Point"", ""coordinates"": [-75.71666666666667, 45.38333333333333]}"
6105978.2024.12.22,2024-12-22 00:00:00,6105978,0,,,,32.7,,22,12,2024,-11.6,,-14.7,,55,,-17.8,,ON,0,,,,OTTAWA CDA RCS,30578,0,,,,,,"{""type"": ""Point"", ""coordinates"": [-75.71666666666667, 45.38333333333333]}"
6105978.2024.12.23,2024-12-23 00:00:00,6105978,0,,,,30.6,,23,12,2024,-8.9,,-12.6,,69,,-16.3,,ON,0,,,,OTTAWA CDA RCS,30578,10.9,,,,,,"{""type"": ""Point"", ""coordinates"": [-75.71666666666667, 45.38333333333333]}"
6105978.2024.12.24,2024-12-24 00:00:00,6105978,0,,,,25.3,,24,12,2024,-4,,-7.3,,62,,-10.7,,ON,12,,,,OTTAWA CDA RCS,30578,2.2,,,,,,"{""type"": ""Point"", ""coordinates"": [-75.71666666666667, 45.38333333333333]}"
6105978.2024.12.25,2024-12-25 00:00:00,6105978,0,,,,26.3,,25,12,2024,-5.9,,-8.3,,70,,-10.6,,ON,11,,,,OTTAWA CDA RCS,30578,0,,,,,,"{""type"": ""Point"", ""coordinates"": [-75.71666666666667, 45.38333333333333]}"
6105978.2024.12.26,2024-12-26 00:00:00,6105978,0,,,,25.2,,26,12,2024,-5.2,,-7.2,,65,,-9.1,,ON,11,,,,OTTAWA CDA RCS,30578,0,,,,,,"{""type"": ""Point"", ""coordinates"": [-75.71666666666667, 45.38333333333333]}"
6105978.2024.12.27,2024-12-27 00:00:00,6105978,0,,,,24.1,,27,12,2024,-4.6,,-6.1,,73,,-7.6,,ON,10,,,,OTTAWA CDA RCS,30578,0,,,,,,"{""type"": ""Point"", ""coordinates"": [-75.71666666666667, 45.38333333333333]}"
6105978.2024.12.28,2024-12-28 00:00:00,6105978,0,,7,,23.7,,28,12,2024,-3.3,,-5.7,,84,,-8,,ON,10,,31,,OTTAWA CDA RCS,30578,0.7,,,,,,"{""type"": ""Point"", ""coordinates"": [-75.71666666666667, 45.38333333333333]}"
6105978.2024.12.29,2024-12-29 00:00:00,6105978,0,,8,,17.5,,29,12,2024,4.3,,0.5,,93,,-3.3,,ON,9,,33,,OTTAWA CDA RCS,30578,11.7,,,,,,"{""type"": ""Point"", ""coordinates"": [-75.71666666666667, 45.38333333333333]}"
6105978.2024.12.30,2024-12-30 00:00:00,6105978,0,,21,,13.1,,30,12,2024,7.2,,4.9,,66,,2.6,,ON,,,51,,OTTAWA CDA RCS,30578,3,,,,,,"{""type"": ""Point"", ""coordinates"": [-75.71666666666667, 45.38333333333333]}"
6105978.2024.12.31,2024-12-31 00:00:00,6105978,0,,,,14.1,,31,12,2024,5.8,,3.9,,66,,2,,ON,0,,,,OTTAWA CDA RCS,30578,1,,,,,,"{""type"": ""Point"", ""coordinates"": [-75.71666666666667, 45.38333333333333]}"
6105978.2025.1.1,2025-01-01 00:00:00,6105978,0,,29,,17.3,,1,1,2025,2.6,,0.7,,82,,-1.3,,ON,0,,46,,OTTAWA CDA RCS,30578,6.5,,,,,,"{""type"": ""Point"", ""coordinates"": [-75.71666666666667, 45.38333333333333]}"
6105978.2025.1.2,2025-01-02 00:00:00,6105978,0,,28,,20.8,,2,1,2025,-1,,-2.8,,65,,-4.7,,ON,,,54,,OTTAWA CDA RCS,30578,0,,,,,,"{""type"": ""Point"", ""coordinates"": [-75.71666666666667, 45.38333333333333]}"
6105978.2025.1.3,2025-01-03 00:00:00,6105978,0,,29,,26.4,,3,1,2025,-4.7,,-8.4,,64,,-12.1,,ON,,,43,,OTTAWA CDA RCS,30578,0.2,,,,,,"{""type"": ""Point"", ""coordinates"": [-75.71666666666667, 45.38333333333333]}"
6105978.2025.1.4,2025-01-04 00:00:00,6105978,0,,29,,28.9,,4,1,2025,-9.1,,-10.9,,67,,-12.8,,ON,0,,37,,OTTAWA CDA RCS,30578,0.9,,,,,,"{""type"": ""Point"", ""coordinates"": [-75.71666666666667, 45.38333333333333]}"
6105978.2025.1.5,2025-01-05 00:00:00,6105978,0,,,,29.9,,5,1,2025,-9.2,,-11.9,,53,,-14.7,,ON,1,,,,OTTAWA CDA RCS,30578,0.2,,,,,,"{""type"": ""Point"", ""coordinates"": [-75.71666666666667, 45.38333333333333]}"
6105978.2025.1.6,2025-01-06 00:00:00,6105978,0,,31,,30.7,,6,1,2025,-9.2,,-12.7,,62,,-16.1,,ON,1,,33,,OTTAWA CDA RCS,30578,0,,,,,,"{""type"": ""Point"", ""coordinates"": [-75.71666666666667, 45.38333333333333]}"
6105978.2025.1.7,2025-01-07 00:00:00,6105978,0,,30,,27.6,,7,1,2025,-6.3,,-9.6,,61,,-12.8,,ON,0,,47,,OTTAWA CDA RCS,30578,0,,,,,,"{""type"": ""Point"", ""coordinates"": [-75.71666666666667, 45.38333333333333]}"
6105978.2025.1.8,2025-01-08 00:00:00,6105978,0,,32,,31.1,,8,1,2025,-10.6,,-13.1,,66,,-15.6,,ON,0,,44,,OTTAWA CDA RCS,30578,0,,,,,,"{""type"": ""Point"", ""coordinates"": [-75.71666666666667, 45.38333333333333]}"
6105978.2025.1.9,2025-01-09 00:00:00,6105978,0,,32,,27.9,,9,1,2025,-5.9,,-9.9,,60,,-13.9,,ON,0,,41,,OTTAWA CDA RCS,30578,0,,,,,,"{""type"": ""Point"", ""coordinates"": [-75.71666666666667, 45.38333333333333]}"
6105978.2025.1.10,2025-01-10 00:00:00,6105978,0,,,,27.4,,10,1,2025,-5.8,,-9.4,,43,,-13,,ON,0,,,,OTTAWA CDA RCS,30578,0,,,,,,"{""type"": ""Point"", ""coordinates"": [-75.71666666666667, 45.38333333333333]}"
6105978.2025.1.11,2025-01-11 00:00:00,6105978,0,,,,23.2,,11,1,2025,-3.2,,-5.2,,54,,-7.1,,ON,0,,,,OTTAWA CDA RCS,30578,0,,,,,,"{""type"": ""Point"", ""coordinates"": [-75.71666666666667, 45.38333333333333]}"
6105978.2025.1.12,2025-01-12 00:00:00,6105978,0,,,,25.2,,12,1,2025,-3.8,,-7.2,,70,,-10.5,,ON,0,,,,OTTAWA CDA RCS,30578,0.6,,,,,,"{""type"": ""Point"", ""coordinates"": [-75.71666666666667, 45.38333333333333]}"
6105978.2025.1.13,2025-01-13 00:00:00,6105978,0,,25,,20.8,,13,1,2025,-0.3,,-2.8,,75,,-5.3,,ON,1,,32,,OTTAWA CDA RCS,30578,5.7,,,,,,"{""type"": ""Point"", ""coordinates"": [-75.71666666666667, 45.38333333333333]}"
6105978.2025.1.14,2025-01-14 00:00:00,6105978,0,,27,,24,,14,1,2025,-2.6,,-6,,67,,-9.3,,ON,7,,38,,OTTAWA CDA RCS,30578,0,,,,,,"{""type"": ""Point"", ""coordinates"": [-75.71666666666667, 45.38333333333333]}"
6105978.2025.1.15,2025-01-15 00:00:00,6105978,0,,,,27.1,,15,1,2025,-6.5,,-9.1,,61,,-11.7,,ON,6,,,,OTTAWA CDA RCS,30578,0,,,,,,"{""type"": ""Point"", ""coordinates"": [-75.71666666666667, 45.38333333333333]}"
6105978.2025.1.16,2025-01-16 00:00:00,6105978,0,,,,23.8,,16,1,2025,-3.6,,-5.8,,66,,-8,,ON,5,,,,OTTAWA CDA RCS,30578,0,,,,,,"{""type"": ""Point"", ""coordinates"": [-75.71666666666667, 45.38333333333333]}"
6105978.2025.1.17,2025-01-17 00:00:00,6105978,0,,18,,22.1,,17,1,2025,0.9,,-4.1,,64,,-9.2,,ON,5,,32,,OTTAWA CDA RCS,30578,0,,,,,,"{""type"": ""Point"", ""coordinates"": [-75.71666666666667, 45.38333333333333]}"
6105978.2025.1.18,2025-01-18 00:00:00,6105978,0,,19,,21.3,,18,1,2025,2.3,,-3.3,,62,,-8.9,,ON,4,,43,,OTTAWA CDA RCS,30578,2.1,,,,,,"{""type"": ""Point"", ""coordinates"": [-75.71666666666667, 45.38333333333333]}"
6105978.2025.1.19,2025-01-19 00:00:00,6105978,0,,34,,29.8,,19,1,2025,-8.8,,-11.8,,60,,-14.8,,ON,2,,40,,OTTAWA CDA RCS,30578,0,,,,,,"{""type"": ""Point"", ""coordinates"": [-75.71666666666667, 45.38333333333333]}"
6105978.2025.1.20,2025-01-20 00:00:00,6105978,0,,,,34.1,,20,1,2025,-13.7,,-16.1,,46,,-18.5,,ON,3,,,,OTTAWA CDA RCS,30578,0,,,,,,"{""type"": ""Point"", ""coordinates"": [-75.71666666666667, 45.38333333333333]}"
6105978.2025.1.21,2025-01-21 00:00:00,6105978,0,,,,32.5,,21,1,2025,-10.5,,-14.5,,44,,-18.5,,ON,2,,,,OTTAWA CDA RCS,30578,0,,,,,,"{""type"": ""Point"", ""coordinates"": [-75.71666666666667, 45.38333333333333]}"
6105978.2025.1.22,2025-01-22 00:00:00,6105978,0,,21,,33.3,,22,1,2025,-10.1,,-15.3,,45,,-20.6,,ON,2,,33,,OTTAWA CDA RCS,30578,0.3,,,,,,"{""type"": ""Point"", ""coordinates"": [-75.71666666666667, 45.38333333333333]}"
6105978.2025.1.23,2025-01-23 00:00:00,6105978,0,,,,26.4,,23,1,2025,-5.4,,-8.4,,67,,-11.5,,ON,3,,,,OTTAWA CDA RCS,30578,2.6,,,,,,"{""type"": ""Point"", ""coordinates"": [-75.71666666666667, 45.38333333333333]}"
6105978.2025.1.24,2025-01-24 00:00:00,6105978,0,,,,33.7,,24,1,2025,-10.4,,-15.7,,58,,-21,,ON,5,,,,OTTAWA CDA RCS,30578,0,,,,,,"{""type"": ""Point"", ""coordinates"": [-75.71666666666667, 45.38333333333333]}"
6105978.2025.1.25,2025-01-25 00:00:00,6105978,0,,20,,30.4,,25,1,2025,-3.6,,-12.4,,73,,-21.1,,ON,5,,40,,OTTAWA CDA RCS,30578,0.9,,,,,,"{""type"": ""Point"", ""coordinates"": [-75.71666666666667, 45.38333333333333]}"
6105978.2025.1.26,2025-01-26 00:00:00,6105978,0,,31,,22,,26,1,2025,-0.8,,-4,,47,,-7.2,,ON,6,,53,,OTTAWA CDA RCS,30578,0.1,,,,,,"{""type"": ""Point"", ""coordinates"": [-75.71666666666667, 45.38333333333333]}"
6105978.2025.1.27,2025-01-27 00:00:00,6105978,0,,21,,20.1,,27,1,2025,1.4,,-2.1,,45,,-5.7,,ON,2,,69,,OTTAWA CDA RCS,30578,0,,,,,,"{""type"": ""Point"", ""coordinates"": [-75.71666666666667, 45.38333333333333]}"
6105978.2025.1.28,2025-01-28 00:00:00,6105978,0,,34,,28.9,,28,1,2025,-5.7,,-10.9,,47,,-16.1,,ON,2,,49,,OTTAWA CDA RCS,30578,1,,,,,,"{""type"": ""Point"", ""coordinates"": [-75.71666666666667, 45.38333333333333]}"
6105978.2025.1.29,2025-01-29 00:00:00,6105978,0,,30,,30.4,,29,1,2025,-8.3,,-12.4,,57,,-16.4,,ON,8,,34,,OTTAWA CDA RCS,30578,4.2,,,,,,"{""type"": ""Point"", ""coordinates"": [-75.71666666666667, 45.38333333333333]}"
6105978.2025.1.30,2025-01-30 00:00:00,6105978,0,,,,34,,30,1,2025,-11.2,,-16,,61,,-20.7,,ON,8,,,,OTTAWA CDA RCS,30578,0.9,,,,,,"{""type"": ""Point"", ""coordinates"": [-75.71666666666667, 45.38333333333333]}"
6105978.2025.1.31,2025-01-31 00:00:00,6105978,0,,35,,25.5,,31,1,2025,-1.4,,-7.5,,65,,-13.6,,ON,8,,31,,OTTAWA CDA RCS,30578,0,,,,,,"{""type"": ""Point"", ""coordinates"": [-75.71666666666667, 45.38333333333333]}"
6105978.2025.2.1,2025-02-01 00:00:00,6105978,0,,32,,35.7,,1,2,2025,-12.3,,-17.7,,46,,-23.1,,ON,7,,41,,OTTAWA CDA RCS,30578,0,,,,,,"{""type"": ""Point"", ""coordinates"": [-75.71666666666667, 45.38333333333333]}"
6105978.2025.2.2,2025-02-02 00:00:00,6105978,0,,7,,35.8,,2,2,2025,-12.5,,-17.8,,57,,-23.1,,ON,6,,37,,OTTAWA CDA RCS,30578,0.2,,,,,,"{""type"": ""Point"", ""coordinates"": [-75.71666666666667, 45.38333333333333]}"
6105978.2025.2.3,2025-02-03 00:00:00,6105978,0,,,,24.5,,3,2,2025,-0.6,,-6.5,,68,,-12.5,,ON,6,,,,OTTAWA CDA RCS,30578,5,,,,,,"{""type"": ""Point"", ""coordinates"": [-75.71666666666667, 45.38333333333333]}"
6105978.2025.2.4,2025-02-04 00:00:00,6105978,,M,,M,,M,4,2,2025,,M,,M,,M,,M,ON,10,,,M,OTTAWA CDA RCS,30578,,M,,,,,"{""type"": ""Point"", ""coordinates"": [-75.71666666666667, 45.38333333333333]}"
6105978.2025.2.5,2025-02-05 00:00:00,6105978,0,,,,33.5,,5,2,2025,-11.4,,-15.5,,44,,-19.7,,ON,8,,,,OTTAWA CDA RCS,30578,0,,,,,,"{""type"": ""Point"", ""coordinates"": [-75.71666666666667, 45.38333333333333]}"
6105978.2025.2.6,2025-02-06 00:00:00,6105978,0,,8,,27.7,,6,2,2025,-0.9,,-9.7,,75,,-18.4,,ON,8,,41,,OTTAWA CDA RCS,30578,4,,,,,,"{""type"": ""Point"", ""coordinates"": [-75.71666666666667, 45.38333333333333]}"
6105978.2025.2.7,2025-02-07 00:00:00,6105978,0,,31,,24.3,,7,2,2025,-2.3,,-6.3,,51,,-10.4,,ON,11,,53,,OTTAWA CDA RCS,30578,2.7,,,,,,"{""type"": ""Point"", ""coordinates"": [-75.71666666666667, 45.38333333333333]}"
6105978.2025.2.8,2025-02-08 00:00:00,6105978,0,,,,26.7,,8,2,2025,-2.9,,-8.7,,47,,-14.5,,ON,10,,,,OTTAWA CDA RCS,30578,1.2,,,,,,"{""type"": ""Point"", ""coordinates"": [-75.71666666666667, 45.38333333333333]}"
6105978.2025.2.9,2025-02-09 00:00:00,6105978,0,,,,26.1,,9,2,2025,-3.9,,-8.1,,71,,-12.3,,ON,11,,,,OTTAWA CDA RCS,30578,0.9,,,,,,"{""type"": ""Point"", ""coordinates"": [-75.71666666666667, 45.38333333333333]}"
6105978.2025.2.10,2025-02-10 00:00:00,6105978,0,,,,29,,10,2,2025,-6.3,,-11,,55,,-15.8,,ON,12,,,,OTTAWA CDA RCS,30578,0.1,,,,,,"{""type"": ""Point"", ""coordinates"": [-75.71666666666667, 45.38333333333333]}"
6105978.2025.2.11,2025-02-11 00:00:00,6105978,0,,28,,28,,11,2,2025,-5.6,,-10,,38,,-14.3,,ON,12,,43,,OTTAWA CDA RCS,30578,0,,,,,,"{""type"": ""Point"", ""coordinates"": [-75.71666666666667, 45.38333333333333]}"
6105978.2025.2.12,2025-02-12 00:00:00,6105978,0,,8,,33.6,,12,2,2025,-10.6,,-15.6,,40,,-20.7,,ON,10,,42,,OTTAWA CDA RCS,30578,2.1,,,,,,"{""type"": ""Point"", ""coordinates"": [-75.71666666666667, 45.38333333333333]}"
6105978.2025.2.13,2025-02-13 00:00:00,6105978,0,,28,,26.4,,13,2,2025,-4.8,,-8.4,,69,,-12.1,,ON,12,,46,,OTTAWA CDA RCS,30578,18.5,,,,,,"{""type"": ""Point"", ""coordinates"": [-75.71666666666667, 45.38333333333333]}"
6105978.2025.2.14,2025-02-14 00:00:00,6105978,0,,27,,30,,14,2,2025,-6.8,,-12,,43,,-17.1,,ON,20,,45,,OTTAWA CDA RCS,30578,0,,,,,,"{""type"": ""Point"", ""coordinates"": [-75.71666666666667, 45.38333333333333]}"
6105978.2025.2.15,2025-02-15 00:00:00,6105978,0,,7,,29.7,,15,2,2025,-7.9,,-11.7,,52,,-15.5,,ON,20,,38,,OTTAWA CDA RCS,30578,2.3,,,,,,"{""type"": ""Point"", ""coordinates"": [-75.71666666666667, 45.38333333333333]}"
6105978.2025.2.16,2025-02-16 00:00:00,6105978,0,,7,,28,,16,2,2025,-7.8,,-10,,80,,-12.1,,ON,27,,51,,OTTAWA CDA RCS,30578,15.7,,,,,,"{""type"": ""Point"", ""coordinates"": [-75.71666666666667, 45.38333333333333]}"
6105978.2025.2.17,2025-02-17 00:00:00,6105978,0,,29,,30.5,,17,2,2025,-9.2,,-12.5,,53,,-15.8,,ON,43,,59,,OTTAWA CDA RCS,30578,0.1,,,,,,"{""type"": ""Point"", ""coordinates"": [-75.71666666666667, 45.38333333333333]}"
6105978.2025.2.18,2025-02-18 00:00:00,6105978,0,,29,,33.1,,18,2,2025,-13,,-15.1,,49,,-17.2,,ON,33,,46,,OTTAWA CDA RCS,30578,0.1,,,,,,"{""type"": ""Point"", ""coordinates"": [-75.71666666666667, 45.38333333333333]}"
6105978.2025.2.19,2025-02-19 00:00:00,6105978,0,,,,31.6,,19,2,2025,-10,,-13.6,,51,,-17.2,,ON,32,,,,OTTAWA CDA RCS,30578,0,,,,,,"{""type"": ""Point"", ""coordinates"": [-75.71666666666667, 45.38333333333333]}"
6105978.2025.2.20,2025-02-20 00:00:00,6105978,0,,33,,30.5,,20,2,2025,-7.2,,-12.5,,55,,-17.7,,ON,32,,44,,OTTAWA CDA RCS,30578,0.2,,,,,,"{""type"": ""Point"", ""coordinates"": [-75.71666666666667, 45.38333333333333]}"
6105978.2025.2.21,2025-02-21 00:00:00,6105978,0,,33,,29.8,,21,2,2025,-8,,-11.8,,50,,-15.6,,ON,32,,39,,OTTAWA CDA RCS,30578,0,,,,,,"{""type"": ""Point"", ""coordinates"": [-75.71666666666667, 45.38333333333333]}"
6105978.2025.2.22,2025-02-22 00:00:00,6105978,0,,,,29.3,,22,2,2025,-3.2,,-11.3,,63,,-19.4,,ON,31,,,,OTTAWA CDA RCS,30578,0.9,,,,,,"{""type"": ""Point"", ""coordinates"": [-75.71666666666667, 45.38333333333333]}"
6105978.2025.2.23,2025-02-23 00:00:00,6105978,0,,,,20.8,,23,2,2025,-0.8,,-2.8,,58,,-4.8,,ON,32,,,,OTTAWA CDA RCS,30578,0.5,,,,,,"{""type"": ""Point"", ""coordinates"": [-75.71666666666667, 45.38333333333333]}"
6105978.2025.2.24,2025-02-24 00:00:00,6105978,0,,20,,16.5,,24,2,2025,6.4,,1.5,,54,,-3.5,,ON,32,,57,,OTTAWA CDA RCS,30578,0,,,,,,"{""type"": ""Point"", ""coordinates"": [-75.71666666666667, 45.38333333333333]}"
6105978.2025.2.25,2025-02-25 00:00:00,6105978,0,,,,17,,25,2,2025,4.9,,1,,69,,-2.9,,ON,28,,,,OTTAWA CDA RCS,30578,1.3,,,,,,"{""type"": ""Point"", ""coordinates"": [-75.71666666666667, 45.38333333333333]}"
6105978.2025.2.26,2025-02-26 00:00:00,6105978,0,,,,19.6,,26,2,2025,2,,-1.6,,32,,-5.3,,ON,26,,,,OTTAWA CDA RCS,30578,0,,,,,,"{""type"": ""Point"", ""coordinates"": [-75.71666666666667, 45.38333333333333]}"
6105978.2025.2.27,2025-02-27 00:00:00,6105978,0,,27,,21.4,,27,2,2025,2.2,,-3.4,,78,,-8.9,,ON,25,,41,,OTTAWA CDA RCS,30578,3.6,,,,,,"{""type"": ""Point"", ""coordinates"": [-75.71666666666667, 45.38333333333333]}"
6105978.2025.2.28,2025-02-28 00:00:00,6105978,0,,29,,24.5,,28,2,2025,-0.2,,-6.5,,39,,-12.8,,ON,28,,45,,OTTAWA CDA RCS,30578,3.8,,,,,,"{""type"": ""Point"", ""coordinates"": [-75.71666666666667, 45.38333333333333]}"
6105978.2025.3.1,2025-03-01 00:00:00,6105978,0,,30,,29.2,,1,3,2025,-5.9,,-11.2,,62,,-16.5,,ON,29,,49,,OTTAWA CDA RCS,30578,2.1,,,,,,"{""type"": ""Point"", ""coordinates"": [-75.71666666666667, 45.38333333333333]}"
6105978.2025.3.2,2025-03-02 00:00:00,6105978,0,,29,,34.3,,2,3,2025,-11.5,,-16.3,,48,,-21.2,,ON,28,,39,,OTTAWA CDA RCS,30578,0,,,,,,"{""type"": ""Point"", ""coordinates"": [-75.71666666666667, 45.38333333333333]}"
6105978.2025.3.3,2025-03-03 00:00:00,6105978,0,,24,,31.1,,3,3,2025,-2.8,,-13.1,,45,,-23.4,,ON,28,,33,,OTTAWA CDA RCS,30578,0.1,,,,,,"{""type"": ""Point"", ""coordinates"": [-75.71666666666667, 45.38333333333333]}"
6105978.2025.3.4,2025-03-04 00:00:00,6105978,0,,22,,20.4,,4,3,2025,0.7,,-2.4,,68,,-5.5,,ON,28,,35,,OTTAWA CDA RCS,30578,12.4,,,,,,"{""type"": ""Point"", ""coordinates"": [-75.71666666666667, 45.38333333333333]}"
6105978.2025.3.5,2025-03-05 00:00:00,6105978,,M,,M,,M,5,3,2025,,M,,M,,M,,M,ON,36,,,M,OTTAWA CDA RCS,30578,,M,,,,,"{""type"": ""Point"", ""coordinates"": [-75.71666666666667, 45.38333333333333]}"
6105978.2025.3.6,2025-03-06 00:00:00,6105978,,M,,M,,M,6,3,2025,,M,,M,,M,,M,ON,26,,,M,OTTAWA CDA RCS,30578,,M,,,,,"{""type"": ""Point"", ""coordinates"": [-75.71666666666667, 45.38333333333333]}"
6105978.2025.3.7,2025-03-07 00:00:00,6105978,,M,,M,,M,7,3,2025,,M,,M,,M,,M,ON,23,,,M,OTTAWA CDA RCS,30578,,M,,,,,"{""type"": ""Point"", ""coordinates"": [-75.71666666666667, 45.38333333333333]}"
6105978.2025.3.8,2025-03-08 00:00:00,6105978,0,,29,,22.5,,8,3,2025,-0.7,,-4.5,,36,,-8.3,,ON,23,,48,,OTTAWA CDA RCS,30578,0,,,,,,"{""type"": ""Point"", ""coordinates"": [-75.71666666666667, 45.38333333333333]}"
6105978.2025.3.9,2025-03-09 00:00:00,6105978,,M,,M,,M,9,3,2025,,M,,M,,M,,M,ON,23,,,M,OTTAWA CDA RCS,30578,,M,,,,,"{""type"": ""Point"", ""coordinates"": [-75.71666666666667, 45.38333333333333]}"
6105978.2025.3.10,2025-03-10 00:00:00,6105978,,M,,M,,M,10,3,2025,,M,,M,,M,,M,ON,27,,,M,OTTAWA CDA RCS,30578,,M,,,,,"{""type"": ""Point"", ""coordinates"": [-75.71666666666667, 45.38333333333333]}"
6105978.2025.3.11,2025-03-11 00:00:00,6105978,0,,30,,14.3,,11,3,2025,12.1,,3.7,,46,,-4.8,,ON,23,,47,,OTTAWA CDA RCS,30578,0,,,,,,"{""type"": ""Point"", ""coordinates"": [-75.71666666666667, 45.38333333333333]}"
6105978.2025.3.12,2025-03-12 00:00:00,6105978,0,,33,,23.4,,12,3,2025,-1.6,,-5.4,,34,,-9.3,,ON,18,,31,,OTTAWA CDA RCS,30578,0,,,,,,"{""type"": ""Point"", ""coordinates"": [-75.71666666666667, 45.38333333333333]}"
6105978.2025.3.13,2025-03-13 00:00:00,6105978,,M,,M,,M,13,3,2025,,M,,M,,M,,M,ON,19,,,M,OTTAWA CDA RCS,30578,,M,,,,,"{""type"": ""Point"", ""coordinates"": [-75.71666666666667, 45.38333333333333]}"
6105978.2025.3.14,2025-03-14 00:00:00,6105978,0,,,,16.8,,14,3,2025,11.1,,1.2,,33,,-8.6,,ON,18,,,,OTTAWA CDA RCS,30578,0,,,,,,"{""type"": ""Point"", ""coordinates"": [-75.71666666666667, 45.38333333333333]}"
6105978.2025.3.15,2025-03-15 00:00:00,6105978,0,,19,,10.1,,15,3,2025,14.9,,7.9,,50,,0.9,,ON,18,,48,,OTTAWA CDA RCS,30578,0,,,,,,"{""type"": ""Point"", ""coordinates"": [-75.71666666666667, 45.38333333333333]}"
6105978.2025.3.16,2025-03-16 00:00:00,6105978,0,,16,,7.4,,16,3,2025,16.1,,10.6,,72,,5.2,,ON,12,,54,,OTTAWA CDA RCS,30578,11.9,,,,,,"{""type"": ""Point"", ""coordinates"": [-75.71666666666667, 45.38333333333333]}"
6105978.2025.3.17,2025-03-17 00:00:00,6105978,0,,34,,17.1,,17,3,2025,5.2,,0.9,,45,,-3.4,,ON,,,41,,OTTAWA CDA RCS,30578,0,,,,,,"{""type"": ""Point"", ""coordinates"": [-75.71666666666667, 45.38333333333333]}"
6105978.2025.3.18,2025-03-18 00:00:00,6105978,0,,,,16.9,,18,3,2025,7.1,,1.1,,44,,-4.8,,ON,,,,,OTTAWA CDA RCS,30578,0,,,,,,"{""type"": ""Point"", ""coordinates"": [-75.71666666666667, 45.38333333333333]}"
6105978.2025.3.19,2025-03-19 00:00:00,6105978,,M,,M,,M,19,3,2025,,M,,M,,M,,M,ON,,,,M,OTTAWA CDA RCS,30578,,M,,,,,"{""type"": ""Point"", ""coordinates"": [-75.71666666666667, 45.38333333333333]}"
6105978.2025.3.20,2025-03-20 00:00:00,6105978,0,,22,,10.6,,20,3,2025,15.3,,7.4,,44,,-0.4,,ON,,,44,,OTTAWA CDA RCS,30578,5.1,,,,,,"{""type"": ""Point"", ""coordinates"": [-75.71666666666667, 45.38333333333333]}"
6105978.2025.3.21,2025-03-21 00:00:00,6105978,0,,32,,17.1,,21,3,2025,6.5,,0.9,,31,,-4.7,,ON,,,49,,OTTAWA CDA RCS,30578,0,,,,,,"{""type"": ""Point"", ""coordinates"": [-75.71666666666667, 45.38333333333333]}"
6105978.2025.3.22,2025-03-22 00:00:00,6105978,0,,29,,18.9,,22,3,2025,6.3,,-0.9,,50,,-8.1,,ON,,,53,,OTTAWA CDA RCS,30578,0.8,,,,,,"{""type"": ""Point"", ""coordinates"": [-75.71666666666667, 45.38333333333333]}"
6105978.2025.3.23,2025-03-23 00:00:00,6105978,0,,33,,23.6,,23,3,2025,-0.6,,-5.6,,34,,-10.6,,ON,,,32,,OTTAWA CDA RCS,30578,0,,,,,,"{""type"": ""Point"", ""coordinates"": [-75.71666666666667, 45.38333333333333]}"
6105978.2025.3.24,2025-03-24 00:00:00,6105978,0,,7,,17.6,,24,3,2025,5.7,,0.4,,60,,-4.8,,ON,,,41,,OTTAWA CDA RCS,30578,2.6,,,,,,"{""type"": ""Point"", ""coordinates"": [-75.71666666666667, 45.38333333333333]}"
6105978.2025.3.25,2025-03-25 00:00:00,6105978,0,,,,16.3,,25,3,2025,4.4,,1.7,,67,,-1,,ON,,,,,OTTAWA CDA RCS,30578,0.2,,,,,,"{""type"": ""Point"", ""coordinates"": [-75.71666666666667, 45.38333333333333]}"
6105978.2025.3.26,2025-03-26 00:00:00,6105978,0,,31,,17.8,,26,3,2025,2.9,,0.2,,58,,-2.5,,ON,,,36,,OTTAWA CDA RCS,30578,0,,,,,,"{""type"": ""Point"", ""coordinates"": [-75.71666666666667, 45.38333333333333]}"
6105978.2025.3.27,2025-03-27 00:00:00,6105978,0,,21,,16.2,,27,3,2025,8.5,,1.8,,34,,-4.9,,ON,,,42,,OTTAWA CDA RCS,30578,0,,,,,,"{""type"": ""Point"", ""coordinates"": [-75.71666666666667, 45.38333333333333]}"
6105978.2025.3.28,2025-03-28 00:00:00,6105978,0,,33,,20,,28,3,2025,2.3,,-2,,32,,-6.2,,ON,,,45,,OTTAWA CDA RCS,30578,5.2,,,,,,"{""type"": ""Point"", ""coordinates"": [-75.71666666666667, 45.38333333333333]}"
6105978.2025.3.29,2025-03-29 00:00:00,6105978,0,,7,,19.8,,29,3,2025,0.4,,-1.8,,39,,-3.9,,ON,5,,37,,OTTAWA CDA RCS,30578,5.4,,,,,,"{""type"": ""Point"", ""coordinates"": [-75.71666666666667, 45.38333333333333]}"
6105978.2025.3.30,2025-03-30 00:00:00,6105978,0,,,M,18.5,,30,3,2025,0.6,,-0.5,,52,,-1.6,,ON,4,,,M,OTTAWA CDA RCS,30578,16.9,,,,,,"{""type"": ""Point"", ""coordinates"": [-75.71666666666667, 45.38333333333333]}"
6105978.2025.3.31,2025-03-31 00:00:00,6105978,0,,30,,13.3,,31,3,2025,9.8,,4.7,,68,,-0.5,,ON,1,,45,,OTTAWA CDA RCS,30578,2.6,,,,,,"{""type"": ""Point"", ""coordinates"": [-75.71666666666667, 45.38333333333333]}"
6105978.2025.4.1,2025-04-01 00:00:00,6105978,0,,33,,19.8,,1,4,2025,1.4,,-1.8,,35,,-4.9,,ON,,,44,,OTTAWA CDA RCS,30578,0,,,,,,"{""type"": ""Point"", ""coordinates"": [-75.71666666666667, 45.38333333333333]}"
6105978.2025.4.2,2025-04-02 00:00:00,6105978,0,,9,,21.1,,2,4,2025,0.3,,-3.1,,39,,-6.6,,ON,,,42,,OTTAWA CDA RCS,30578,5.3,,,,,,"{""type"": ""Point"", ""coordinates"": [-75.71666666666667, 45.38333333333333]}"
6105978.2025.4.3,2025-04-03 00:00:00,6105978,0,,30,,8.7,,3,4,2025,18.7,,9.3,,43,,-0.2,,ON,,,64,,OTTAWA CDA RCS,30578,20.7,,,,,,"{""type"": ""Point"", ""coordinates"": [-75.71666666666667, 45.38333333333333]}"
6105978.2025.4.4,2025-04-04 00:00:00,6105978,0,,30,,11.8,,4,4,2025,10.8,,6.2,,41,,1.5,,ON,,,34,,OTTAWA CDA RCS,30578,0,,,,,,"{""type"": ""Point"", ""coordinates"": [-75.71666666666667, 45.38333333333333]}"
6105978.2025.4.5,2025-04-05 00:00:00,6105978,0,,8,,15.1,,5,4,2025,4.2,,2.9,,63,,1.6,,ON,,,38,,OTTAWA CDA RCS,30578,13.5,,,,,,"{""type"": ""Point"", ""coordinates"": [-75.71666666666667, 45.38333333333333]}"
6105978.2025.4.6,2025-04-06 00:00:00,6105978,0,,29,,14.8,,6,4,2025,7.1,,3.2,,36,,-0.7,,ON,,,46,,OTTAWA CDA RCS,30578,0,,,,,,"{""type"": ""Point"", ""coordinates"": [-75.71666666666667, 45.38333333333333]}"
6105978.2025.4.7,2025-04-07 00:00:00,6105978,0,,9,,15.7,,7,4,2025,8.1,,2.3,,35,,-3.4,,ON,,,42,,OTTAWA CDA RCS,30578,1.7,,,,,,"{""type"": ""Point"", ""coordinates"": [-75.71666666666667, 45.38333333333333]}"
6105978.2025.4.8,2025-04-08 00:00:00,6105978,0,,33,,21.7,,8,4,2025,0.3,,-3.7,,50,,-7.7,,ON,9,,49,,OTTAWA CDA RCS,30578,6,,,,,,"{""type"": ""Point"", ""coordinates"": [-75.71666666666667, 45.38333333333333]}"
6105978.2025.4.9,2025-04-09 00:00:00,6105978,0,,,,21.4,,9,4,2025,2.4,,-3.4,,35,,-9.2,,ON,2,,,,OTTAWA CDA RCS,30578,0.8,,,,,,"{""type"": ""Point"", ""coordinates"": [-75.71666666666667, 45.38333333333333]}"
6105978.2025.4.10,2025-04-10 00:00:00,6105978,,M,,M,,M,10,4,2025,,M,,M,,M,,M,ON,,,,M,OTTAWA CDA RCS,30578,,M,,,,,"{""type"": ""Point"", ""coordinates"": [-75.71666666666667, 45.38333333333333]}"
6105978.2025.4.11,2025-04-11 00:00:00,6105978,0,,,,15.1,,11,4,2025,5.3,,2.9,,81,,0.4,,ON,,,,,OTTAWA CDA RCS,30578,3.1,,,,,,"{""type"": ""Point"", ""coordinates"": [-75.71666666666667, 45.38333333333333]}"
6105978.2025.4.12,2025-04-12 00:00:00,6105978,0,,,,11.7,,12,4,2025,11.7,,6.3,,49,,0.9,,ON,,,,,OTTAWA CDA RCS,30578,0.2,,,,,,"{""type"": ""Point"", ""coordinates"": [-75.71666666666667, 45.38333333333333]}"
6105978.2025.4.13,2025-04-13 00:00:00,6105978,0,,,,9.8,,13,4,2025,16.5,,8.2,,26,,-0.1,,ON,,,,,OTTAWA CDA RCS,30578,0,,,,,,"{""type"": ""Point"", ""coordinates"": [-75.71666666666667, 45.38333333333333]}"
6105978.2025.4.14,2025-04-14 00:00:00,6105978,0,,16,,9.6,,14,4,2025,16.5,,8.4,,31,,0.2,,ON,,,33,,OTTAWA CDA RCS,30578,0.5,,,,,,"{""type"": ""Point"", ""coordinates"": [-75.71666666666667, 45.38333333333333]}"
6105978.2025.4.15,2025-04-15 00:00:00,6105978,0,,27,,11.9,,15,4,2025,11.2,,6.1,,61,,0.9,,ON,,,55,,OTTAWA CDA RCS,30578,1.6,,,,,,"{""type"": ""Point"", ""coordinates"": [-75.71666666666667, 45.38333333333333]}"
6105978.2025.4.16,2025-04-16 00:00:00,6105978,,M,,M,,M,16,4,2025,,M,,M,,M,,M,ON,,,,M,OTTAWA CDA RCS,30578,,M,,,,,"{""type"": ""Point"", ""coordinates"": [-75.71666666666667, 45.38333333333333]}"
6105978.2025.4.17,2025-04-17 00:00:00,6105978,0,,28,,13.3,,17,4,2025,10.4,,4.7,,20,,-1,,ON,,,38,,OTTAWA CDA RCS,30578,0,,,,,,"{""type"": ""Point"", ""coordinates"": [-75.71666666666667, 45.38333333333333]}"
6105978.2025.4.18,2025-04-18 00:00:00,6105978,0,,,,11.8,,18,4,2025,14.1,,6.2,,35,,-1.7,,ON,,,,,OTTAWA CDA RCS,30578,5.1,,,,,,"{""type"": ""Point"", ""coordinates"": [-75.71666666666667, 45.38333333333333]}"
6105978.2025.4.19,2025-04-19 00:00:00,6105978,0,,32,,6,,19,4,2025,20.2,,12,,64,,3.9,,ON,,,47,,OTTAWA CDA RCS,30578,4.6,,,,,,"{""type"": ""Point"", ""coordinates"": [-75.71666666666667, 45.38333333333333]}"
6105978.2025.4.20,2025-04-20 00:00:00,6105978,0,,31,,11.6,,20,4,2025,11.5,,6.4,,26,,1.4,,ON,,,42,,OTTAWA CDA RCS,30578,0,,,,,,"{""type"": ""Point"", ""coordinates"": [-75.71666666666667, 45.38333333333333]}"
6105978.2025.4.21,2025-04-21 00:00:00,6105978,0,,9,,12.1,,21,4,2025,11.9,,5.9,,29,,-0.1,,ON,,,38,,OTTAWA CDA RCS,30578,5.7,,,,,,"{""type"": ""Point"", ""coordinates"": [-75.71666666666667, 45.38333333333333]}"
6105978.2025.4.22,2025-04-22 00:00:00,6105978,0,,25,,10,,22,4,2025,10.9,,8,,50,,5.2,,ON,,,44,,OTTAWA CDA RCS,30578,0.1,,,,,,"{""type"": ""Point"", ""coordinates"": [-75.71666666666667, 45.38333333333333]}"
6105978.2025.4.23,2025-04-23 00:00:00,6105978,0,,26,,9.9,,23,4,2025,14.5,,8.1,,39,,1.8,,ON,,,35,,OTTAWA CDA RCS,30578,0,,,,,,"{""type"": ""Point"", ""coordinates"": [-75.71666666666667, 45.38333333333333]}"
6105978.2025.4.24,2025-04-24 00:00:00,6105978,0,,33,,7.5,,24,4,2025,18.3,,10.5,,48,,2.8,,ON,,,34,,OTTAWA CDA RCS,30578,1.3,,,,,,"{""type"": ""Point"", ""coordinates"": [-75.71666666666667, 45.38333333333333]}"
6105978.2025.4.25,2025-04-25 00:00:00,6105978,0,,9,,5.2,,25,4,2025,16.9,,12.8,,45,,8.6,,ON,,,37,,OTTAWA CDA RCS,30578,0,,,,,,"{""type"": ""Point"", ""coordinates"": [-75.71666666666667, 45.38333333333333]}"
6105978.2025.4.26,2025-04-26 00:00:00,6105978,0,,,,11,,26,4,2025,10.8,,7,,63,,3.2,,ON,,,,,OTTAWA CDA RCS,30578,7.8,,,,,,"{""type"": ""Point"", ""coordinates"": [-75.71666666666667, 45.38333333333333]}"
6105978.2025.4.27,2025-04-27 00:00:00,6105978,,M,,M,,M,27,4,2025,,M,,M,,M,,M,ON,,,,M,OTTAWA CDA RCS,30578,,M,,,,,"{""type"": ""Point"", ""coordinates"": [-75.71666666666667, 45.38333333333333]}"
6105978.2025.4.28,2025-04-28 00:00:00,6105978,0,,20,,4.5,,28,4,2025,21.7,,13.5,,23,,5.3,,ON,,,41,,OTTAWA CDA RCS,30578,0,,,,,,"{""type"": ""Point"", ""coordinates"": [-75.71666666666667, 45.38333333333333]}"
6105978.2025.4.29,2025-04-29 00:00:00,6105978,0,,22,,4,,29,4,2025,24.5,,14,,38,,3.5,,ON,,,79,,OTTAWA CDA RCS,30578,11.5,,,,,,"{""type"": ""Point"", ""coordinates"": [-75.71666666666667, 45.38333333333333]}"
6105978.2025.4.30,2025-04-30 00:00:00,6105978,0,,34,,13.4,,30,4,2025,9.9,,4.6,,38,,-0.6,,ON,,,47,,OTTAWA CDA RCS,30578,0,,,,,,"{""type"": ""Point"", ""coordinates"": [-75.71666666666667, 45.38333333333333]}"
6105978.2025.5.1,2025-05-01 00:00:00,6105978,0,,,,9.8,,1,5,2025,16.2,,8.2,,33,,0.3,,ON,,,,,OTTAWA CDA RCS,30578,4.3,,,,,,"{""type"": ""Point"", ""coordinates"": [-75.71666666666667, 45.38333333333333]}"
6105978.2025.5.2,2025-05-02 00:00:00,6105978,0,,22,,3.8,,2,5,2025,20.3,,14.2,,50,,8.2,,ON,,,54,,OTTAWA CDA RCS,30578,1.5,,,,,,"{""type"": ""Point"", ""coordinates"": [-75.71666666666667, 45.38333333333333]}"
6105978.2025.5.3,2025-05-03 00:00:00,6105978,0,,,,6.7,,3,5,2025,15.4,,11.3,,42,,7.1,,ON,,,,,OTTAWA CDA RCS,30578,0,,,,,,"{""type"": ""Point"", ""coordinates"": [-75.71666666666667, 45.38333333333333]}"
6105978.2025.5.4,2025-05-04 00:00:00,6105978,0,,,,4.4,,4,5,2025,21.2,,13.6,,26,,6,,ON,,,,,OTTAWA CDA RCS,30578,0,,,,,,"{""type"": ""Point"", ""coordinates"": [-75.71666666666667, 45.38333333333333]}"
6105978.2025.5.5,2025-05-05 00:00:00,6105978,0,,10,,2.8,,5,5,2025,20.6,,15.2,,32,,9.9,,ON,,,43,,OTTAWA CDA RCS,30578,5.7,,,,,,"{""type"": ""Point"", ""coordinates"": [-75.71666666666667, 45.38333333333333]}"
6105978.2025.5.6,2025-05-06 00:00:00,6105978,0,,,,0.1,,6,5,2025,22.6,,17.9,,65,,13.3,,ON,,,,,OTTAWA CDA RCS,30578,1,,,,,,"{""type"": ""Point"", ""coordinates"": [-75.71666666666667, 45.38333333333333]}"
6105978.2025.5.7,2025-05-07 00:00:00,6105978,0,,33,,4.7,,7,5,2025,18.6,,13.3,,69,,8,,ON,,,41,,OTTAWA CDA RCS,30578,3,,,,,,"{""type"": ""Point"", ""coordinates"": [-75.71666666666667, 45.38333333333333]}"
6105978.2025.5.8,2025-05-08 00:00:00,6105978,0,,1,,8.8,,8,5,2025,12.9,,9.2,,49,,5.6,,ON,,,36,,OTTAWA CDA RCS,30578,0.9,,,,,,"{""type"": ""Point"", ""coordinates"": [-75.71666666666667, 45.38333333333333]}"
6105978.2025.5.9,2025-05-09 00:00:00,6105978,,M,,M,,M,9,5,2025,,M,,M,,M,,M,ON,,,,M,OTTAWA CDA RCS,30578,,M,,,,,"{""type"": ""Point"", ""coordinates"": [-75.71666666666667, 45.38333333333333]}"
6105978.2025.5.10,2025-05-10 00:00:00,6105978,0,,33,,4,,10,5,2025,22.1,,14,,26,,6,,ON,,,51,,OTTAWA CDA RCS,30578,0,,,,,,"{""type"": ""Point"", ""coordinates"": [-75.71666666666667, 45.38333333333333]}"
6105978.2025.5.11,2025-05-11 00:00:00,6105978,0,,33,,8,,11,5,2025,17.5,,10,,19,,2.5,,ON,,,35,,OTTAWA CDA RCS,30578,0,,,,,,"{""type"": ""Point"", ""coordinates"": [-75.71666666666667, 45.38333333333333]}"
6105978.2025.5.12,2025-05-12 00:00:00,6105978,0,,23,,1.9,,12,5,2025,25.5,,16.1,,25,,6.8,,ON,,,31,,OTTAWA CDA RCS,30578,0,,,,,,"{""type"": ""Point"", ""coordinates"": [-75.71666666666667, 45.38333333333333]}"
6105978.2025.5.13,2025-05-13 00:00:00,6105978,1.3,,9,,0,,13,5,2025,26.9,,19.3,,33,,11.6,,ON,,,34,,OTTAWA CDA RCS,30578,0,,,,,,"{""type"": ""Point"", ""coordinates"": [-75.71666666666667, 45.38333333333333]}"
6105978.2025.5.14,2025-05-14 00:00:00,6105978,0.4,,17,,0,,14,5,2025,24.6,,18.4,,52,,12.2,,ON,,,33,,OTTAWA CDA RCS,30578,0,,,,,,"{""type"": ""Point"", ""coordinates"": [-75.71666666666667, 45.38333333333333]}"
6105978.2025.5.15,2025-05-15 00:00:00,6105978,1.2,,,,0,,15,5,2025,23,,19.2,,65,,15.5,,ON,,,,,OTTAWA CDA RCS,30578,0.7,,,,,,"{""type"": ""Point"", ""coordinates"": [-75.71666666666667, 45.38333333333333]}"
6105978.2025.5.16,2025-05-16 00:00:00,6105978,1.9,,23,,0,,16,5,2025,27.4,,19.9,,49,,12.4,,ON,,,39,,OTTAWA CDA RCS,30578,0,,,,,,"{""type"": ""Point"", ""coordinates"": [-75.71666666666667, 45.38333333333333]}"
6105978.2025.5.17,2025-05-17 00:00:00,6105978,0,,7,,1.3,,17,5,2025,21.5,,16.7,,73,,11.8,,ON,,,61,,OTTAWA CDA RCS,30578,5.7,,,,,,"{""type"": ""Point"", ""coordinates"": [-75.71666666666667, 45.38333333333333]}"
6105978.2025.5.18,2025-05-18 00:00:00,6105978,0,,33,,8.1,,18,5,2025,12.8,,9.9,,70,,7.1,,ON,,,49,,OTTAWA CDA RCS,30578,2.6,,,,,,"{""type"": ""Point"", ""coordinates"": [-75.71666666666667, 45.38333333333333]}"
6105978.2025.5.19,2025-05-19 00:00:00,6105978,0,,32,,10.1,,19,5,2025,10.4,,7.9,,54,,5.3,,ON,,,46,,OTTAWA CDA RCS,30578,0,,,,,,"{""type"": ""Point"", ""coordinates"": [-75.71666666666667, 45.38333333333333]}"
6105978.2025.5.20,2025-05-20 00:00:00,6105978,0,,,,9.4,,20,5,2025,14.3,,8.6,,50,,2.8,,ON,,,,,OTTAWA CDA RCS,30578,0,,,,,,"{""type"": ""Point"", ""coordinates"": [-75.71666666666667, 45.38333333333333]}"
6105978.2025.5.21,2025-05-21 00:00:00,6105978,0,,10,,6.9,,21,5,2025,13.9,,11.1,,67,,8.4,,ON,,,33,,OTTAWA CDA RCS,30578,0.4,,,,,,"{""type"": ""Point"", ""coordinates"": [-75.71666666666667, 45.38333333333333]}"
6105978.2025.5.22,2025-05-22 00:00:00,6105978,0,,9,,8.6,,22,5,2025,11.5,,9.4,,70,,7.4,,ON,,,42,,OTTAWA CDA RCS,30578,1.8,,,,,,"{""type"": ""Point"", ""coordinates"": [-75.71666666666667, 45.38333333333333]}"
6105978.2025.5.23,2025-05-23 00:00:00,6105978,0,,6,,8.6,,23,5,2025,11.7,,9.4,,72,,7,,ON,,,32,,OTTAWA CDA RCS,30578,2.2,,,,,,"{""type"": ""Point"", ""coordinates"": [-75.71666666666667, 45.38333333333333]}"
6105978.2025.5.24,2025-05-24 00:00:00,6105978,0,,,,8.4,,24,5,2025,13,,9.6,,64,,6.1,,ON,,,,,OTTAWA CDA RCS,30578,2.3,,,,,,"{""type"": ""Point"", ""coordinates"": [-75.71666666666667, 45.38333333333333]}"
6105978.2025.5.25,2025-05-25 00:00:00,6105978,0,,3,,4.7,,25,5,2025,19.4,,13.3,,46,,7.2,,ON,,,43,,OTTAWA CDA RCS,30578,1.1,,,,,,"{""type"": ""Point"", ""coordinates"": [-75.71666666666667, 45.38333333333333]}"
6105978.2025.5.26,2025-05-26 00:00:00,6105978,0,,34,,1.7,,26,5,2025,23.9,,16.3,,25,,8.6,,ON,,,39,,OTTAWA CDA RCS,30578,0,,,,,,"{""type"": ""Point"", ""coordinates"": [-75.71666666666667, 45.38333333333333]}"
6105978.2025.5.27,2025-05-27 00:00:00,6105978,0,,,,1.3,,27,5,2025,25.8,,16.7,,21,,7.5,,ON,,,,,OTTAWA CDA RCS,30578,0,,,,,,"{""type"": ""Point"", ""coordinates"": [-75.71666666666667, 45.38333333333333]}"
6105978.2025.5.28,2025-05-28 00:00:00,6105978,0,,,,0.5,,28,5,2025,26.6,,17.5,,24,,8.3,,ON,,,,,OTTAWA CDA RCS,30578,0,,,,,,"{""type"": ""Point"", ""coordinates"": [-75.71666666666667, 45.38333333333333]}"
6105978.2025.5.29,2025-05-29 00:00:00,6105978,0,,22,,2,,29,5,2025,18,,16,,69,,14,,ON,,,33,,OTTAWA CDA RCS,30578,9,,,,,,"{""type"": ""Point"", ""coordinates"": [-75.71666666666667, 45.38333333333333]}"
6105978.2025.5.30,2025-05-30 00:00:00,6105978,0.2,,32,,0,,30,5,2025,23.4,,18.2,,54,,13,,ON,,,51,,OTTAWA CDA RCS,30578,26.3,,,,,,"{""type"": ""Point"", ""coordinates"": [-75.71666666666667, 45.38333333333333]}"
6105978.2025.5.31,2025-05-31 00:00:00,6105978,0,,32,,6.4,,31,5,2025,15.2,,11.6,,52,,7.9,,ON,,,44,,OTTAWA CDA RCS,30578,5.7,,,,,,"{""type"": ""Point"", ""coordinates"": [-75.71666666666667, 45.38333333333333]}"
6105978.2025.6.1,2025-06-01 00:00:00,6105978,0,,28,,8.3,,1,6,2025,12.6,,9.7,,63,,6.9,,ON,,,38,,OTTAWA CDA RCS,30578,0.8,,,,,,"{""type"": ""Point"", ""coordinates"": [-75.71666666666667, 45.38333333333333]}"
6105978.2025.6.2,2025-06-02 00:00:00,6105978,0,,27,,4,,2,6,2025,21.2,,14,,28,,6.9,,ON,,,40,,OTTAWA CDA RCS,30578,0,,,,,,"{""type"": ""Point"", ""coordinates"": [-75.71666666666667, 45.38333333333333]}"
6105978.2025.6.3,2025-06-03 00:00:00,6105978,0,,20,,1.4,,3,6,2025,25.5,,16.6,,35,,7.8,,ON,,,38,,OTTAWA CDA RCS,30578,0,,,,,,"{""type"": ""Point"", ""coordinates"": [-75.71666666666667, 45.38333333333333]}"
6105978.2025.6.4,2025-06-04 00:00:00,6105978,3.7,,22,,0,,4,6,2025,30,,21.7,,44,,13.3,,ON,,,50,,OTTAWA CDA RCS,30578,0,,,,,,"{""type"": ""Point"", ""coordinates"": [-75.71666666666667, 45.38333333333333]}"
6105978.2025.6.5,2025-06-05 00:00:00,6105978,0.4,,,,0,,5,6,2025,23.4,,18.4,,59,,13.3,,ON,,,,,OTTAWA CDA RCS,30578,0.7,,,,,,"{""type"": ""Point"", ""coordinates"": [-75.71666666666667, 45.38333333333333]}"
6105978.2025.6.6,2025-06-06 00:00:00,6105978,0.8,,,,0,,6,6,2025,26,,18.8,,32,,11.6,,ON,,,,,OTTAWA CDA RCS,30578,0,,,,,,"{""type"": ""Point"", ""coordinates"": [-75.71666666666667, 45.38333333333333]}"
6105978.2025.6.7,2025-06-07 00:00:00,6105978,1.9,,32,,0,,7,6,2025,24.8,,19.9,,35,,15,,ON,,,34,,OTTAWA CDA RCS,30578,0,,,,,,"{""type"": ""Point"", ""coordinates"": [-75.71666666666667, 45.38333333333333]}"
6105978.2025.6.8,2025-06-08 00:00:00,6105978,0,,,,0.2,,8,6,2025,24.2,,17.8,,28,,11.4,,ON,,,,,OTTAWA CDA RCS,30578,0,,,,,,"{""type"": ""Point"", ""coordinates"": [-75.71666666666667, 45.38333333333333]}"
6105978.2025.6.9,2025-06-09 00:00:00,6105978,0,,17,,0.5,,9,6,2025,19.1,,17.5,,68,,16,,ON,,,32,,OTTAWA CDA RCS,30578,15.5,,,,,,"{""type"": ""Point"", ""coordinates"": [-75.71666666666667, 45.38333333333333]}"
6105978.2025.6.10,2025-06-10 00:00:00,6105978,1.1,,23,,0,,10,6,2025,23.9,,19.1,,43,,14.4,,ON,,,47,,OTTAWA CDA RCS,30578,3.7,,,,,,"{""type"": ""Point"", ""coordinates"": [-75.71666666666667, 45.38333333333333]}"
6105978.2025.6.11,2025-06-11 00:00:00,6105978,0.6,,19,,0,,11,6,2025,24.5,,18.6,,49,,12.6,,ON,,,41,,OTTAWA CDA RCS,30578,0,,,,,,"{""type"": ""Point"", ""coordinates"": [-75.71666666666667, 45.38333333333333]}"
6105978.2025.6.12,2025-06-12 00:00:00,6105978,0,,32,,3.2,,12,6,2025,19.1,,14.8,,49,,10.5,,ON,,,46,,OTTAWA CDA RCS,30578,0,,,,,,"{""type"": ""Point"", ""coordinates"": [-75.71666666666667, 45.38333333333333]}"
6105978.2025.6.13,2025-06-13 00:00:00,6105978,0,,,,4.7,,13,6,2025,18.8,,13.3,,40,,7.7,,ON,,,,,OTTAWA CDA RCS,30578,0,,,,,,"{""type"": ""Point"", ""coordinates"": [-75.71666666666667, 45.38333333333333]}"
6105978.2025.6.14,2025-06-14 00:00:00,6105978,0,,,,2.7,,14,6,2025,21.7,,15.3,,33,,8.8,,ON,,,,,OTTAWA CDA RCS,30578,0,,,,,,"{""type"": ""Point"", ""coordinates"": [-75.71666666666667, 45.38333333333333]}"
6105978.2025.6.15,2025-06-15 00:00:00,6105978,0,,,,1.1,,15,6,2025,24.6,,16.9,,29,,9.1,,ON,,,,,OTTAWA CDA RCS,30578,0,,,,,,"{""type"": ""Point"", ""coordinates"": [-75.71666666666667, 45.38333333333333]}"
6105978.2025.6.16,2025-06-16 00:00:00,6105978,0,,23,,0,,16,6,2025,26.8,,18,,38,,9.3,,ON,,,34,,OTTAWA CDA RCS,30578,0,,,,,,"{""type"": ""Point"", ""coordinates"": [-75.71666666666667, 45.38333333333333]}"
6105978.2025.6.17,2025-06-17 00:00:00,6105978,3.6,,23,,0,,17,6,2025,26.4,,21.6,,55,,16.9,,ON,,,33,,OTTAWA CDA RCS,30578,0,,,,,,"{""type"": ""Point"", ""coordinates"": [-75.71666666666667, 45.38333333333333]}"
6105978.2025.6.18,2025-06-18 00:00:00,6105978,6.7,,,,0,,18,6,2025,29.6,,24.7,,49,,19.7,,ON,,,,,OTTAWA CDA RCS,30578,0,,,,,,"{""type"": ""Point"", ""coordinates"": [-75.71666666666667, 45.38333333333333]}"
6105978.2025.6.19,2025-06-19 00:00:00,6105978,3.2,,22,,0,,19,6,2025,26.7,,21.2,,61,,15.8,,ON,,,53,,OTTAWA CDA RCS,30578,1.4,,,,,,"{""type"": ""Point"", ""coordinates"": [-75.71666666666667, 45.38333333333333]}"
6105978.2025.6.20,2025-06-20 00:00:00,6105978,0,,32,,0,,20,6,2025,22.2,,18,,41,,13.8,,ON,,,47,,OTTAWA CDA RCS,30578,4.3,,,,,,"{""type"": ""Point"", ""coordinates"": [-75.71666666666667, 45.38333333333333]}"
6105978.2025.6.21,2025-06-21 00:00:00,6105978,0.8,,19,,0,,21,6,2025,26.9,,18.8,,40,,10.7,,ON,,,78,,OTTAWA CDA RCS,30578,3.6,,,,,,"{""type"": ""Point"", ""coordinates"": [-75.71666666666667, 45.38333333333333]}"
6105978.2025.6.22,2025-06-22 00:00:00,6105978,6.3,,24,,0,,22,6,2025,29.3,,24.3,,59,,19.3,,ON,,,37,,OTTAWA CDA RCS,30578,7.9,,,,,,"{""type"": ""Point"", ""coordinates"": [-75.71666666666667, 45.38333333333333]}"
6105978.2025.6.23,2025-06-23 00:00:00,6105978,10,,25,,0,,23,6,2025,35.1,,28,,50,,20.8,,ON,,,42,,OTTAWA CDA RCS,30578,0,,,,,,"{""type"": ""Point"", ""coordinates"": [-75.71666666666667, 45.38333333333333]}"
6105978.2025.6.24,2025-06-24 00:00:00,6105978,,M,,M,,M,24,6,2025,,M,,M,,M,,M,ON,,,,M,OTTAWA CDA RCS,30578,,M,,,,,"{""type"": ""Point"", ""coordinates"": [-75.71666666666667, 45.38333333333333]}"
6105978.2025.6.25,2025-06-25 00:00:00,6105978,5.3,,,,0,,25,6,2025,26.9,,23.3,,34,,19.7,,ON,,,,,OTTAWA CDA RCS,30578,0,,,,,,"{""type"": ""Point"", ""coordinates"": [-75.71666666666667, 45.38333333333333]}"
6105978.2025.6.26,2025-06-26 00:00:00,6105978,0,,,,1,,26,6,2025,20.5,,17,,44,,13.6,,ON,,,,,OTTAWA CDA RCS,30578,0,,,,,,"{""type"": ""Point"", ""coordinates"": [-75.71666666666667, 45.38333333333333]}"
6105978.2025.6.27,2025-06-27 00:00:00,6105978,0.8,,11,,0,,27,6,2025,24.5,,18.8,,36,,13,,ON,,,37,,OTTAWA CDA RCS,30578,22.9,,,,,,"{""type"": ""Point"", ""coordinates"": [-75.71666666666667, 45.38333333333333]}"
6105978.2025.6.28,2025-06-28 00:00:00,6105978,5.6,,29,,0,,28,6,2025,29,,23.6,,56,,18.2,,ON,,,41,,OTTAWA CDA RCS,30578,12.4,,,,,,"{""type"": ""Point"", ""coordinates"": [-75.71666666666667, 45.38333333333333]}"
6105978.2025.6.29,2025-06-29 00:00:00,6105978,3.7,,,,0,,29,6,2025,26.6,,21.7,,50,,16.7,,ON,,,,,OTTAWA CDA RCS,30578,0,,,,,,"{""type"": ""Point"", ""coordinates"": [-75.71666666666667, 45.38333333333333]}"
6105978.2025.6.30,2025-06-30 00:00:00,6105978,4.1,,19,,0,,30,6,2025,29.8,,22.1,,43,,14.4,,ON,,,31,,OTTAWA CDA RCS,30578,0.7,,,,,,"{""type"": ""Point"", ""coordinates"": [-75.71666666666667, 45.38333333333333]}"
6105978.2025.7.1,2025-07-01 00:00:00,6105978,7.7,,32,,0,,1,7,2025,30.2,,25.7,,53,,21.2,,ON,,,48,,OTTAWA CDA RCS,30578,0.8,,,,,,"{""type"": ""Point"", ""coordinates"": [-75.71666666666667, 45.38333333333333]}"
6105978.2025.7.2,2025-07-02 00:00:00,6105978,6,,23,,0,,2,7,2025,29,,24,,50,,19.1,,ON,,,37,,OTTAWA CDA RCS,30578,0,,,,,,"{""type"": ""Point"", ""coordinates"": [-75.71666666666667, 45.38333333333333]}"
6105978.2025.7.3,2025-07-03 00:00:00,6105978,,M,,M,,M,3,7,2025,,M,,M,,M,,M,ON,,,,M,OTTAWA CDA RCS,30578,,M,,,,,"{""type"": ""Point"", ""coordinates"": [-75.71666666666667, 45.38333333333333]}"
6105978.2025.7.4,2025-07-04 00:00:00,6105978,0.9,,35,,0,,4,7,2025,24.9,,18.9,,44,,12.9,,ON,,,36,,OTTAWA CDA RCS,30578,0,,,,,,"{""type"": ""Point"", ""coordinates"": [-75.71666666666667, 45.38333333333333]}"
6105978.2025.7.5,2025-07-05 00:00:00,6105978,3.1,,21,,0,,5,7,2025,28.4,,21.1,,44,,13.8,,ON,,,36,,OTTAWA CDA RCS,30578,0,,,,,,"{""type"": ""Point"", ""coordinates"": [-75.71666666666667, 45.38333333333333]}"
6105978.2025.7.6,2025-07-06 00:00:00,6105978,9.6,,22,,0,,6,7,2025,33.1,,27.6,,49,,22.1,,ON,,,59,,OTTAWA CDA RCS,30578,14.1,,,,,,"{""type"": ""Point"", ""coordinates"": [-75.71666666666667, 45.38333333333333]}"
6105978.2025.7.7,2025-07-07 00:00:00,6105978,2.3,,,,0,,7,7,2025,22.5,,20.3,,91,,18.1,,ON,,,,,OTTAWA CDA RCS,30578,21.8,,,,,,"{""type"": ""Point"", ""coordinates"": [-75.71666666666667, 45.38333333333333]}"
6105978.2025.7.8,2025-07-08 00:00:00,6105978,3.8,,,,0,,8,7,2025,26.2,,21.8,,54,,17.4,,ON,,,,,OTTAWA CDA RCS,30578,1.2,,,,,,"{""type"": ""Point"", ""coordinates"": [-75.71666666666667, 45.38333333333333]}"
6105978.2025.7.9,2025-07-09 00:00:00,6105978,3.9,,,,0,,9,7,2025,27.9,,21.9,,54,,16,,ON,,,,,OTTAWA CDA RCS,30578,0,,,,,,"{""type"": ""Point"", ""coordinates"": [-75.71666666666667, 45.38333333333333]}"
6105978.2025.7.10,2025-07-10 00:00:00,6105978,4.6,,,,0,,10,7,2025,28.5,,22.6,,55,,16.8,,ON,,,,,OTTAWA CDA RCS,30578,0,,,,,,"{""type"": ""Point"", ""coordinates"": [-75.71666666666667, 45.38333333333333]}"
6105978.2025.7.11,2025-07-11 00:00:00,6105978,5.3,,,,0,,11,7,2025,30.3,,23.3,,45,,16.4,,ON,,,,,OTTAWA CDA RCS,30578,0,,,,,,"{""type"": ""Point"", ""coordinates"": [-75.71666666666667, 45.38333333333333]}"
6105978.2025.7.12,2025-07-12 00:00:00,6105978,6.7,,,,0,,12,7,2025,31.3,,24.7,,53,,18.1,,ON,,,,,OTTAWA CDA RCS,30578,0,,,,,,"{""type"": ""Point"", ""coordinates"": [-75.71666666666667, 45.38333333333333]}"
6105978.2025.7.13,2025-07-13 00:00:00,6105978,8.8,,28,,0,,13,7,2025,31.1,,26.8,,65,,22.5,,ON,,,49,,OTTAWA CDA RCS,30578,11.8,,,,,,"{""type"": ""Point"", ""coordinates"": [-75.71666666666667, 45.38333333333333]}"
6105978.2025.7.14,2025-07-14 00:00:00,6105978,6,,,,0,,14,7,2025,28.8,,24,,45,,19.1,,ON,,,,,OTTAWA CDA RCS,30578,0,,,,,,"{""type"": ""Point"", ""coordinates"": [-75.71666666666667, 45.38333333333333]}"
6105978.2025.7.15,2025-07-15 00:00:00,6105978,5.6,,,,0,,15,7,2025,30.4,,23.6,,47,,16.8,,ON,,,,,OTTAWA CDA RCS,30578,0,,,,,,"{""type"": ""Point"", ""coordinates"": [-75.71666666666667, 45.38333333333333]}"
6105978.2025.7.16,2025-07-16 00:00:00,6105978,8,,21,,0,,16,7,2025,32.4,,26,,46,,19.6,,ON,,,33,,OTTAWA CDA RCS,30578,0,,,,,,"{""type"": ""Point"", ""coordinates"": [-75.71666666666667, 45.38333333333333]}"
6105978.2025.7.17,2025-07-17 00:00:00,6105978,3.6,,20,,0,,17,7,2025,28,,21.6,,73,,15.1,,ON,,,57,,OTTAWA CDA RCS,30578,7.9,,,,,,"{""type"": ""Point"", ""coordinates"": [-75.71666666666667, 45.38333333333333]}"
6105978.2025.7.18,2025-07-18 00:00:00,6105978,0.7,,,,0,,18,7,2025,25,,18.7,,36,,12.4,,ON,,,,,OTTAWA CDA RCS,30578,0,,,,,,"{""type"": ""Point"", ""coordinates"": [-75.71666666666667, 45.38333333333333]}"
6105978.2025.7.19,2025-07-19 00:00:00,6105978,1.8,,23,,0,,19,7,2025,25.9,,19.8,,42,,13.6,,ON,,,32,,OTTAWA CDA RCS,30578,2.9,,,,,,"{""type"": ""Point"", ""coordinates"": [-75.71666666666667, 45.38333333333333]}"
6105978.2025.7.20,2025-07-20 00:00:00,6105978,2.7,,35,,0,,20,7,2025,25.7,,20.7,,53,,15.7,,ON,,,45,,OTTAWA CDA RCS,30578,3.6,,,,,,"{""type"": ""Point"", ""coordinates"": [-75.71666666666667, 45.38333333333333]}"
6105978.2025.7.21,2025-07-21 00:00:00,6105978,0,,32,,1.9,,21,7,2025,21.4,,16.1,,45,,10.8,,ON,,,31,,OTTAWA CDA RCS,30578,0,,,,,,"{""type"": ""Point"", ""coordinates"": [-75.71666666666667, 45.38333333333333]}"
6105978.2025.7.22,2025-07-22 00:00:00,6105978,0,,,,1.8,,22,7,2025,23,,16.2,,36,,9.5,,ON,,,,,OTTAWA CDA RCS,30578,0,,,,,,"{""type"": ""Point"", ""coordinates"": [-75.71666666666667, 45.38333333333333]}"
6105978.2025.7.23,2025-07-23 00:00:00,6105978,,M,,M,,M,23,7,2025,,M,,M,,M,,M,ON,,,,M,OTTAWA CDA RCS,30578,,M,,,,,"{""type"": ""Point"", ""coordinates"": [-75.71666666666667, 45.38333333333333]}"
6105978.2025.7.24,2025-07-24 00:00:00,6105978,,M,,M,,M,24,7,2025,,M,,M,,M,,M,ON,,,,M,OTTAWA CDA RCS,30578,,M,,,,,"{""type"": ""Point"", ""coordinates"": [-75.71666666666667, 45.38333333333333]}"
6105978.2025.7.25,2025-07-25 00:00:00,6105978,4.5,,,,0,,25,7,2025,28.2,,22.5,,43,,16.8,,ON,,,,,OTTAWA CDA RCS,30578,0,,,,,,"{""type"": ""Point"", ""coordinates"": [-75.71666666666667, 45.38333333333333]}"
6105978.2025.7.26,2025-07-26 00:00:00,6105978,4.8,,,,0,,26,7,2025,30.5,,22.8,,38,,15.1,,ON,,,,,OTTAWA CDA RCS,30578,0,,,,,,"{""type"": ""Point"", ""coordinates"": [-75.71666666666667, 45.38333333333333]}"
6105978.2025.7.27,2025-07-27 00:00:00,6105978,6.6,,32,,0,,27,7,2025,30.5,,24.6,,48,,18.6,,ON,,,31,,OTTAWA CDA RCS,30578,0,,,,,,"{""type"": ""Point"", ""coordinates"": [-75.71666666666667, 45.38333333333333]}"
6105978.2025.7.28,2025-07-28 00:00:00,6105978,7.5,,22,,0,,28,7,2025,33.3,,25.5,,40,,17.7,,ON,,,48,,OTTAWA CDA RCS,30578,0,,,,,,"{""type"": ""Point"", ""coordinates"": [-75.71666666666667, 45.38333333333333]}"
6105978.2025.7.29,2025-07-29 00:00:00,6105978,6.3,,,,0,,29,7,2025,29.5,,24.3,,44,,19.1,,ON,,,,,OTTAWA CDA RCS,30578,0,,,,,,"{""type"": ""Point"", ""coordinates"": [-75.71666666666667, 45.38333333333333]}"
6105978.2025.7.30,2025-07-30 00:00:00,6105978,4.2,,34,,0,,30,7,2025,27.2,,22.2,,45,,17.1,,ON,,,33,,OTTAWA CDA RCS,30578,0,,,,,,"{""type"": ""Point"", ""coordinates"": [-75.71666666666667, 45.38333333333333]}"
6105978.2025.7.31,2025-07-31 00:00:00,6105978,0.9,,,,0,,31,7,2025,23.3,,18.9,,35,,14.6,,ON,,,,,OTTAWA CDA RCS,30578,0,,,,,,"{""type"": ""Point"", ""coordinates"": [-75.71666666666667, 45.38333333333333]}"
6105978.2025.8.1,2025-08-01 00:00:00,6105978,0,,,,1.3,,1,8,2025,23.1,,16.7,,32,,10.3,,ON,,,,,OTTAWA CDA RCS,30578,0,,,,,,"{""type"": ""Point"", ""coordinates"": [-75.71666666666667, 45.38333333333333]}"
6105978.2025.8.2,2025-08-02 00:00:00,6105978,0.9,,29,,0,,2,8,2025,27.4,,18.9,,36,,10.3,,ON,,,33,,OTTAWA CDA RCS,30578,0,,,,,,"{""type"": ""Point"", ""coordinates"": [-75.71666666666667, 45.38333333333333]}"
6105978.2025.8.3,2025-08-03 00:00:00,6105978,3.4,,,,0,,3,8,2025,28.3,,21.4,,41,,14.5,,ON,,,,,OTTAWA CDA RCS,30578,0,,,,,,"{""type"": ""Point"", ""coordinates"": [-75.71666666666667, 45.38333333333333]}"
6105978.2025.8.4,2025-08-04 00:00:00,6105978,2.2,,,,0,,4,8,2025,24.9,,20.2,,47,,15.6,,ON,,,,,OTTAWA CDA RCS,30578,0,,,,,,"{""type"": ""Point"", ""coordinates"": [-75.71666666666667, 45.38333333333333]}"
6105978.2025.8.5,2025-08-05 00:00:00,6105978,1.9,,,,0,,5,8,2025,25.1,,19.9,,42,,14.7,,ON,,,,,OTTAWA CDA RCS,30578,0,,,,,,"{""type"": ""Point"", ""coordinates"": [-75.71666666666667, 45.38333333333333]}"
6105978.2025.8.6,2025-08-06 00:00:00,6105978,2.6,,,,0,,6,8,2025,28.1,,20.6,,30,,13.2,,ON,,,,,OTTAWA CDA RCS,30578,0,,,,,,"{""type"": ""Point"", ""coordinates"": [-75.71666666666667, 45.38333333333333]}"
6105978.2025.8.7,2025-08-07 00:00:00,6105978,3.2,,,,0,,7,8,2025,29.2,,21.2,,49,,13.3,,ON,,,,,OTTAWA CDA RCS,30578,1.1,,,,,,"{""type"": ""Point"", ""coordinates"": [-75.71666666666667, 45.38333333333333]}"
6105978.2025.8.8,2025-08-08 00:00:00,6105978,5.1,,21,,0,,8,8,2025,31.3,,23.1,,33,,14.8,,ON,,,36,,OTTAWA CDA RCS,30578,0,,,,,,"{""type"": ""Point"", ""coordinates"": [-75.71666666666667, 45.38333333333333]}"
6105978.2025.8.9,2025-08-09 00:00:00,6105978,7.5,,21,,0,,9,8,2025,33.3,,25.5,,38,,17.7,,ON,,,32,,OTTAWA CDA RCS,30578,0,,,,,,"{""type"": ""Point"", ""coordinates"": [-75.71666666666667, 45.38333333333333]}"
6105978.2025.8.10,2025-08-10 00:00:00,6105978,9.6,,21,,0,,10,8,2025,35.1,,27.6,,39,,20.2,,ON,,,36,,OTTAWA CDA RCS,30578,0,,,,,,"{""type"": ""Point"", ""coordinates"": [-75.71666666666667, 45.38333333333333]}"
6105978.2025.8.11,2025-08-11 00:00:00,6105978,8.9,,19,,0,,11,8,2025,35,,26.9,,32,,18.8,,ON,,,34,,OTTAWA CDA RCS,30578,0,,,,,,"{""type"": ""Point"", ""coordinates"": [-75.71666666666667, 45.38333333333333]}"
6105978.2025.8.12,2025-08-12 00:00:00,6105978,8.4,,18,,0,,12,8,2025,35.2,,26.4,,40,,17.5,,ON,,,41,,OTTAWA CDA RCS,30578,0,,,,,,"{""type"": ""Point"", ""coordinates"": [-75.71666666666667, 45.38333333333333]}"
6105978.2025.8.13,2025-08-13 00:00:00,6105978,7.5,,,M,0,,13,8,2025,30.1,,25.5,,50,,20.9,,ON,,,48,,OTTAWA CDA RCS,30578,12.2,,,,,,"{""type"": ""Point"", ""coordinates"": [-75.71666666666667, 45.38333333333333]}"
6105978.2025.8.14,2025-08-14 00:00:00,6105978,1.2,,,M,0,,14,8,2025,26,,19.2,,30,,12.4,,ON,,,31,,OTTAWA CDA RCS,30578,0,,,,,,"{""type"": ""Point"", ""coordinates"": [-75.71666666666667, 45.38333333333333]}"
6105978.2025.8.15,2025-08-15 00:00:00,6105978,1.5,,,,0,,15,8,2025,28.3,,19.5,,29,,10.7,,ON,,,,,OTTAWA CDA RCS,30578,0,,,,,,"{""type"": ""Point"", ""coordinates"": [-75.71666666666667, 45.38333333333333]}"
6105978.2025.8.16,2025-08-16 00:00:00,6105978,4.9,,,M,0,,16,8,2025,32.5,,22.9,,33,,13.2,,ON,,,32,,OTTAWA CDA RCS,30578,0,,,,,,"{""type"": ""Point"", ""coordinates"": [-75.71666666666667, 45.38333333333333]}"
6105978.2025.8.17,2025-08-17 00:00:00,6105978,1,,,M,0,,17,8,2025,23.6,,19,,36,,14.4,,ON,,,35,,OTTAWA CDA RCS,30578,2,,,,,,"{""type"": ""Point"", ""coordinates"": [-75.71666666666667, 45.38333333333333]}"
6105978.2025.8.18,2025-08-18 00:00:00,6105978,0,,,,1.6,,18,8,2025,22.1,,16.4,,31,,10.7,,ON,,,,,OTTAWA CDA RCS,30578,0,,,,,,"{""type"": ""Point"", ""coordinates"": [-75.71666666666667, 45.38333333333333]}"
6105978.2025.8.19,2025-08-19 00:00:00,6105978,0,,,,0.5,,19,8,2025,22.2,,17.5,,44,,12.8,,ON,,,,,OTTAWA CDA RCS,30578,0.3,,,,,,"{""type"": ""Point"", ""coordinates"": [-75.71666666666667, 45.38333333333333]}"
6105978.2025.8.20,2025-08-20 00:00:00,6105978,,M,,M,,M,20,8,2025,,M,,M,,M,,M,ON,,,,M,OTTAWA CDA RCS,30578,,M,,,,,"{""type"": ""Point"", ""coordinates"": [-75.71666666666667, 45.38333333333333]}"
6105978.2025.8.21,2025-08-21 00:00:00,6105978,0.6,,,,0,,21,8,2025,27.4,,18.6,,34,,9.8,,ON,,,,,OTTAWA CDA RCS,30578,0,,,,,,"{""type"": ""Point"", ""coordinates"": [-75.71666666666667, 45.38333333333333]}"
6105978.2025.8.22,2025-08-22 00:00:00,6105978,2.7,,,,0,,22,8,2025,30,,20.7,,31,,11.5,,ON,,,,,OTTAWA CDA RCS,30578,0,,,,,,"{""type"": ""Point"", ""coordinates"": [-75.71666666666667, 45.38333333333333]}"
6105978.2025.8.23,2025-08-23 00:00:00,6105978,4.3,,22,,0,,23,8,2025,28.7,,22.3,,45,,15.9,,ON,,,37,,OTTAWA CDA RCS,30578,0,,,,,,"{""type"": ""Point"", ""coordinates"": [-75.71666666666667, 45.38333333333333]}"
6105978.2025.8.24,2025-08-24 00:00:00,6105978,4.6,,27,,0,,24,8,2025,28.5,,22.6,,34,,16.8,,ON,,,32,,OTTAWA CDA RCS,30578,0,,,,,,"{""type"": ""Point"", ""coordinates"": [-75.71666666666667, 45.38333333333333]}"
6105978.2025.8.25,2025-08-25 00:00:00,6105978,1.7,,26,,0,,25,8,2025,25.6,,19.7,,39,,13.9,,ON,,,41,,OTTAWA CDA RCS,30578,0,,,,,,"{""type"": ""Point"", ""coordinates"": [-75.71666666666667, 45.38333333333333]}"
6105978.2025.8.26,2025-08-26 00:00:00,6105978,0,,25,,1.4,,26,8,2025,21.1,,16.6,,48,,12.2,,ON,,,35,,OTTAWA CDA RCS,30578,0.7,,,,,,"{""type"": ""Point"", ""coordinates"": [-75.71666666666667, 45.38333333333333]}"
6105978.2025.8.27,2025-08-27 00:00:00,6105978,0,,33,,2.1,,27,8,2025,22.5,,15.9,,32,,9.4,,ON,,,35,,OTTAWA CDA RCS,30578,0,,,,,,"{""type"": ""Point"", ""coordinates"": [-75.71666666666667, 45.38333333333333]}"
6105978.2025.8.28,2025-08-28 00:00:00,6105978,0,,,,2.7,,28,8,2025,18.5,,15.3,,55,,12.1,,ON,,,,,OTTAWA CDA RCS,30578,31.8,,,,,,"{""type"": ""Point"", ""coordinates"": [-75.71666666666667, 45.38333333333333]}"
6105978.2025.8.29,2025-08-29 00:00:00,6105978,0,,27,,3,,29,8,2025,18.4,,15,,63,,11.5,,ON,,,33,,OTTAWA CDA RCS,30578,2.6,,,,,,"{""type"": ""Point"", ""coordinates"": [-75.71666666666667, 45.38333333333333]}"
6105978.2025.8.30,2025-08-30 00:00:00,6105978,0,,30,,2.3,,30,8,2025,20.8,,15.7,,53,,10.7,,ON,,,38,,OTTAWA CDA RCS,30578,0.2,,,,,,"{""type"": ""Point"", ""coordinates"": [-75.71666666666667, 45.38333333333333]}"
6105978.2025.8.31,2025-08-31 00:00:00,6105978,0.4,,,,0,,31,8,2025,25.1,,18.4,,36,,11.6,,ON,,,,,OTTAWA CDA RCS,30578,0,,,,,,"{""type"": ""Point"", ""coordinates"": [-75.71666666666667, 45.38333333333333]}"
6105978.2025.9.1,2025-09-01 00:00:00,6105978,0.5,,,,0,,1,9,2025,27.1,,18.5,,36,,9.9,,ON,,,,,OTTAWA CDA RCS,30578,0,,,,,,"{""type"": ""Point"", ""coordinates"": [-75.71666666666667, 45.38333333333333]}"
6105978.2025.9.2,2025-09-02 00:00:00,6105978,1.6,,,,0,,2,9,2025,26.2,,19.6,,39,,13.1,,ON,,,,,OTTAWA CDA RCS,30578,0,,,,,,"{""type"": ""Point"", ""coordinates"": [-75.71666666666667, 45.38333333333333]}"
6105978.2025.9.3,2025-09-03 00:00:00,6105978,1.4,,19,,0,,3,9,2025,27,,19.4,,32,,11.7,,ON,,,34,,OTTAWA CDA RCS,30578,0,,,,,,"{""type"": ""Point"", ""coordinates"": [-75.71666666666667, 45.38333333333333]}"
6105978.2025.9.4,2025-09-04 00:00:00,6105978,0,,25,,0.6,,4,9,2025,27.1,,17.4,,47,,7.7,,ON,,,50,,OTTAWA CDA RCS,30578,5.3,,,,,,"{""type"": ""Point"", ""coordinates"": [-75.71666666666667, 45.38333333333333]}"
6105978.2025.9.5,2025-09-05 00:00:00,6105978,0,,21,,2,,5,9,2025,23.7,,16,,44,,8.2,,ON,,,60,,OTTAWA CDA RCS,30578,0,,,,,,"{""type"": ""Point"", ""coordinates"": [-75.71666666666667, 45.38333333333333]}"
6105978.2025.9.6,2025-09-06 00:00:00,6105978,0,,21,,2.3,,6,9,2025,20.6,,15.7,,41,,10.7,,ON,,,34,,OTTAWA CDA RCS,30578,0,,,,,,"{""type"": ""Point"", ""coordinates"": [-75.71666666666667, 45.38333333333333]}"
6105978.2025.9.7,2025-09-07 00:00:00,6105978,0,,29,,3.7,,7,9,2025,18.9,,14.3,,40,,9.6,,ON,,,40,,OTTAWA CDA RCS,30578,0.2,,,,,,"{""type"": ""Point"", ""coordinates"": [-75.71666666666667, 45.38333333333333]}"
6105978.2025.9.8,2025-09-08 00:00:00,6105978,0,,,,5.8,,8,9,2025,18.5,,12.2,,45,,5.9,,ON,,,,,OTTAWA CDA RCS,30578,0,,,,,,"{""type"": ""Point"", ""coordinates"": [-75.71666666666667, 45.38333333333333]}"
6105978.2025.9.9,2025-09-09 00:00:00,6105978,0,,,,4.7,,9,9,2025,22.1,,13.3,,41,,4.6,,ON,,,,,OTTAWA CDA RCS,30578,0,,,,,,"{""type"": ""Point"", ""coordinates"": [-75.71666666666667, 45.38333333333333]}"
6105978.2025.9.10,2025-09-10 00:00:00,6105978,0,,,,2.6,,10,9,2025,24.6,,15.4,,38,,6.2,,ON,,,,,OTTAWA CDA RCS,30578,0,,,,,,"{""type"": ""Point"", ""coordinates"": [-75.71666666666667, 45.38333333333333]}"
6105978.2025.9.11,2025-09-11 00:00:00,6105978,0,,,,1.7,,11,9,2025,22.8,,16.3,,44,,9.8,,ON,,,,,OTTAWA CDA RCS,30578,0,,,,,,"{""type"": ""Point"", ""coordinates"": [-75.71666666666667, 45.38333333333333]}"
6105978.2025.9.12,2025-09-12 00:00:00,6105978,0,,,,3.9,,12,9,2025,21.3,,14.1,,36,,6.8,,ON,,,,,OTTAWA CDA RCS,30578,0,,,,,,"{""type"": ""Point"", ""coordinates"": [-75.71666666666667, 45.38333333333333]}"
6105978.2025.9.13,2025-09-13 00:00:00,6105978,0,,,,0.9,,13,9,2025,23.1,,17.1,,43,,11,,ON,,,,,OTTAWA CDA RCS,30578,0,,,,,,"{""type"": ""Point"", ""coordinates"": [-75.71666666666667, 45.38333333333333]}"
6105978.2025.9.14,2025-09-14 00:00:00,6105978,0,,,,0.7,,14,9,2025,23.6,,17.3,,43,,11,,ON,,,,,OTTAWA CDA RCS,30578,0,,,,,,"{""type"": ""Point"", ""coordinates"": [-75.71666666666667, 45.38333333333333]}"
6105978.2025.9.15,2025-09-15 00:00:00,6105978,0,,,,1.3,,15,9,2025,23.6,,16.7,,41,,9.8,,ON,,,,,OTTAWA CDA RCS,30578,0,,,,,,"{""type"": ""Point"", ""coordinates"": [-75.71666666666667, 45.38333333333333]}"
6105978.2025.9.16,2025-09-16 00:00:00,6105978,0,,,,1.3,,16,9,2025,25.7,,16.7,,39,,7.8,,ON,,,,,OTTAWA CDA RCS,30578,0,,,,,,"{""type"": ""Point"", ""coordinates"": [-75.71666666666667, 45.38333333333333]}"
6105978.2025.9.17,2025-09-17 00:00:00,6105978,0,,,,0.6,,17,9,2025,26.1,,17.4,,39,,8.7,,ON,,,,,OTTAWA CDA RCS,30578,0,,,,,,"{""type"": ""Point"", ""coordinates"": [-75.71666666666667, 45.38333333333333]}"
6105978.2025.9.18,2025-09-18 00:00:00,6105978,1.2,,34,,0,,18,9,2025,26.2,,19.2,,56,,12.2,,ON,,,37,,OTTAWA CDA RCS,30578,0,,,,,,"{""type"": ""Point"", ""coordinates"": [-75.71666666666667, 45.38333333333333]}"
6105978.2025.9.19,2025-09-19 00:00:00,6105978,0,,,,4.4,,19,9,2025,18.8,,13.6,,32,,8.4,,ON,,,,,OTTAWA CDA RCS,30578,0,,,,,,"{""type"": ""Point"", ""coordinates"": [-75.71666666666667, 45.38333333333333]}"
6105978.2025.9.20,2025-09-20 00:00:00,6105978,0,,,,7.9,,20,9,2025,18.4,,10.1,,23,,1.9,,ON,,,,,OTTAWA CDA RCS,30578,0,,,,,,"{""type"": ""Point"", ""coordinates"": [-75.71666666666667, 45.38333333333333]}"
6105978.2025.9.21,2025-09-21 00:00:00,6105978,0,,,,5.1,,21,9,2025,24.9,,12.9,,38,,0.9,,ON,,,,,OTTAWA CDA RCS,30578,0,,,,,,"{""type"": ""Point"", ""coordinates"": [-75.71666666666667, 45.38333333333333]}"
6105978.2025.9.22,2025-09-22 00:00:00,6105978,0,,,,0.9,,22,9,2025,20.2,,17.1,,67,,13.9,,ON,,,,,OTTAWA CDA RCS,30578,8.6,,,,,,"{""type"": ""Point"", ""coordinates"": [-75.71666666666667, 45.38333333333333]}"
6105978.2025.9.23,2025-09-23 00:00:00,6105978,1.9,,,,0,,23,9,2025,23.7,,19.9,,67,,16.1,,ON,,,,,OTTAWA CDA RCS,30578,0,,,,,,"{""type"": ""Point"", ""coordinates"": [-75.71666666666667, 45.38333333333333]}"
6105978.2025.9.24,2025-09-24 00:00:00,6105978,2.1,,7,,0,,24,9,2025,24.4,,20.1,,47,,15.7,,ON,,,33,,OTTAWA CDA RCS,30578,0,,,,,,"{""type"": ""Point"", ""coordinates"": [-75.71666666666667, 45.38333333333333]}"
6105978.2025.9.25,2025-09-25 00:00:00,6105978,0,,,,1.8,,25,9,2025,17.4,,16.2,,75,,14.9,,ON,,,,,OTTAWA CDA RCS,30578,13.8,,,,,,"{""type"": ""Point"", ""coordinates"": [-75.71666666666667, 45.38333333333333]}"
6105978.2025.9.26,2025-09-26 00:00:00,6105978,0,,34,,0.3,,26,9,2025,22.9,,17.7,,59,,12.4,,ON,,,34,,OTTAWA CDA RCS,30578,0,,,,,,"{""type"": ""Point"", ""coordinates"": [-75.71666666666667, 45.38333333333333]}"
6105978.2025.9.27,2025-09-27 00:00:00,6105978,0,,,,1,,27,9,2025,21.5,,17,,51,,12.4,,ON,,,,,OTTAWA CDA RCS,30578,0,,,,,,"{""type"": ""Point"", ""coordinates"": [-75.71666666666667, 45.38333333333333]}"
6105978.2025.9.28,2025-09-28 00:00:00,6105978,0.4,,28,,0,,28,9,2025,24.1,,18.4,,33,,12.6,,ON,,,34,,OTTAWA CDA RCS,30578,0,,,,,,"{""type"": ""Point"", ""coordinates"": [-75.71666666666667, 45.38333333333333]}"
6105978.2025.9.29,2025-09-29 00:00:00,6105978,1.7,,22,,0,,29,9,2025,27.6,,19.7,,24,,11.8,,ON,,,31,,OTTAWA CDA RCS,30578,0,,,,,,"{""type"": ""Point"", ""coordinates"": [-75.71666666666667, 45.38333333333333]}"
6105978.2025.9.30,2025-09-30 00:00:00,6105978,0,,33,,2.5,,30,9,2025,20.5,,15.5,,27,,10.4,,ON,,,33,,OTTAWA CDA RCS,30578,0,,,,,,"{""type"": ""Point"", ""coordinates"": [-75.71666666666667, 45.38333333333333]}"
6105978.2025.10.1,2025-10-01 00:00:00,6105978,0,,,,6.2,,1,10,2025,17.4,,11.8,,31,,6.2,,ON,,,,,OTTAWA CDA RCS,30578,0,,,,,,"{""type"": ""Point"", ""coordinates"": [-75.71666666666667, 45.38333333333333]}"
6105978.2025.10.2,2025-10-02 00:00:00,6105978,0,,,,7.2,,2,10,2025,18.9,,10.8,,28,,2.6,,ON,,,,,OTTAWA CDA RCS,30578,0,,,,,,"{""type"": ""Point"", ""coordinates"": [-75.71666666666667, 45.38333333333333]}"
6105978.2025.10.3,2025-10-03 00:00:00,6105978,0,,,,3.3,,3,10,2025,25.6,,14.7,,28,,3.8,,ON,,,,,OTTAWA CDA RCS,30578,0,,,,,,"{""type"": ""Point"", ""coordinates"": [-75.71666666666667, 45.38333333333333]}"
6105978.2025.10.4,2025-10-04 00:00:00,6105978,0.3,,,,0,,4,10,2025,27.3,,18.3,,42,,9.4,,ON,,,,,OTTAWA CDA RCS,30578,0,,,,,,"{""type"": ""Point"", ""coordinates"": [-75.71666666666667, 45.38333333333333]}"
6105978.2025.10.5,2025-10-05 00:00:00,6105978,3.2,,20,,0,,5,10,2025,30.6,,21.2,,33,,11.8,,ON,,,33,,OTTAWA CDA RCS,30578,0,,,,,,"{""type"": ""Point"", ""coordinates"": [-75.71666666666667, 45.38333333333333]}"
6105978.2025.10.6,2025-10-06 00:00:00,6105978,1.6,,20,,0,,6,10,2025,29.6,,19.6,,31,,9.6,,ON,,,43,,OTTAWA CDA RCS,30578,0,,,,,,"{""type"": ""Point"", ""coordinates"": [-75.71666666666667, 45.38333333333333]}"
6105978.2025.10.7,2025-10-07 00:00:00,6105978,0,,,,2.4,,7,10,2025,19.4,,15.6,,73,,11.9,,ON,,,,,OTTAWA CDA RCS,30578,23.5,,,,,,"{""type"": ""Point"", ""coordinates"": [-75.71666666666667, 45.38333333333333]}"
6105978.2025.10.8,2025-10-08 00:00:00,6105978,0,,32,,9.4,,8,10,2025,14.2,,8.6,,51,,3.1,,ON,,,42,,OTTAWA CDA RCS,30578,0,,,,,,"{""type"": ""Point"", ""coordinates"": [-75.71666666666667, 45.38333333333333]}"
6105978.2025.10.9,2025-10-09 00:00:00,6105978,0,,,,12.4,,9,10,2025,11.8,,5.6,,36,,-0.7,,ON,,,,,OTTAWA CDA RCS,30578,0,,,,,,"{""type"": ""Point"", ""coordinates"": [-75.71666666666667, 45.38333333333333]}"
6105978.2025.10.10,2025-10-10 00:00:00,6105978,0,,23,,11.4,,10,10,2025,15.8,,6.6,,40,,-2.7,,ON,,,33,,OTTAWA CDA RCS,30578,0,,,,,,"{""type"": ""Point"", ""coordinates"": [-75.71666666666667, 45.38333333333333]}"
6105978.2025.10.11,2025-10-11 00:00:00,6105978,0,,,,6,,11,10,2025,17.7,,12,,52,,6.2,,ON,,,,,OTTAWA CDA RCS,30578,0,,,,,,"{""type"": ""Point"", ""coordinates"": [-75.71666666666667, 45.38333333333333]}"
6105978.2025.10.12,2025-10-12 00:00:00,6105978,0,,8,,4.3,,12,10,2025,19.9,,13.7,,37,,7.5,,ON,,,37,,OTTAWA CDA RCS,30578,0,,,,,,"{""type"": ""Point"", ""coordinates"": [-75.71666666666667, 45.38333333333333]}"
6105978.2025.10.13,2025-10-13 00:00:00,6105978,0,,8,,5,,13,10,2025,16.8,,13,,44,,9.3,,ON,,,38,,OTTAWA CDA RCS,30578,0,,,,,,"{""type"": ""Point"", ""coordinates"": [-75.71666666666667, 45.38333333333333]}"
6105978.2025.10.14,2025-10-14 00:00:00,6105978,0,,34,,2.9,,14,10,2025,19.7,,15.1,,50,,10.6,,ON,,,33,,OTTAWA CDA RCS,30578,0,,,,,,"{""type"": ""Point"", ""coordinates"": [-75.71666666666667, 45.38333333333333]}"
6105978.2025.10.15,2025-10-15 00:00:00,6105978,0,,36,,10,,15,10,2025,13.5,,8,,40,,2.6,,ON,,,33,,OTTAWA CDA RCS,30578,0,,,,,,"{""type"": ""Point"", ""coordinates"": [-75.71666666666667, 45.38333333333333]}"
6105978.2025.10.16,2025-10-16 00:00:00,6105978,0,,33,,10.5,,16,10,2025,13.7,,7.5,,35,,1.3,,ON,,,46,,OTTAWA CDA RCS,30578,0,,,,,,"{""type"": ""Point"", ""coordinates"": [-75.71666666666667, 45.38333333333333]}"
6105978.2025.10.17,2025-10-17 00:00:00,6105978,0,,,,12.2,,17,10,2025,12.5,,5.8,,44,,-0.9,,ON,,,,,OTTAWA CDA RCS,30578,0.4,,,,,,"{""type"": ""Point"", ""coordinates"": [-75.71666666666667, 45.38333333333333]}"
6105978.2025.10.18,2025-10-18 00:00:00,6105978,0,,,,4.5,,18,10,2025,18.5,,13.5,,49,,8.4,,ON,,,,,OTTAWA CDA RCS,30578,0,,,,,,"{""type"": ""Point"", ""coordinates"": [-75.71666666666667, 45.38333333333333]}"
6105978.2025.10.19,2025-10-19 00:00:00,6105978,0,,17,,0.7,,19,10,2025,26.2,,17.3,,34,,8.4,,ON,,,46,,OTTAWA CDA RCS,30578,0,,,,,,"{""type"": ""Point"", ""coordinates"": [-75.71666666666667, 45.38333333333333]}"
6105978.2025.10.20,2025-10-20 00:00:00,6105978,0,,29,,3.9,,20,10,2025,18.6,,14.1,,78,,9.5,,ON,,,39,,OTTAWA CDA RCS,30578,31,,,,,,"{""type"": ""Point"", ""coordinates"": [-75.71666666666667, 45.38333333333333]}"
6105978.2025.10.21,2025-10-21 00:00:00,6105978,0,,28,,7.1,,21,10,2025,14.8,,10.9,,54,,7.1,,ON,,,33,,OTTAWA CDA RCS,30578,0.1,,,,,,"{""type"": ""Point"", ""coordinates"": [-75.71666666666667, 45.38333333333333]}"
6105978.2025.10.22,2025-10-22 00:00:00,6105978,0,,,,9.1,,22,10,2025,12,,8.9,,76,,5.8,,ON,,,,,OTTAWA CDA RCS,30578,4.8,,,,,,"{""type"": ""Point"", ""coordinates"": [-75.71666666666667, 45.38333333333333]}"
6105978.2025.10.23,2025-10-23 00:00:00,6105978,0,,30,,11.5,,23,10,2025,10.4,,6.5,,69,,2.6,,ON,,,34,,OTTAWA CDA RCS,30578,1.1,,,,,,"{""type"": ""Point"", ""coordinates"": [-75.71666666666667, 45.38333333333333]}"
6105978.2025.10.24,2025-10-24 00:00:00,6105978,0,,,,11.7,,24,10,2025,9.2,,6.3,,60,,3.4,,ON,,,,,OTTAWA CDA RCS,30578,0.1,,,,,,"{""type"": ""Point"", ""coordinates"": [-75.71666666666667, 45.38333333333333]}"
6105978.2025.10.25,2025-10-25 00:00:00,6105978,0,,,,13.4,,25,10,2025,9.8,,4.6,,54,,-0.6,,ON,,,,,OTTAWA CDA RCS,30578,0,,,,,,"{""type"": ""Point"", ""coordinates"": [-75.71666666666667, 45.38333333333333]}"
6105978.2025.10.26,2025-10-26 00:00:00,6105978,0,,,,14,,26,10,2025,9.1,,4,,58,,-1.2,,ON,,,,,OTTAWA CDA RCS,30578,0,,,,,,"{""type"": ""Point"", ""coordinates"": [-75.71666666666667, 45.38333333333333]}"
6105978.2025.10.27,2025-10-27 00:00:00,6105978,0,,,,12.6,,27,10,2025,12.2,,5.4,,47,,-1.3,,ON,,,,,OTTAWA CDA RCS,30578,0,,,,,,"{""type"": ""Point"", ""coordinates"": [-75.71666666666667, 45.38333333333333]}"
6105978.2025.10.28,2025-10-28 00:00:00,6105978,0,,,,12.2,,28,10,2025,12.8,,5.8,,41,,-1.2,,ON,,,,,OTTAWA CDA RCS,30578,0,,,,,,"{""type"": ""Point"", ""coordinates"": [-75.71666666666667, 45.38333333333333]}"
6105978.2025.10.29,2025-10-29 00:00:00,6105978,0,,,,13,,29,10,2025,12.1,,5,,43,,-2.1,,ON,,,,,OTTAWA CDA RCS,30578,0,,,,,,"{""type"": ""Point"", ""coordinates"": [-75.71666666666667, 45.38333333333333]}"
6105978.2025.10.30,2025-10-30 00:00:00,6105978,0,,7,,13.7,,30,10,2025,7.2,,4.3,,83,,1.4,,ON,,,42,,OTTAWA CDA RCS,30578,41.3,,,,,,"{""type"": ""Point"", ""coordinates"": [-75.71666666666667, 45.38333333333333]}"
6105978.2025.10.31,2025-10-31 00:00:00,6105978,0,,28,,12.7,,31,10,2025,7.6,,5.3,,81,,3,,ON,,,51,,OTTAWA CDA RCS,30578,17.2,,,,,,"{""type"": ""Point"", ""coordinates"": [-75.71666666666667, 45.38333333333333]}"
6105978.2025.11.1,2025-11-01 00:00:00,6105978,0,,30,,13.2,,1,11,2025,6.4,,4.8,,58,,3.3,,ON,,,38,,OTTAWA CDA RCS,30578,0,,,,,,"{""type"": ""Point"", ""coordinates"": [-75.71666666666667, 45.38333333333333]}"
6105978.2025.11.2,2025-11-02 00:00:00,6105978,0,,28,,12.6,,2,11,2025,8,,5.4,,48,,2.8,,ON,,,31,,OTTAWA CDA RCS,30578,0,,,,,,"{""type"": ""Point"", ""coordinates"": [-75.71666666666667, 45.38333333333333]}"
6105978.2025.11.3,2025-11-03 00:00:00,6105978,0,,24,,11.4,,3,11,2025,11,,6.6,,64,,2.1,,ON,,,59,,OTTAWA CDA RCS,30578,2,,,,,,"{""type"": ""Point"", ""coordinates"": [-75.71666666666667, 45.38333333333333]}"
6105978.2025.11.4,2025-11-04 00:00:00,6105978,0,,30,,10.3,,4,11,2025,11.6,,7.7,,36,,3.7,,ON,,,53,,OTTAWA CDA RCS,30578,0,,,,,,"{""type"": ""Point"", ""coordinates"": [-75.71666666666667, 45.38333333333333]}"
6105978.2025.11.5,2025-11-05 00:00:00,6105978,0,,,,15.1,,5,11,2025,5.2,,2.9,,72,,0.5,,ON,,,,,OTTAWA CDA RCS,30578,7.1,,,,,,"{""type"": ""Point"", ""coordinates"": [-75.71666666666667, 45.38333333333333]}"
6105978.2025.11.6,2025-11-06 00:00:00,6105978,0,,29,,18,,6,11,2025,4.2,,0,,55,,-4.1,,ON,,,43,,OTTAWA CDA RCS,30578,0,,,,,,"{""type"": ""Point"", ""coordinates"": [-75.71666666666667, 45.38333333333333]}"
6105978.2025.11.7,2025-11-07 00:00:00,6105978,0,,9,,15,,7,11,2025,9.5,,3,,77,,-3.6,,ON,,,32,,OTTAWA CDA RCS,30578,8.1,,,,,,"{""type"": ""Point"", ""coordinates"": [-75.71666666666667, 45.38333333333333]}"
6105978.2025.11.8,2025-11-08 00:00:00,6105978,0,,27,,14.3,,8,11,2025,9.8,,3.7,,64,,-2.4,,ON,,,48,,OTTAWA CDA RCS,30578,0.2,,,,,,"{""type"": ""Point"", ""coordinates"": [-75.71666666666667, 45.38333333333333]}"
6105978.2025.11.9,2025-11-09 00:00:00,6105978,0,,2,,19.7,,9,11,2025,-0.6,,-1.7,,67,,-2.8,,ON,,,36,,OTTAWA CDA RCS,30578,9.5,,,,,,"{""type"": ""Point"", ""coordinates"": [-75.71666666666667, 45.38333333333333]}"
6105978.2025.11.10,2025-11-10 00:00:00,6105978,0,,,,20.3,,10,11,2025,-1.6,,-2.3,,80,,-2.9,,ON,9,,,,OTTAWA CDA RCS,30578,0.5,,,,,,"{""type"": ""Point"", ""coordinates"": [-75.71666666666667, 45.38333333333333]}"
6105978.2025.11.11,2025-11-11 00:00:00,6105978,0,,32,,19.6,,11,11,2025,1,,-1.6,,46,,-4.2,,ON,7,,43,,OTTAWA CDA RCS,30578,0.3,,,,,,"{""type"": ""Point"", ""coordinates"": [-75.71666666666667, 45.38333333333333]}"
6105978.2025.11.12,2025-11-12 00:00:00,6105978,0,,,,18,,12,11,2025,2.3,,0,,81,,-2.3,,ON,4,,,,OTTAWA CDA RCS,30578,2.1,,,,,,"{""type"": ""Point"", ""coordinates"": [-75.71666666666667, 45.38333333333333]}"
6105978.2025.11.13,2025-11-13 00:00:00,6105978,0,,29,,15.1,,13,11,2025,5.3,,2.9,,64,,0.6,,ON,1,,31,,OTTAWA CDA RCS,30578,0,,,,,,"{""type"": ""Point"", ""coordinates"": [-75.71666666666667, 45.38333333333333]}"
6105978.2025.11.14,2025-11-14 00:00:00,6105978,0,,34,,17.3,,14,11,2025,4,,0.7,,78,,-2.5,,ON,,,33,,OTTAWA CDA RCS,30578,1.5,,,,,,"{""type"": ""Point"", ""coordinates"": [-75.71666666666667, 45.38333333333333]}"
6105978.2025.11.15,2025-11-15 00:00:00,6105978,0,,,,21.2,,15,11,2025,0.2,,-3.2,,78,,-6.5,,ON,,,,,OTTAWA CDA RCS,30578,11.4,,,,,,"{""type"": ""Point"", ""coordinates"": [-75.71666666666667, 45.38333333333333]}"
6105978.2025.11.16,2025-11-16 00:00:00,6105978,0,,31,,17.9,,16,11,2025,2.1,,0.1,,74,,-2,,ON,,,52,,OTTAWA CDA RCS,30578,2.9,,,,,,"{""type"": ""Point"", ""coordinates"": [-75.71666666666667, 45.38333333333333]}"
6105978.2025.11.17,2025-11-17 00:00:00,6105978,0,,29,,19.3,,17,11,2025,-0.3,,-1.3,,73,,-2.3,,ON,,,50,,OTTAWA CDA RCS,30578,0,,,,,,"{""type"": ""Point"", ""coordinates"": [-75.71666666666667, 45.38333333333333]}"
6105978.2025.11.18,2025-11-18 00:00:00,6105978,0,,33,,21.3,,18,11,2025,0.1,,-3.3,,76,,-6.6,,ON,,,35,,OTTAWA CDA RCS,30578,0,,,,,,"{""type"": ""Point"", ""coordinates"": [-75.71666666666667, 45.38333333333333]}"
6105978.2025.11.19,2025-11-19 00:00:00,6105978,0,,,,20,,19,11,2025,1.1,,-2,,69,,-5,,ON,,,,,OTTAWA CDA RCS,30578,0,,,,,,"{""type"": ""Point"", ""coordinates"": [-75.71666666666667, 45.38333333333333]}"
6105978.2025.11.20,2025-11-20 00:00:00,6105978,0,,,,21.7,,20,11,2025,-2.6,,-3.7,,95,,-4.8,,ON,,,,,OTTAWA CDA RCS,30578,0,,,,,,"{""type"": ""Point"", ""coordinates"": [-75.71666666666667, 45.38333333333333]}"
6105978.2025.11.21,2025-11-21 00:00:00,6105978,0,,,,17,,21,11,2025,5.5,,1,,90,,-3.6,,ON,,,,,OTTAWA CDA RCS,30578,4,,,,,,"{""type"": ""Point"", ""coordinates"": [-75.71666666666667, 45.38333333333333]}"
6105978.2025.11.22,2025-11-22 00:00:00,6105978,0,,32,,18.1,,22,11,2025,4.4,,-0.1,,64,,-4.5,,ON,,,33,,OTTAWA CDA RCS,30578,0,,,,,,"{""type"": ""Point"", ""coordinates"": [-75.71666666666667, 45.38333333333333]}"
6105978.2025.11.23,2025-11-23 00:00:00,6105978,0,,,,20.2,,23,11,2025,0.4,,-2.2,,89,,-4.7,,ON,,,,,OTTAWA CDA RCS,30578,4.2,,,,,,"{""type"": ""Point"", ""coordinates"": [-75.71666666666667, 45.38333333333333]}"
6105978.2025.11.24,2025-11-24 00:00:00,6105978,0,,,,16.5,,24,11,2025,4.1,,1.5,,69,,-1.1,,ON,2,,,,OTTAWA CDA RCS,30578,0.2,,,,,,"{""type"": ""Point"", ""coordinates"": [-75.71666666666667, 45.38333333333333]}"
6105978.2025.11.25,2025-11-25 00:00:00,6105978,0,,,,14.6,,25,11,2025,6.6,,3.4,,69,,0.2,,ON,,,,,OTTAWA CDA RCS,30578,2,,,,,,"{""type"": ""Point"", ""coordinates"": [-75.71666666666667, 45.38333333333333]}"
6105978.2025.11.26,2025-11-26 00:00:00,6105978,0,,24,,14.5,,26,11,2025,5.6,,3.5,,74,,1.4,,ON,,,53,,OTTAWA CDA RCS,30578,11.4,,,,,,"{""type"": ""Point"", ""coordinates"": [-75.71666666666667, 45.38333333333333]}"
6105978.2025.11.27,2025-11-27 00:00:00,6105978,0,,21,,16.5,,27,11,2025,3.8,,1.5,,57,,-0.8,,ON,,,47,,OTTAWA CDA RCS,30578,0.1,,,,,,"{""type"": ""Point"", ""coordinates"": [-75.71666666666667, 45.38333333333333]}"
6105978.2025.11.28,2025-11-28 00:00:00,6105978,0,,29,,19.7,,28,11,2025,-0.5,,-1.7,,64,,-2.9,,ON,,,47,,OTTAWA CDA RCS,30578,0,,,,,,"{""type"": ""Point"", ""coordinates"": [-75.71666666666667, 45.38333333333333]}"
6105978.2025.11.29,2025-11-29 00:00:00,6105978,0,,30,,21.2,,29,11,2025,-0.5,,-3.2,,57,,-5.8,,ON,,,42,,OTTAWA CDA RCS,30578,0,,,,,,"{""type"": ""Point"", ""coordinates"": [-75.71666666666667, 45.38333333333333]}"
6105978.2025.11.30,2025-11-30 00:00:00,6105978,0,,24,,18.9,,30,11,2025,2.3,,-0.9,,77,,-4.1,,ON,,,42,,OTTAWA CDA RCS,30578,5.7,,,,,,"{""type"": ""Point"", ""coordinates"": [-75.71666666666667, 45.38333333333333]}"
6105978.2025.12.1,2025-12-01 00:00:00,6105978,0,,32,,24.2,,1,12,2025,-1.5,,-6.2,,58,,-10.9,,ON,4,,49,,OTTAWA CDA RCS,30578,0,,,,,,"{""type"": ""Point"", ""coordinates"": [-75.71666666666667, 45.38333333333333]}"
6105978.2025.12.2,2025-12-02 00:00:00,6105978,0,,,,27.1,,2,12,2025,-4.9,,-9.1,,71,,-13.3,,ON,4,,,,OTTAWA CDA RCS,30578,0,,,,,,"{""type"": ""Point"", ""coordinates"": [-75.71666666666667, 45.38333333333333]}"
6105978.2025.12.3,2025-12-03 00:00:00,6105978,0,,22,,24.4,,3,12,2025,1.3,,-6.4,,79,,-14.1,,ON,3,,40,,OTTAWA CDA RCS,30578,0,,,,,,"{""type"": ""Point"", ""coordinates"": [-75.71666666666667, 45.38333333333333]}"
6105978.2025.12.4,2025-12-04 00:00:00,6105978,0,,29,,27.4,,4,12,2025,-0.4,,-9.4,,41,,-18.4,,ON,3,,61,,OTTAWA CDA RCS,30578,0,,,,,,"{""type"": ""Point"", ""coordinates"": [-75.71666666666667, 45.38333333333333]}"
6105978.2025.12.5,2025-12-05 00:00:00,6105978,0,,,,32.1,,5,12,2025,-8.2,,-14.1,,69,,-20,,ON,3,,,,OTTAWA CDA RCS,30578,0,,,,,,"{""type"": ""Point"", ""coordinates"": [-75.71666666666667, 45.38333333333333]}"
6105978.2025.12.6,2025-12-06 00:00:00,6105978,0,,34,,22.6,,6,12,2025,0.7,,-4.6,,60,,-9.8,,ON,4,,40,,OTTAWA CDA RCS,30578,0.8,,,,,,"{""type"": ""Point"", ""coordinates"": [-75.71666666666667, 45.38333333333333]}"
6105978.2025.12.7,2025-12-07 00:00:00,6105978,0,,32,,30.2,,7,12,2025,-9.3,,-12.2,,67,,-15.1,,ON,4,,37,,OTTAWA CDA RCS,30578,2.6,,,,,,"{""type"": ""Point"", ""coordinates"": [-75.71666666666667, 45.38333333333333]}"
6105978.2025.12.8,2025-12-08 00:00:00,6105978,0,,33,,35.1,,8,12,2025,-11.5,,-17.1,,58,,-22.6,,ON,6,,37,,OTTAWA CDA RCS,30578,0,,,,,,"{""type"": ""Point"", ""coordinates"": [-75.71666666666667, 45.38333333333333]}"
6105978.2025.12.9,2025-12-09 00:00:00,6105978,0,,,,33.6,,9,12,2025,-8.7,,-15.6,,81,,-22.4,,ON,6,,,,OTTAWA CDA RCS,30578,1.7,,,,,,"{""type"": ""Point"", ""coordinates"": [-75.71666666666667, 45.38333333333333]}"
6105978.2025.12.10,2025-12-10 00:00:00,6105978,0,,,,24,,10,12,2025,-3.2,,-6,,88,,-8.7,,ON,6,,,,OTTAWA CDA RCS,30578,7.2,,,,,,"{""type"": ""Point"", ""coordinates"": [-75.71666666666667, 45.38333333333333]}"
6105978.2025.12.11,2025-12-11 00:00:00,6105978,0,,28,,26.6,,11,12,2025,-5.1,,-8.6,,70,,-12,,ON,11,,46,,OTTAWA CDA RCS,30578,0.1,,,,,,"{""type"": ""Point"", ""coordinates"": [-75.71666666666667, 45.38333333333333]}"
6105978.2025.12.12,2025-12-12 00:00:00,6105978,0,,29,,29.4,,12,12,2025,-5.8,,-11.4,,66,,-16.9,,ON,6,,43,,OTTAWA CDA RCS,30578,0,,,,,,"{""type"": ""Point"", ""coordinates"": [-75.71666666666667, 45.38333333333333]}"
6105978.2025.12.13,2025-12-13 00:00:00,6105978,0,,24,,27.7,,13,12,2025,-2,,-9.7,,66,,-17.5,,ON,5,,47,,OTTAWA CDA RCS,30578,4.5,,,,,,"{""type"": ""Point"", ""coordinates"": [-75.71666666666667, 45.38333333333333]}"
6105978.2025.12.14,2025-12-14 00:00:00,6105978,0,,28,,29.7,,14,12,2025,-7.3,,-11.7,,47,,-16,,ON,12,,35,,OTTAWA CDA RCS,30578,0,,,,,,"{""type"": ""Point"", ""coordinates"": [-75.71666666666667, 45.38333333333333]}"
6105978.2025.12.15,2025-12-15 00:00:00,6105978,0,,,,28.7,,15,12,2025,-5.4,,-10.7,,60,,-16,,ON,11,,,,OTTAWA CDA RCS,30578,0,,,,,,"{""type"": ""Point"", ""coordinates"": [-75.71666666666667, 45.38333333333333]}"
6105978.2025.12.16,2025-12-16 00:00:00,6105978,0,,20,,21.9,,16,12,2025,-1.2,,-3.9,,65,,-6.5,,ON,10,,40,,OTTAWA CDA RCS,30578,0,,,,,,"{""type"": ""Point"", ""coordinates"": [-75.71666666666667, 45.38333333333333]}"
6105978.2025.12.17,2025-12-17 00:00:00,6105978,0,,30,,20.5,,17,12,2025,3.2,,-2.5,,71,,-8.2,,ON,8,,37,,OTTAWA CDA RCS,30578,0.7,,,,,,"{""type"": ""Point"", ""coordinates"": [-75.71666666666667, 45.38333333333333]}"
6105978.2025.12.18,2025-12-18 00:00:00,6105978,0,,18,,19.9,,18,12,2025,6.9,,-1.9,,54,,-10.7,,ON,4,,36,,OTTAWA CDA RCS,30578,0,,,,,,"{""type"": ""Point"", ""coordinates"": [-75.71666666666667, 45.38333333333333]}"
6105978.2025.12.19,2025-12-19 00:00:00,6105978,0,,25,,16.4,,19,12,2025,10.5,,1.6,,58,,-7.2,,ON,,,68,,OTTAWA CDA RCS,30578,7.4,,,,,,"{""type"": ""Point"", ""coordinates"": [-75.71666666666667, 45.38333333333333]}"
6105978.2025.12.20,2025-12-20 00:00:00,6105978,0,,28,,22.6,,20,12,2025,1.1,,-4.6,,62,,-10.3,,ON,,,56,,OTTAWA CDA RCS,30578,0.4,,,,,,"{""type"": ""Point"", ""coordinates"": [-75.71666666666667, 45.38333333333333]}"
6105978.2025.12.21,2025-12-21 00:00:00,6105978,0,,28,,22.8,,21,12,2025,2.5,,-4.8,,49,,-12.1,,ON,,,62,,OTTAWA CDA RCS,30578,0,,,,,,"{""type"": ""Point"", ""coordinates"": [-75.71666666666667, 45.38333333333333]}"
6105978.2025.12.22,2025-12-22 00:00:00,6105978,0,,,,27.3,,22,12,2025,-5.9,,-9.3,,72,,-12.7,,ON,,,,,OTTAWA CDA RCS,30578,2.1,,,,,,"{""type"": ""Point"", ""coordinates"": [-75.71666666666667, 45.38333333333333]}"
6105978.2025.12.23,2025-12-23 00:00:00,6105978,0,,,,24.8,,23,12,2025,-6.1,,-6.8,,87,,-7.6,,ON,1,,,,OTTAWA CDA RCS,30578,7.8,,,,,,"{""type"": ""Point"", ""coordinates"": [-75.71666666666667, 45.38333333333333]}"
6105978.2025.12.24,2025-12-24 00:00:00,6105978,0,,30,,24,,24,12,2025,-3,,-6,,67,,-9,,ON,9,,39,,OTTAWA CDA RCS,30578,0.1,,,,,,"{""type"": ""Point"", ""coordinates"": [-75.71666666666667, 45.38333333333333]}"
6105978.2025.12.25,2025-12-25 00:00:00,6105978,0,,34,,28.7,,25,12,2025,-4.3,,-10.7,,55,,-17.2,,ON,9,,47,,OTTAWA CDA RCS,30578,2.2,,,,,,"{""type"": ""Point"", ""coordinates"": [-75.71666666666667, 45.38333333333333]}"
6105978.2025.12.26,2025-12-26 00:00:00,6105978,0,,8,,35,,26,12,2025,-13.8,,-17,,60,,-20.2,,ON,5,,44,,OTTAWA CDA RCS,30578,1.1,,,,,,"{""type"": ""Point"", ""coordinates"": [-75.71666666666667, 45.38333333333333]}"
6105978.2025.12.27,2025-12-27 00:00:00,6105978,0,,9,,30.5,,27,12,2025,-8.9,,-12.5,,54,,-16.1,,ON,4,,37,,OTTAWA CDA RCS,30578,0.2,,,,,,"{""type"": ""Point"", ""coordinates"": [-75.71666666666667, 45.38333333333333]}"
6105978.2025.12.28,2025-12-28 00:00:00,6105978,0,,7,,29.6,,28,12,2025,-5.5,,-11.6,,59,,-17.8,,ON,4,,38,,OTTAWA CDA RCS,30578,0.3,,,,,,"{""type"": ""Point"", ""coordinates"": [-75.71666666666667, 45.38333333333333]}"
6105978.2025.12.29,2025-12-29 00:00:00,6105978,0,,24,,21.6,,29,12,2025,2.8,,-3.6,,59,,-10,,ON,4,,57,,OTTAWA CDA RCS,30578,5.7,,,,,,"{""type"": ""Point"", ""coordinates"": [-75.71666666666667, 45.38333333333333]}"
6105978.2025.12.30,2025-12-30 00:00:00,6105978,0,,29,,30.6,,30,12,2025,-10,,-12.6,,51,,-15.2,,ON,3,,58,,OTTAWA CDA RCS,30578,0,,,,,,"{""type"": ""Point"", ""coordinates"": [-75.71666666666667, 45.38333333333333]}"
6105978.2025.12.31,2025-12-31 00:00:00,6105978,0,,,,29.7,,31,12,2025,-8,,-11.7,,51,,-15.4,,ON,3,,,,OTTAWA CDA RCS,30578,2.5,,,,,,"{""type"": ""Point"", ""coordinates"": [-75.71666666666667, 45.38333333333333]}"
