ID,LOCAL_DATE,CLIMATE_IDENTIFIER,COOLING_DEGREE_DAYS,COOLING_DEGREE_DAYS_FLAG,DIRECTION_MAX_GUST,DIRECTION_MAX_GUST_FLAG,HEATING_DEGREE_DAYS,HEATING_DEGREE_DAYS_FLAG,LOCAL_DAY,LOCAL_MONTH,LOCAL_YEAR,MAX_TEMPERATURE,MAX_TEMPERATURE_FLAG,MEAN_TEMPERATURE,MEAN_TEMPERATURE_FLAG,MIN_REL_HUMIDITY,MIN_REL_HUMIDITY_FLAG,MIN_TEMPERATURE,MIN_TEMPERATURE_FLAG,PROVINCE_CODE,SNOW_ON_GROUND,SNOW_ON_GROUND_FLAG,SPEED_MAX_GUST,SPEED_MAX_GUST_FLAG,STATION_NAME,STN_ID,TOTAL_PRECIPITATION,TOTAL_PRECIPITATION_FLAG,TOTAL_RAIN,TOTAL_RAIN_FLAG,TOTAL_SNOW,TOTAL_SNOW_FLAG,_GEOMETRY
502S001.2023.1.1,2023-01-01 00:00:00,502S001,0,,,,25.8,,1,1,2023,-7.2,,-7.8,,94,,-8.4,,MB,14,,,,WINNIPEG A CS,27174,0,,,,,,"{""type"": ""Point"", ""coordinates"": [-97.24944444444445, 49.916666666666664]}"
502S001.2023.1.2,2023-01-02 00:00:00,502S001,0,,18,,30,,2,1,2023,-7.8,,-12,,84,,-16.2,,MB,14,,41,,WINNIPEG A CS,27174,0,,,,,,"{""type"": ""Point"", ""coordinates"": [-97.24944444444445, 49.916666666666664]}"
502S001.2023.1.3,2023-01-03 00:00:00,502S001,0,,,,32.2,,3,1,2023,-10.1,,-14.2,,84,,-18.3,,MB,13,,,,WINNIPEG A CS,27174,0,,,,,,"{""type"": ""Point"", ""coordinates"": [-97.24944444444445, 49.916666666666664]}"
502S001.2023.1.4,2023-01-04 00:00:00,502S001,0,,,,34.7,,4,1,2023,-13.8,,-16.7,,83,,-19.5,,MB,13,,,,WINNIPEG A CS,27174,0,,,,,,"{""type"": ""Point"", ""coordinates"": [-97.24944444444445, 49.916666666666664]}"
502S001.2023.1.5,2023-01-05 00:00:00,502S001,0,,,,33.7,,5,1,2023,-11.6,,-15.7,,80,,-19.8,,MB,14,,,,WINNIPEG A CS,27174,0,,,,,,"{""type"": ""Point"", ""coordinates"": [-97.24944444444445, 49.916666666666664]}"
502S001.2023.1.6,2023-01-06 00:00:00,502S001,0,,,,34.5,,6,1,2023,-12.9,,-16.5,,81,,-20.2,,MB,13,,,,WINNIPEG A CS,27174,0,,,,,,"{""type"": ""Point"", ""coordinates"": [-97.24944444444445, 49.916666666666664]}"
502S001.2023.1.7,2023-01-07 00:00:00,502S001,0,,19,,33.8,,7,1,2023,-12,,-15.8,,83,,-19.6,,MB,14,,51,,WINNIPEG A CS,27174,0,,,,,,"{""type"": ""Point"", ""coordinates"": [-97.24944444444445, 49.916666666666664]}"
502S001.2023.1.8,2023-01-08 00:00:00,502S001,0,,18,,29.5,,8,1,2023,-7,,-11.5,,67,,-16,,MB,13,,33,,WINNIPEG A CS,27174,0,,,,,,"{""type"": ""Point"", ""coordinates"": [-97.24944444444445, 49.916666666666664]}"
502S001.2023.1.9,2023-01-09 00:00:00,502S001,0,,,,30.3,,9,1,2023,-6.3,,-12.3,,77,,-18.4,,MB,13,,,,WINNIPEG A CS,27174,0,,,,,,"{""type"": ""Point"", ""coordinates"": [-97.24944444444445, 49.916666666666664]}"
502S001.2023.1.10,2023-01-10 00:00:00,502S001,0,,17,,26.5,,10,1,2023,-5.4,,-8.5,,86,,-11.5,,MB,13,,49,,WINNIPEG A CS,27174,0,,,,,,"{""type"": ""Point"", ""coordinates"": [-97.24944444444445, 49.916666666666664]}"
502S001.2023.1.11,2023-01-11 00:00:00,502S001,0,,33,,27.3,,11,1,2023,-7.5,,-9.3,,80,,-11.1,,MB,14,,34,,WINNIPEG A CS,27174,0.6,,,,,,"{""type"": ""Point"", ""coordinates"": [-97.24944444444445, 49.916666666666664]}"
502S001.2023.1.12,2023-01-12 00:00:00,502S001,0,,35,,29.5,,12,1,2023,-9.3,,-11.5,,82,,-13.7,,MB,14,,32,,WINNIPEG A CS,27174,0,,,,,,"{""type"": ""Point"", ""coordinates"": [-97.24944444444445, 49.916666666666664]}"
502S001.2023.1.13,2023-01-13 00:00:00,502S001,0,,18,,32.4,,13,1,2023,-12.2,,-14.4,,84,,-16.6,,MB,14,,61,,WINNIPEG A CS,27174,0,,,,,,"{""type"": ""Point"", ""coordinates"": [-97.24944444444445, 49.916666666666664]}"
502S001.2023.1.14,2023-01-14 00:00:00,502S001,0,,18,,26.4,,14,1,2023,-4.5,,-8.4,,78,,-12.3,,MB,13,,37,,WINNIPEG A CS,27174,0,,,,,,"{""type"": ""Point"", ""coordinates"": [-97.24944444444445, 49.916666666666664]}"
502S001.2023.1.15,2023-01-15 00:00:00,502S001,0,,,,22,,15,1,2023,-2.9,,-4,,83,,-5,,MB,13,,,,WINNIPEG A CS,27174,0,,,,,,"{""type"": ""Point"", ""coordinates"": [-97.24944444444445, 49.916666666666664]}"
502S001.2023.1.16,2023-01-16 00:00:00,502S001,0,,1,,25,,16,1,2023,-4.1,,-7,,90,,-9.9,,MB,13,,40,,WINNIPEG A CS,27174,0,,,,,,"{""type"": ""Point"", ""coordinates"": [-97.24944444444445, 49.916666666666664]}"
502S001.2023.1.17,2023-01-17 00:00:00,502S001,0,,,,29.7,,17,1,2023,-9.7,,-11.7,,89,,-13.8,,MB,13,,,,WINNIPEG A CS,27174,0,,,,,,"{""type"": ""Point"", ""coordinates"": [-97.24944444444445, 49.916666666666664]}"
502S001.2023.1.18,2023-01-18 00:00:00,502S001,0,,,,26.9,,18,1,2023,-6.6,,-8.9,,89,,-11.3,,MB,14,,,,WINNIPEG A CS,27174,0.3,,,,,,"{""type"": ""Point"", ""coordinates"": [-97.24944444444445, 49.916666666666664]}"
502S001.2023.1.19,2023-01-19 00:00:00,502S001,0,,,,31.9,,19,1,2023,-8,,-13.9,,84,,-19.9,,MB,14,,,,WINNIPEG A CS,27174,0.2,,,,,,"{""type"": ""Point"", ""coordinates"": [-97.24944444444445, 49.916666666666664]}"
502S001.2023.1.20,2023-01-20 00:00:00,502S001,0,,22,,29.8,,20,1,2023,-5,,-11.8,,86,,-18.6,,MB,14,,34,,WINNIPEG A CS,27174,0,,,,,,"{""type"": ""Point"", ""coordinates"": [-97.24944444444445, 49.916666666666664]}"
502S001.2023.1.21,2023-01-21 00:00:00,502S001,0,,,,30.1,,21,1,2023,-7.4,,-12.1,,70,,-16.8,,MB,14,,,,WINNIPEG A CS,27174,0,,,,,,"{""type"": ""Point"", ""coordinates"": [-97.24944444444445, 49.916666666666664]}"
502S001.2023.1.22,2023-01-22 00:00:00,502S001,0,,18,,31.4,,22,1,2023,-8,,-13.4,,80,,-18.8,,MB,14,,40,,WINNIPEG A CS,27174,0.5,,,,,,"{""type"": ""Point"", ""coordinates"": [-97.24944444444445, 49.916666666666664]}"
502S001.2023.1.23,2023-01-23 00:00:00,502S001,0,,36,,24.9,,23,1,2023,-1,,-6.9,,75,,-12.7,,MB,17,,51,,WINNIPEG A CS,27174,2.7,,,,,,"{""type"": ""Point"", ""coordinates"": [-97.24944444444445, 49.916666666666664]}"
502S001.2023.1.24,2023-01-24 00:00:00,502S001,0,,2,,31.7,,24,1,2023,-9.9,,-13.7,,76,,-17.4,,MB,15,,33,,WINNIPEG A CS,27174,0,,,,,,"{""type"": ""Point"", ""coordinates"": [-97.24944444444445, 49.916666666666664]}"
502S001.2023.1.25,2023-01-25 00:00:00,502S001,0,,,,36.2,,25,1,2023,-12.2,,-18.2,,64,,-24.2,,MB,14,,,,WINNIPEG A CS,27174,0.1,,,,,,"{""type"": ""Point"", ""coordinates"": [-97.24944444444445, 49.916666666666664]}"
502S001.2023.1.26,2023-01-26 00:00:00,502S001,0,,16,,27.5,,26,1,2023,-6.4,,-9.5,,83,,-12.6,,MB,15,,51,,WINNIPEG A CS,27174,2,,,,,,"{""type"": ""Point"", ""coordinates"": [-97.24944444444445, 49.916666666666664]}"
502S001.2023.1.27,2023-01-27 00:00:00,502S001,0,,33,,36.4,,27,1,2023,-8.2,,-18.4,,68,,-28.7,,MB,21,,52,,WINNIPEG A CS,27174,0,,,,,,"{""type"": ""Point"", ""coordinates"": [-97.24944444444445, 49.916666666666664]}"
502S001.2023.1.28,2023-01-28 00:00:00,502S001,0,,,,45.6,,28,1,2023,-22.4,,-27.6,,62,,-32.8,,MB,15,,,,WINNIPEG A CS,27174,0,,,,,,"{""type"": ""Point"", ""coordinates"": [-97.24944444444445, 49.916666666666664]}"
502S001.2023.1.29,2023-01-29 00:00:00,502S001,0,,,,45.5,,29,1,2023,-23.3,,-27.5,,64,,-31.7,,MB,15,,,,WINNIPEG A CS,27174,0,,,,,,"{""type"": ""Point"", ""coordinates"": [-97.24944444444445, 49.916666666666664]}"
502S001.2023.1.30,2023-01-30 00:00:00,502S001,0,,19,,43.4,,30,1,2023,-19.3,,-25.4,,60,,-31.5,,MB,15,,44,,WINNIPEG A CS,27174,0.3,,,,,,"{""type"": ""Point"", ""coordinates"": [-97.24944444444445, 49.916666666666664]}"
502S001.2023.1.31,2023-01-31 00:00:00,502S001,0,,,,44.4,,31,1,2023,-21.3,,-26.4,,62,,-31.5,,MB,15,,,,WINNIPEG A CS,27174,0,,,,,,"{""type"": ""Point"", ""coordinates"": [-97.24944444444445, 49.916666666666664]}"
502S001.2023.2.1,2023-02-01 00:00:00,502S001,0,,35,,39.5,,1,2,2023,-13.9,,-21.5,,68,,-29.1,,MB,15,,51,,WINNIPEG A CS,27174,0.3,,,,,,"{""type"": ""Point"", ""coordinates"": [-97.24944444444445, 49.916666666666664]}"
502S001.2023.2.2,2023-02-02 00:00:00,502S001,0,,33,,42.3,,2,2,2023,-16.5,,-24.3,,61,,-32.1,,MB,15,,49,,WINNIPEG A CS,27174,0,,,,,,"{""type"": ""Point"", ""coordinates"": [-97.24944444444445, 49.916666666666664]}"
502S001.2023.2.3,2023-02-03 00:00:00,502S001,0,,18,,42.8,,3,2,2023,-17.9,,-24.8,,64,,-31.8,,MB,15,,62,,WINNIPEG A CS,27174,0,,,,,,"{""type"": ""Point"", ""coordinates"": [-97.24944444444445, 49.916666666666664]}"
502S001.2023.2.4,2023-02-04 00:00:00,502S001,0,,18,,33.8,,4,2,2023,-12.3,,-15.8,,72,,-19.3,,MB,18,,43,,WINNIPEG A CS,27174,1,,,,,,"{""type"": ""Point"", ""coordinates"": [-97.24944444444445, 49.916666666666664]}"
502S001.2023.2.5,2023-02-05 00:00:00,502S001,0,,18,,31.3,,5,2,2023,-7.3,,-13.3,,70,,-19.3,,MB,18,,58,,WINNIPEG A CS,27174,0,,,,,,"{""type"": ""Point"", ""coordinates"": [-97.24944444444445, 49.916666666666664]}"
502S001.2023.2.6,2023-02-06 00:00:00,502S001,0,,18,,21.4,,6,2,2023,1.4,,-3.4,,72,,-8.3,,MB,18,,59,,WINNIPEG A CS,27174,0,,,,,,"{""type"": ""Point"", ""coordinates"": [-97.24944444444445, 49.916666666666664]}"
502S001.2023.2.7,2023-02-07 00:00:00,502S001,0,,33,,26.8,,7,2,2023,-2,,-8.8,,71,,-15.5,,MB,18,,40,,WINNIPEG A CS,27174,0,,,,,,"{""type"": ""Point"", ""coordinates"": [-97.24944444444445, 49.916666666666664]}"
502S001.2023.2.8,2023-02-08 00:00:00,502S001,0,,1,,20.3,,8,2,2023,1,,-2.3,,76,,-5.5,,MB,18,,45,,WINNIPEG A CS,27174,0,,,,,,"{""type"": ""Point"", ""coordinates"": [-97.24944444444445, 49.916666666666664]}"
502S001.2023.2.9,2023-02-09 00:00:00,502S001,0,,34,,26.9,,9,2,2023,-0.4,,-8.9,,61,,-17.5,,MB,18,,55,,WINNIPEG A CS,27174,0,,,,,,"{""type"": ""Point"", ""coordinates"": [-97.24944444444445, 49.916666666666664]}"
502S001.2023.2.10,2023-02-10 00:00:00,502S001,0,,18,,29.2,,10,2,2023,-5.4,,-11.2,,68,,-17,,MB,18,,48,,WINNIPEG A CS,27174,0,,,,,,"{""type"": ""Point"", ""coordinates"": [-97.24944444444445, 49.916666666666664]}"
502S001.2023.2.11,2023-02-11 00:00:00,502S001,0,,25,,21.1,,11,2,2023,1.5,,-3.1,,71,,-7.6,,MB,18,,41,,WINNIPEG A CS,27174,0,,,,,,"{""type"": ""Point"", ""coordinates"": [-97.24944444444445, 49.916666666666664]}"
502S001.2023.2.12,2023-02-12 00:00:00,502S001,0,,25,,21.2,,12,2,2023,1.2,,-3.2,,69,,-7.6,,MB,18,,33,,WINNIPEG A CS,27174,0,,,,,,"{""type"": ""Point"", ""coordinates"": [-97.24944444444445, 49.916666666666664]}"
502S001.2023.2.13,2023-02-13 00:00:00,502S001,0,,17,,21.6,,13,2,2023,2.8,,-3.6,,69,,-10.1,,MB,17,,59,,WINNIPEG A CS,27174,0,,,,,,"{""type"": ""Point"", ""coordinates"": [-97.24944444444445, 49.916666666666664]}"
502S001.2023.2.14,2023-02-14 00:00:00,502S001,0,,34,,25,,14,2,2023,1.3,,-7,,80,,-15.3,,MB,17,,62,,WINNIPEG A CS,27174,0,,,,,,"{""type"": ""Point"", ""coordinates"": [-97.24944444444445, 49.916666666666664]}"
502S001.2023.2.15,2023-02-15 00:00:00,502S001,0,,35,,36.5,,15,2,2023,-15.3,,-18.5,,67,,-21.8,,MB,17,,53,,WINNIPEG A CS,27174,0,,,,,,"{""type"": ""Point"", ""coordinates"": [-97.24944444444445, 49.916666666666664]}"
502S001.2023.2.16,2023-02-16 00:00:00,502S001,0,,19,,38.6,,16,2,2023,-14.4,,-20.6,,61,,-26.8,,MB,17,,36,,WINNIPEG A CS,27174,0,,,,,,"{""type"": ""Point"", ""coordinates"": [-97.24944444444445, 49.916666666666664]}"
502S001.2023.2.17,2023-02-17 00:00:00,502S001,0,,18,,28.7,,17,2,2023,-3.5,,-10.7,,69,,-18,,MB,17,,62,,WINNIPEG A CS,27174,0,,,,,,"{""type"": ""Point"", ""coordinates"": [-97.24944444444445, 49.916666666666664]}"
502S001.2023.2.18,2023-02-18 00:00:00,502S001,0,,1,,24.9,,18,2,2023,-3,,-6.9,,70,,-10.7,,MB,17,,53,,WINNIPEG A CS,27174,2.7,,,,,,"{""type"": ""Point"", ""coordinates"": [-97.24944444444445, 49.916666666666664]}"
502S001.2023.2.19,2023-02-19 00:00:00,502S001,0,,34,,34.9,,19,2,2023,-10.7,,-16.9,,69,,-23,,MB,17,,48,,WINNIPEG A CS,27174,0,,,,,,"{""type"": ""Point"", ""coordinates"": [-97.24944444444445, 49.916666666666664]}"
502S001.2023.2.20,2023-02-20 00:00:00,502S001,0,,2,,38.6,,20,2,2023,-15.2,,-20.6,,65,,-25.9,,MB,17,,48,,WINNIPEG A CS,27174,0.8,,,,,,"{""type"": ""Point"", ""coordinates"": [-97.24944444444445, 49.916666666666664]}"
502S001.2023.2.21,2023-02-21 00:00:00,502S001,0,,,,40.8,,21,2,2023,-16.5,,-22.8,,64,,-29,,MB,23,,,,WINNIPEG A CS,27174,0,,,,,,"{""type"": ""Point"", ""coordinates"": [-97.24944444444445, 49.916666666666664]}"
502S001.2023.2.22,2023-02-22 00:00:00,502S001,0,,1,,45.5,,22,2,2023,-21.6,,-27.5,,56,,-33.4,,MB,23,,40,,WINNIPEG A CS,27174,0,,,,,,"{""type"": ""Point"", ""coordinates"": [-97.24944444444445, 49.916666666666664]}"
502S001.2023.2.23,2023-02-23 00:00:00,502S001,0,,2,,40.6,,23,2,2023,-19.5,,-22.6,,58,,-25.8,,MB,21,,37,,WINNIPEG A CS,27174,0,,,,,,"{""type"": ""Point"", ""coordinates"": [-97.24944444444445, 49.916666666666664]}"
502S001.2023.2.24,2023-02-24 00:00:00,502S001,0,,18,,39.8,,24,2,2023,-17.2,,-21.8,,50,,-26.3,,MB,21,,35,,WINNIPEG A CS,27174,0,,,,,,"{""type"": ""Point"", ""coordinates"": [-97.24944444444445, 49.916666666666664]}"
502S001.2023.2.25,2023-02-25 00:00:00,502S001,0,,18,,37.6,,25,2,2023,-17,,-19.6,,64,,-22.2,,MB,21,,35,,WINNIPEG A CS,27174,0,,,,,,"{""type"": ""Point"", ""coordinates"": [-97.24944444444445, 49.916666666666664]}"
502S001.2023.2.26,2023-02-26 00:00:00,502S001,0,,12,,31.2,,26,2,2023,-4.7,,-13.2,,49,,-21.8,,MB,21,,41,,WINNIPEG A CS,27174,0,,,,,,"{""type"": ""Point"", ""coordinates"": [-97.24944444444445, 49.916666666666664]}"
502S001.2023.2.27,2023-02-27 00:00:00,502S001,0,,28,,23.6,,27,2,2023,0,,-5.6,,62,,-11.1,,MB,20,,54,,WINNIPEG A CS,27174,0,,,,,,"{""type"": ""Point"", ""coordinates"": [-97.24944444444445, 49.916666666666664]}"
502S001.2023.2.28,2023-02-28 00:00:00,502S001,0,,26,,31.7,,28,2,2023,-8.8,,-13.7,,64,,-18.7,,MB,20,,32,,WINNIPEG A CS,27174,0,,,,,,"{""type"": ""Point"", ""coordinates"": [-97.24944444444445, 49.916666666666664]}"
502S001.2023.3.1,2023-03-01 00:00:00,502S001,0,,,,37.1,,1,3,2023,-14.3,,-19.1,,64,,-24,,MB,20,,,,WINNIPEG A CS,27174,0,,,,,,"{""type"": ""Point"", ""coordinates"": [-97.24944444444445, 49.916666666666664]}"
502S001.2023.3.2,2023-03-02 00:00:00,502S001,0,,18,,35.5,,2,3,2023,-9.4,,-17.5,,63,,-25.6,,MB,20,,62,,WINNIPEG A CS,27174,0,,,,,,"{""type"": ""Point"", ""coordinates"": [-97.24944444444445, 49.916666666666664]}"
502S001.2023.3.3,2023-03-03 00:00:00,502S001,0,,17,,25.1,,3,3,2023,-2.7,,-7.1,,69,,-11.6,,MB,17,,47,,WINNIPEG A CS,27174,0,,,,,,"{""type"": ""Point"", ""coordinates"": [-97.24944444444445, 49.916666666666664]}"
502S001.2023.3.4,2023-03-04 00:00:00,502S001,0,,,,25.1,,4,3,2023,-1.1,,-7.1,,61,,-13.1,,MB,17,,,,WINNIPEG A CS,27174,0,,,,,,"{""type"": ""Point"", ""coordinates"": [-97.24944444444445, 49.916666666666664]}"
502S001.2023.3.5,2023-03-05 00:00:00,502S001,0,,2,,29.9,,5,3,2023,-5.5,,-11.9,,64,,-18.3,,MB,17,,41,,WINNIPEG A CS,27174,0,,,,,,"{""type"": ""Point"", ""coordinates"": [-97.24944444444445, 49.916666666666664]}"
502S001.2023.3.6,2023-03-06 00:00:00,502S001,0,,3,,35.4,,6,3,2023,-12.5,,-17.4,,55,,-22.3,,MB,17,,39,,WINNIPEG A CS,27174,0,,,,,,"{""type"": ""Point"", ""coordinates"": [-97.24944444444445, 49.916666666666664]}"
502S001.2023.3.7,2023-03-07 00:00:00,502S001,0,,4,,36.2,,7,3,2023,-12.1,,-18.2,,57,,-24.3,,MB,17,,38,,WINNIPEG A CS,27174,0,,,,,,"{""type"": ""Point"", ""coordinates"": [-97.24944444444445, 49.916666666666664]}"
502S001.2023.3.8,2023-03-08 00:00:00,502S001,0,,1,,28.1,,8,3,2023,-5.3,,-10.1,,69,,-14.8,,MB,17,,35,,WINNIPEG A CS,27174,0,,,,,,"{""type"": ""Point"", ""coordinates"": [-97.24944444444445, 49.916666666666664]}"
502S001.2023.3.9,2023-03-09 00:00:00,502S001,0,,2,,25.3,,9,3,2023,-6,,-7.3,,76,,-8.6,,MB,17,,33,,WINNIPEG A CS,27174,0,,,,,,"{""type"": ""Point"", ""coordinates"": [-97.24944444444445, 49.916666666666664]}"
502S001.2023.3.10,2023-03-10 00:00:00,502S001,0,,10,,21.9,,10,3,2023,-0.8,,-3.9,,58,,-7,,MB,17,,42,,WINNIPEG A CS,27174,0,,,,,,"{""type"": ""Point"", ""coordinates"": [-97.24944444444445, 49.916666666666664]}"
502S001.2023.3.11,2023-03-11 00:00:00,502S001,0,,6,,24.3,,11,3,2023,-4.4,,-6.3,,58,,-8.1,,MB,17,,52,,WINNIPEG A CS,27174,0.3,,,,,,"{""type"": ""Point"", ""coordinates"": [-97.24944444444445, 49.916666666666664]}"
502S001.2023.3.12,2023-03-12 00:00:00,502S001,0,,4,,29,,12,3,2023,-5.3,,-11,,50,,-16.7,,MB,17,,42,,WINNIPEG A CS,27174,0,,,,,,"{""type"": ""Point"", ""coordinates"": [-97.24944444444445, 49.916666666666664]}"
502S001.2023.3.13,2023-03-13 00:00:00,502S001,0,,17,,32.9,,13,3,2023,-6.5,,-14.9,,57,,-23.3,,MB,16,,32,,WINNIPEG A CS,27174,0,,,,,,"{""type"": ""Point"", ""coordinates"": [-97.24944444444445, 49.916666666666664]}"
502S001.2023.3.14,2023-03-14 00:00:00,502S001,0,,18,,25,,14,3,2023,-3.1,,-7,,78,,-10.9,,MB,16,,78,,WINNIPEG A CS,27174,0,,,,,,"{""type"": ""Point"", ""coordinates"": [-97.24944444444445, 49.916666666666664]}"
502S001.2023.3.15,2023-03-15 00:00:00,502S001,0,,,,23.6,,15,3,2023,-2.6,,-5.6,,62,,-8.6,,MB,19,,,,WINNIPEG A CS,27174,0,,,,,,"{""type"": ""Point"", ""coordinates"": [-97.24944444444445, 49.916666666666664]}"
502S001.2023.3.16,2023-03-16 00:00:00,502S001,0,,32,,29.5,,16,3,2023,-5.8,,-11.5,,64,,-17.2,,MB,19,,48,,WINNIPEG A CS,27174,0,,,,,,"{""type"": ""Point"", ""coordinates"": [-97.24944444444445, 49.916666666666664]}"
502S001.2023.3.17,2023-03-17 00:00:00,502S001,0,,1,,32.7,,17,3,2023,-9.8,,-14.7,,69,,-19.7,,MB,19,,55,,WINNIPEG A CS,27174,0,,,,,,"{""type"": ""Point"", ""coordinates"": [-97.24944444444445, 49.916666666666664]}"
502S001.2023.3.18,2023-03-18 00:00:00,502S001,0,,24,,32.6,,18,3,2023,-6.9,,-14.6,,55,,-22.4,,MB,19,,32,,WINNIPEG A CS,27174,0,,,,,,"{""type"": ""Point"", ""coordinates"": [-97.24944444444445, 49.916666666666664]}"
502S001.2023.3.19,2023-03-19 00:00:00,502S001,0,,20,,27.6,,19,3,2023,-3.2,,-9.6,,62,,-15.9,,MB,19,,43,,WINNIPEG A CS,27174,0,,,,,,"{""type"": ""Point"", ""coordinates"": [-97.24944444444445, 49.916666666666664]}"
502S001.2023.3.20,2023-03-20 00:00:00,502S001,0,,,,31.2,,20,3,2023,-7.9,,-13.2,,62,,-18.6,,MB,19,,,,WINNIPEG A CS,27174,0,,,,,,"{""type"": ""Point"", ""coordinates"": [-97.24944444444445, 49.916666666666664]}"
502S001.2023.3.21,2023-03-21 00:00:00,502S001,0,,,,27.6,,21,3,2023,-1.9,,-9.6,,49,,-17.3,,MB,19,,,,WINNIPEG A CS,27174,0,,,,,,"{""type"": ""Point"", ""coordinates"": [-97.24944444444445, 49.916666666666664]}"
502S001.2023.3.22,2023-03-22 00:00:00,502S001,0,,30,,26.8,,22,3,2023,-3.4,,-8.8,,65,,-14.2,,MB,19,,35,,WINNIPEG A CS,27174,1,,,,,,"{""type"": ""Point"", ""coordinates"": [-97.24944444444445, 49.916666666666664]}"
502S001.2023.3.23,2023-03-23 00:00:00,502S001,0,,19,,28,,23,3,2023,-4.1,,-10,,71,,-15.8,,MB,19,,44,,WINNIPEG A CS,27174,0,,,,,,"{""type"": ""Point"", ""coordinates"": [-97.24944444444445, 49.916666666666664]}"
502S001.2023.3.24,2023-03-24 00:00:00,502S001,0,,19,,23.9,,24,3,2023,-0.8,,-5.9,,72,,-11,,MB,19,,36,,WINNIPEG A CS,27174,0,,,,,,"{""type"": ""Point"", ""coordinates"": [-97.24944444444445, 49.916666666666664]}"
502S001.2023.3.25,2023-03-25 00:00:00,502S001,0,,35,,26.4,,25,3,2023,-2.7,,-8.4,,53,,-14.1,,MB,18,,36,,WINNIPEG A CS,27174,0,,,,,,"{""type"": ""Point"", ""coordinates"": [-97.24944444444445, 49.916666666666664]}"
502S001.2023.3.26,2023-03-26 00:00:00,502S001,0,,35,,28.8,,26,3,2023,-3.1,,-10.8,,57,,-18.4,,MB,18,,38,,WINNIPEG A CS,27174,0,,,,,,"{""type"": ""Point"", ""coordinates"": [-97.24944444444445, 49.916666666666664]}"
502S001.2023.3.27,2023-03-27 00:00:00,502S001,0,,,,33.6,,27,3,2023,-10,,-15.6,,58,,-21.2,,MB,18,,,,WINNIPEG A CS,27174,0,,,,,,"{""type"": ""Point"", ""coordinates"": [-97.24944444444445, 49.916666666666664]}"
502S001.2023.3.28,2023-03-28 00:00:00,502S001,0,,,,31.3,,28,3,2023,-8.1,,-13.3,,57,,-18.5,,MB,18,,,,WINNIPEG A CS,27174,0,,,,,,"{""type"": ""Point"", ""coordinates"": [-97.24944444444445, 49.916666666666664]}"
502S001.2023.3.29,2023-03-29 00:00:00,502S001,0,,21,,28.8,,29,3,2023,-3.3,,-10.8,,55,,-18.2,,MB,18,,44,,WINNIPEG A CS,27174,0,,,,,,"{""type"": ""Point"", ""coordinates"": [-97.24944444444445, 49.916666666666664]}"
502S001.2023.3.30,2023-03-30 00:00:00,502S001,0,,20,,25.3,,30,3,2023,-1.9,,-7.3,,54,,-12.8,,MB,18,,36,,WINNIPEG A CS,27174,0,,,,,,"{""type"": ""Point"", ""coordinates"": [-97.24944444444445, 49.916666666666664]}"
502S001.2023.3.31,2023-03-31 00:00:00,502S001,0,,2,,25.3,,31,3,2023,-1.7,,-7.3,,46,,-13,,MB,17,,37,,WINNIPEG A CS,27174,0,,,,,,"{""type"": ""Point"", ""coordinates"": [-97.24944444444445, 49.916666666666664]}"
502S001.2023.4.1,2023-04-01 00:00:00,502S001,0,,17,,26.2,,1,4,2023,-0.5,,-8.2,,46,,-15.9,,MB,17,,52,,WINNIPEG A CS,27174,0,,,,,,"{""type"": ""Point"", ""coordinates"": [-97.24944444444445, 49.916666666666664]}"
502S001.2023.4.2,2023-04-02 00:00:00,502S001,0,,3,,19.6,,2,4,2023,2.9,,-1.6,,60,,-6,,MB,15,,52,,WINNIPEG A CS,27174,0.2,,,,,,"{""type"": ""Point"", ""coordinates"": [-97.24944444444445, 49.916666666666664]}"
502S001.2023.4.3,2023-04-03 00:00:00,502S001,0,,1,,24.7,,3,4,2023,-2.5,,-6.7,,64,,-10.9,,MB,9,,57,,WINNIPEG A CS,27174,0,,,,,,"{""type"": ""Point"", ""coordinates"": [-97.24944444444445, 49.916666666666664]}"
502S001.2023.4.4,2023-04-04 00:00:00,502S001,0,,7,,24.7,,4,4,2023,-1.8,,-6.7,,55,,-11.6,,MB,9,,41,,WINNIPEG A CS,27174,0.8,,,,,,"{""type"": ""Point"", ""coordinates"": [-97.24944444444445, 49.916666666666664]}"
502S001.2023.4.5,2023-04-05 00:00:00,502S001,0,,1,,24.5,,5,4,2023,-5.2,,-6.5,,90,,-7.9,,MB,11,,52,,WINNIPEG A CS,27174,4.8,,,,,,"{""type"": ""Point"", ""coordinates"": [-97.24944444444445, 49.916666666666664]}"
502S001.2023.4.6,2023-04-06 00:00:00,502S001,0,,33,,24.4,,6,4,2023,-2.3,,-6.4,,64,,-10.5,,MB,14,,46,,WINNIPEG A CS,27174,0,,,,,,"{""type"": ""Point"", ""coordinates"": [-97.24944444444445, 49.916666666666664]}"
502S001.2023.4.7,2023-04-07 00:00:00,502S001,0,,,,24.4,,7,4,2023,0.9,,-6.4,,48,,-13.7,,MB,13,,,,WINNIPEG A CS,27174,0,,,,,,"{""type"": ""Point"", ""coordinates"": [-97.24944444444445, 49.916666666666664]}"
502S001.2023.4.8,2023-04-08 00:00:00,502S001,0,,13,,17.6,,8,4,2023,8.2,,0.4,,39,,-7.3,,MB,12,,38,,WINNIPEG A CS,27174,0,,,,,,"{""type"": ""Point"", ""coordinates"": [-97.24944444444445, 49.916666666666664]}"
502S001.2023.4.9,2023-04-09 00:00:00,502S001,0,,20,,15.4,,9,4,2023,8,,2.6,,59,,-2.9,,MB,5,,36,,WINNIPEG A CS,27174,0,,,,,,"{""type"": ""Point"", ""coordinates"": [-97.24944444444445, 49.916666666666664]}"
502S001.2023.4.10,2023-04-10 00:00:00,502S001,0,,19,,14.3,,10,4,2023,8.6,,3.7,,61,,-1.1,,MB,1,,47,,WINNIPEG A CS,27174,0,,,,,,"{""type"": ""Point"", ""coordinates"": [-97.24944444444445, 49.916666666666664]}"
502S001.2023.4.11,2023-04-11 00:00:00,502S001,0,,18,,11.4,,11,4,2023,13.9,,6.6,,52,,-0.7,,MB,0,,60,,WINNIPEG A CS,27174,0,,,,,,"{""type"": ""Point"", ""coordinates"": [-97.24944444444445, 49.916666666666664]}"
502S001.2023.4.12,2023-04-12 00:00:00,502S001,0,,26,,10.7,,12,4,2023,14.3,,7.3,,55,,0.3,,MB,0,,32,,WINNIPEG A CS,27174,0,,,,,,"{""type"": ""Point"", ""coordinates"": [-97.24944444444445, 49.916666666666664]}"
502S001.2023.4.13,2023-04-13 00:00:00,502S001,0,,6,,12.6,,13,4,2023,8.3,,5.4,,58,,2.6,,MB,1,,55,,WINNIPEG A CS,27174,0.5,,,,,,"{""type"": ""Point"", ""coordinates"": [-97.24944444444445, 49.916666666666664]}"
502S001.2023.4.14,2023-04-14 00:00:00,502S001,0,,2,,14.8,,14,4,2023,5,,3.2,,77,,1.4,,MB,1,,35,,WINNIPEG A CS,27174,0.8,,,,,,"{""type"": ""Point"", ""coordinates"": [-97.24944444444445, 49.916666666666664]}"
502S001.2023.4.15,2023-04-15 00:00:00,502S001,0,,2,,17.3,,15,4,2023,1.6,,0.7,,73,,-0.3,,MB,1,,47,,WINNIPEG A CS,27174,0,,,,,,"{""type"": ""Point"", ""coordinates"": [-97.24944444444445, 49.916666666666664]}"
502S001.2023.4.16,2023-04-16 00:00:00,502S001,0,,36,,14,,16,4,2023,9.3,,4,,34,,-1.2,,MB,1,,47,,WINNIPEG A CS,27174,0,,,,,,"{""type"": ""Point"", ""coordinates"": [-97.24944444444445, 49.916666666666664]}"
502S001.2023.4.17,2023-04-17 00:00:00,502S001,0,,36,,15.4,,17,4,2023,7.8,,2.6,,37,,-2.7,,MB,1,,38,,WINNIPEG A CS,27174,0,,,,,,"{""type"": ""Point"", ""coordinates"": [-97.24944444444445, 49.916666666666664]}"
502S001.2023.4.18,2023-04-18 00:00:00,502S001,0,,6,,15.2,,18,4,2023,8.9,,2.8,,33,,-3.3,,MB,0,,46,,WINNIPEG A CS,27174,0,,,,,,"{""type"": ""Point"", ""coordinates"": [-97.24944444444445, 49.916666666666664]}"
502S001.2023.4.19,2023-04-19 00:00:00,502S001,0,,12,,15.6,,19,4,2023,4.7,,2.4,,45,,0.1,,MB,1,,63,,WINNIPEG A CS,27174,0,,,,,,"{""type"": ""Point"", ""coordinates"": [-97.24944444444445, 49.916666666666664]}"
502S001.2023.4.20,2023-04-20 00:00:00,502S001,0,,5,,16.2,,20,4,2023,3.6,,1.8,,59,,0,,MB,1,,62,,WINNIPEG A CS,27174,0.8,,,,,,"{""type"": ""Point"", ""coordinates"": [-97.24944444444445, 49.916666666666664]}"
502S001.2023.4.21,2023-04-21 00:00:00,502S001,0,,2,,15.3,,21,4,2023,6.8,,2.7,,48,,-1.5,,MB,1,,68,,WINNIPEG A CS,27174,0,,,,,,"{""type"": ""Point"", ""coordinates"": [-97.24944444444445, 49.916666666666664]}"
502S001.2023.4.22,2023-04-22 00:00:00,502S001,0,,3,,17.7,,22,4,2023,4.5,,0.3,,44,,-3.9,,MB,1,,41,,WINNIPEG A CS,27174,0,,,,,,"{""type"": ""Point"", ""coordinates"": [-97.24944444444445, 49.916666666666664]}"
502S001.2023.4.23,2023-04-23 00:00:00,502S001,0,,,,18.4,,23,4,2023,5.1,,-0.4,,42,,-5.8,,MB,1,,,,WINNIPEG A CS,27174,0.2,,,,,,"{""type"": ""Point"", ""coordinates"": [-97.24944444444445, 49.916666666666664]}"
502S001.2023.4.24,2023-04-24 00:00:00,502S001,0,,2,,16.8,,24,4,2023,6.6,,1.2,,38,,-4.3,,MB,1,,37,,WINNIPEG A CS,27174,0,,,,,,"{""type"": ""Point"", ""coordinates"": [-97.24944444444445, 49.916666666666664]}"
502S001.2023.4.25,2023-04-25 00:00:00,502S001,0,,,,15.5,,25,4,2023,10.4,,2.5,,33,,-5.5,,MB,0,,,,WINNIPEG A CS,27174,0,,,,,,"{""type"": ""Point"", ""coordinates"": [-97.24944444444445, 49.916666666666664]}"
502S001.2023.4.26,2023-04-26 00:00:00,502S001,0,,19,,14.8,,26,4,2023,8.2,,3.2,,49,,-1.9,,MB,1,,65,,WINNIPEG A CS,27174,7.4,,,,,,"{""type"": ""Point"", ""coordinates"": [-97.24944444444445, 49.916666666666664]}"
502S001.2023.4.27,2023-04-27 00:00:00,502S001,0,,,,12.6,,27,4,2023,11.6,,5.4,,,M,-0.9,,MB,1,,,,WINNIPEG A CS,27174,0,,,,,,"{""type"": ""Point"", ""coordinates"": [-97.24944444444445, 49.916666666666664]}"
502S001.2023.4.28,2023-04-28 00:00:00,502S001,0,,,,11.3,,28,4,2023,11.3,,6.7,,41,,2.1,,MB,1,,,,WINNIPEG A CS,27174,0,,,,,,"{""type"": ""Point"", ""coordinates"": [-97.24944444444445, 49.916666666666664]}"
502S001.2023.4.29,2023-04-29 00:00:00,502S001,0,,31,,12.6,,29,4,2023,12,,5.4,,48,,-1.2,,MB,1,,50,,WINNIPEG A CS,27174,0,,,,,,"{""type"": ""Point"", ""coordinates"": [-97.24944444444445, 49.916666666666664]}"
502S001.2023.4.30,2023-04-30 00:00:00,502S001,0,,36,,12.2,,30,4,2023,13.6,,5.8,,34,,-1.9,,MB,0,,56,,WINNIPEG A CS,27174,0,,,,,,"{""type"": ""Point"", ""coordinates"": [-97.24944444444445, 49.916666666666664]}"
502S001.2023.5.1,2023-05-01 00:00:00,502S001,0,,35,,12.7,,1,5,2023,12.5,,5.3,,31,,-1.9,,MB,,,54,,WINNIPEG A CS,27174,0,,,,,,"{""type"": ""Point"", ""coordinates"": [-97.24944444444445, 49.916666666666664]}"
502S001.2023.5.2,2023-05-02 00:00:00,502S001,0,,,,11.2,,2,5,2023,17.6,,6.8,,15,,-4.1,,MB,,,,,WINNIPEG A CS,27174,0,,,,,,"{""type"": ""Point"", ""coordinates"": [-97.24944444444445, 49.916666666666664]}"
502S001.2023.5.3,2023-05-03 00:00:00,502S001,0,,35,,5.5,,3,5,2023,22.5,,12.5,,22,,2.5,,MB,,,45,,WINNIPEG A CS,27174,0,,,,,,"{""type"": ""Point"", ""coordinates"": [-97.24944444444445, 49.916666666666664]}"
502S001.2023.5.4,2023-05-04 00:00:00,502S001,0,,2,,8.1,,4,5,2023,19.9,,9.9,,27,,-0.2,,MB,,,42,,WINNIPEG A CS,27174,0,,,,,,"{""type"": ""Point"", ""coordinates"": [-97.24944444444445, 49.916666666666664]}"
502S001.2023.5.5,2023-05-05 00:00:00,502S001,0,,9,,5.7,,5,5,2023,19.9,,12.3,,29,,4.7,,MB,,,51,,WINNIPEG A CS,27174,0,,,,,,"{""type"": ""Point"", ""coordinates"": [-97.24944444444445, 49.916666666666664]}"
502S001.2023.5.6,2023-05-06 00:00:00,502S001,0,,10,,6.7,,6,5,2023,18.1,,11.3,,46,,4.4,,MB,,,45,,WINNIPEG A CS,27174,0,,,,,,"{""type"": ""Point"", ""coordinates"": [-97.24944444444445, 49.916666666666664]}"
502S001.2023.5.7,2023-05-07 00:00:00,502S001,0,,6,,6.7,,7,5,2023,16.5,,11.3,,56,,6,,MB,,,45,,WINNIPEG A CS,27174,0,,,,,,"{""type"": ""Point"", ""coordinates"": [-97.24944444444445, 49.916666666666664]}"
502S001.2023.5.8,2023-05-08 00:00:00,502S001,0,,5,,7.1,,8,5,2023,12.2,,10.9,,77,,9.7,,MB,,,37,,WINNIPEG A CS,27174,1,,,,,,"{""type"": ""Point"", ""coordinates"": [-97.24944444444445, 49.916666666666664]}"
502S001.2023.5.9,2023-05-09 00:00:00,502S001,0,,,,4.1,,9,5,2023,21,,13.9,,40,,6.7,,MB,,,,,WINNIPEG A CS,27174,0,,,,,,"{""type"": ""Point"", ""coordinates"": [-97.24944444444445, 49.916666666666664]}"
502S001.2023.5.10,2023-05-10 00:00:00,502S001,0.2,,34,,0,,10,5,2023,26.9,,18.2,,34,,9.5,,MB,,,63,,WINNIPEG A CS,27174,4.4,,,,,,"{""type"": ""Point"", ""coordinates"": [-97.24944444444445, 49.916666666666664]}"
502S001.2023.5.11,2023-05-11 00:00:00,502S001,0,,3,,2.7,,11,5,2023,24.5,,15.3,,27,,6.2,,MB,,,34,,WINNIPEG A CS,27174,0,,,,,,"{""type"": ""Point"", ""coordinates"": [-97.24944444444445, 49.916666666666664]}"
502S001.2023.5.12,2023-05-12 00:00:00,502S001,0,,3,,0.6,,12,5,2023,25.7,,17.4,,20,,9.1,,MB,,,48,,WINNIPEG A CS,27174,0,,,,,,"{""type"": ""Point"", ""coordinates"": [-97.24944444444445, 49.916666666666664]}"
502S001.2023.5.13,2023-05-13 00:00:00,502S001,0,,2,,1.2,,13,5,2023,23.6,,16.8,,27,,9.9,,MB,,,44,,WINNIPEG A CS,27174,0,,,,,,"{""type"": ""Point"", ""coordinates"": [-97.24944444444445, 49.916666666666664]}"
502S001.2023.5.14,2023-05-14 00:00:00,502S001,0,,,,3.1,,14,5,2023,25.8,,14.9,,15,,4.1,,MB,,,,,WINNIPEG A CS,27174,0,,,,,,"{""type"": ""Point"", ""coordinates"": [-97.24944444444445, 49.916666666666664]}"
502S001.2023.5.15,2023-05-15 00:00:00,502S001,0.9,,29,,0,,15,5,2023,29.1,,18.9,,20,,8.7,,MB,,,44,,WINNIPEG A CS,27174,0,,,,,,"{""type"": ""Point"", ""coordinates"": [-97.24944444444445, 49.916666666666664]}"
502S001.2023.5.16,2023-05-16 00:00:00,502S001,0,,,,1.3,,16,5,2023,23.1,,16.7,,27,,10.4,,MB,,,,,WINNIPEG A CS,27174,0,,,,,,"{""type"": ""Point"", ""coordinates"": [-97.24944444444445, 49.916666666666664]}"
502S001.2023.5.17,2023-05-17 00:00:00,502S001,0,,32,,0.6,,17,5,2023,25.5,,17.4,,29,,9.4,,MB,,,47,,WINNIPEG A CS,27174,3,,,,,,"{""type"": ""Point"", ""coordinates"": [-97.24944444444445, 49.916666666666664]}"
502S001.2023.5.18,2023-05-18 00:00:00,502S001,0,,33,,11.3,,18,5,2023,9.9,,6.7,,67,,3.5,,MB,,,48,,WINNIPEG A CS,27174,0.6,,,,,,"{""type"": ""Point"", ""coordinates"": [-97.24944444444445, 49.916666666666664]}"
502S001.2023.5.19,2023-05-19 00:00:00,502S001,0,,,,6.3,,19,5,2023,21.9,,11.7,,25,,1.5,,MB,,,,,WINNIPEG A CS,27174,0,,,,,,"{""type"": ""Point"", ""coordinates"": [-97.24944444444445, 49.916666666666664]}"
502S001.2023.5.20,2023-05-20 00:00:00,502S001,0,,24,,0,,20,5,2023,26.2,,18,,20,,9.8,,MB,,,43,,WINNIPEG A CS,27174,0,,,,,,"{""type"": ""Point"", ""coordinates"": [-97.24944444444445, 49.916666666666664]}"
502S001.2023.5.21,2023-05-21 00:00:00,502S001,0,,4,,4.3,,21,5,2023,20.4,,13.7,,31,,7.1,,MB,,,37,,WINNIPEG A CS,27174,0,,,,,,"{""type"": ""Point"", ""coordinates"": [-97.24944444444445, 49.916666666666664]}"
502S001.2023.5.22,2023-05-22 00:00:00,502S001,0,,,,1.9,,22,5,2023,26.4,,16.1,,28,,5.9,,MB,,,,,WINNIPEG A CS,27174,0,,,,,,"{""type"": ""Point"", ""coordinates"": [-97.24944444444445, 49.916666666666664]}"
502S001.2023.5.23,2023-05-23 00:00:00,502S001,0.4,,7,,0,,23,5,2023,25.1,,18.4,,31,,11.7,,MB,,,55,,WINNIPEG A CS,27174,0,,,,,,"{""type"": ""Point"", ""coordinates"": [-97.24944444444445, 49.916666666666664]}"
502S001.2023.5.24,2023-05-24 00:00:00,502S001,0,,10,,2.5,,24,5,2023,19.4,,15.5,,44,,11.5,,MB,,,47,,WINNIPEG A CS,27174,0,,,,,,"{""type"": ""Point"", ""coordinates"": [-97.24944444444445, 49.916666666666664]}"
502S001.2023.5.25,2023-05-25 00:00:00,502S001,3,,19,,0,,25,5,2023,30.8,,21,,22,,11.1,,MB,,,61,,WINNIPEG A CS,27174,0,,,,,,"{""type"": ""Point"", ""coordinates"": [-97.24944444444445, 49.916666666666664]}"
502S001.2023.5.26,2023-05-26 00:00:00,502S001,7.4,,21,,0,,26,5,2023,32.4,,25.4,,23,,18.4,,MB,,,65,,WINNIPEG A CS,27174,0,,,,,,"{""type"": ""Point"", ""coordinates"": [-97.24944444444445, 49.916666666666664]}"
502S001.2023.5.27,2023-05-27 00:00:00,502S001,6.6,,25,,0,,27,5,2023,31.8,,24.6,,25,,17.4,,MB,,,57,,WINNIPEG A CS,27174,11.2,,,,,,"{""type"": ""Point"", ""coordinates"": [-97.24944444444445, 49.916666666666664]}"
502S001.2023.5.28,2023-05-28 00:00:00,502S001,5.5,,18,,0,,28,5,2023,31.3,,23.5,,18,,15.6,,MB,,,55,,WINNIPEG A CS,27174,0,,,,,,"{""type"": ""Point"", ""coordinates"": [-97.24944444444445, 49.916666666666664]}"
502S001.2023.5.29,2023-05-29 00:00:00,502S001,6,,18,,0,,29,5,2023,30.6,,24,,31,,17.4,,MB,,,66,,WINNIPEG A CS,27174,0.3,,,,,,"{""type"": ""Point"", ""coordinates"": [-97.24944444444445, 49.916666666666664]}"
502S001.2023.5.30,2023-05-30 00:00:00,502S001,2.5,,18,,0,,30,5,2023,27.3,,20.5,,45,,13.8,,MB,,,34,,WINNIPEG A CS,27174,0,,,,,,"{""type"": ""Point"", ""coordinates"": [-97.24944444444445, 49.916666666666664]}"
502S001.2023.5.31,2023-05-31 00:00:00,502S001,1.8,,,,0,,31,5,2023,28.7,,19.8,,32,,10.9,,MB,,,,,WINNIPEG A CS,27174,0,,,,,,"{""type"": ""Point"", ""coordinates"": [-97.24944444444445, 49.916666666666664]}"
502S001.2023.6.1,2023-06-01 00:00:00,502S001,4.5,,,,0,,1,6,2023,29.1,,22.5,,39,,15.9,,MB,,,,,WINNIPEG A CS,27174,0,,,,,,"{""type"": ""Point"", ""coordinates"": [-97.24944444444445, 49.916666666666664]}"
502S001.2023.6.2,2023-06-02 00:00:00,502S001,6.7,,10,,0,,2,6,2023,32.9,,24.7,,32,,16.6,,MB,,,75,,WINNIPEG A CS,27174,0.6,,,,,,"{""type"": ""Point"", ""coordinates"": [-97.24944444444445, 49.916666666666664]}"
502S001.2023.6.3,2023-06-03 00:00:00,502S001,8,,25,,0,,3,6,2023,33.2,,26,,35,,18.7,,MB,,,79,,WINNIPEG A CS,27174,54,,,,,,"{""type"": ""Point"", ""coordinates"": [-97.24944444444445, 49.916666666666664]}"
502S001.2023.6.4,2023-06-04 00:00:00,502S001,8,,11,,0,,4,6,2023,31.9,,26,,44,,20.1,,MB,,,38,,WINNIPEG A CS,27174,0,,,,,,"{""type"": ""Point"", ""coordinates"": [-97.24944444444445, 49.916666666666664]}"
502S001.2023.6.5,2023-06-05 00:00:00,502S001,6.7,,10,,0,,5,6,2023,31.3,,24.7,,41,,18.2,,MB,,,45,,WINNIPEG A CS,27174,2.7,,,,,,"{""type"": ""Point"", ""coordinates"": [-97.24944444444445, 49.916666666666664]}"
502S001.2023.6.6,2023-06-06 00:00:00,502S001,7.7,,21,,0,,6,6,2023,32,,25.7,,41,,19.3,,MB,,,59,,WINNIPEG A CS,27174,0,,,,,,"{""type"": ""Point"", ""coordinates"": [-97.24944444444445, 49.916666666666664]}"
502S001.2023.6.7,2023-06-07 00:00:00,502S001,3.4,,13,,0,,7,6,2023,25.1,,21.4,,63,,17.7,,MB,,,35,,WINNIPEG A CS,27174,0.7,,,,,,"{""type"": ""Point"", ""coordinates"": [-97.24944444444445, 49.916666666666664]}"
502S001.2023.6.8,2023-06-08 00:00:00,502S001,3.2,,,,0,,8,6,2023,26.6,,21.2,,53,,15.8,,MB,,,,,WINNIPEG A CS,27174,0,,,,,,"{""type"": ""Point"", ""coordinates"": [-97.24944444444445, 49.916666666666664]}"
502S001.2023.6.9,2023-06-09 00:00:00,502S001,3.1,,3,,0,,9,6,2023,26.5,,21.1,,31,,15.7,,MB,,,52,,WINNIPEG A CS,27174,0,,,,,,"{""type"": ""Point"", ""coordinates"": [-97.24944444444445, 49.916666666666664]}"
502S001.2023.6.10,2023-06-10 00:00:00,502S001,0,,3,,2,,10,6,2023,22.2,,16,,24,,9.7,,MB,,,46,,WINNIPEG A CS,27174,0,,,,,,"{""type"": ""Point"", ""coordinates"": [-97.24944444444445, 49.916666666666664]}"
502S001.2023.6.11,2023-06-11 00:00:00,502S001,0,,,,1.9,,11,6,2023,25.4,,16.1,,24,,6.8,,MB,,,,,WINNIPEG A CS,27174,0,,,,,,"{""type"": ""Point"", ""coordinates"": [-97.24944444444445, 49.916666666666664]}"
502S001.2023.6.12,2023-06-12 00:00:00,502S001,2.4,,31,,0,,12,6,2023,28.6,,20.4,,23,,12.2,,MB,,,34,,WINNIPEG A CS,27174,0,,,,,,"{""type"": ""Point"", ""coordinates"": [-97.24944444444445, 49.916666666666664]}"
502S001.2023.6.13,2023-06-13 00:00:00,502S001,3,,2,,0,,13,6,2023,29.3,,21,,36,,12.7,,MB,,,39,,WINNIPEG A CS,27174,0,,,,,,"{""type"": ""Point"", ""coordinates"": [-97.24944444444445, 49.916666666666664]}"
502S001.2023.6.14,2023-06-14 00:00:00,502S001,0,,6,,3.6,,14,6,2023,19.3,,14.4,,44,,9.4,,MB,,,31,,WINNIPEG A CS,27174,0,,,,,,"{""type"": ""Point"", ""coordinates"": [-97.24944444444445, 49.916666666666664]}"
502S001.2023.6.15,2023-06-15 00:00:00,502S001,0,,12,,1.4,,15,6,2023,22.6,,16.6,,36,,10.5,,MB,,,36,,WINNIPEG A CS,27174,0,,,,,,"{""type"": ""Point"", ""coordinates"": [-97.24944444444445, 49.916666666666664]}"
502S001.2023.6.16,2023-06-16 00:00:00,502S001,0,,,,1.2,,16,6,2023,19.8,,16.8,,54,,13.8,,MB,,,,,WINNIPEG A CS,27174,0.8,,,,,,"{""type"": ""Point"", ""coordinates"": [-97.24944444444445, 49.916666666666664]}"
502S001.2023.6.17,2023-06-17 00:00:00,502S001,0,,,,0.8,,17,6,2023,24,,17.2,,42,,10.3,,MB,,,,,WINNIPEG A CS,27174,0,,,,,,"{""type"": ""Point"", ""coordinates"": [-97.24944444444445, 49.916666666666664]}"
502S001.2023.6.18,2023-06-18 00:00:00,502S001,2.6,,18,,0,,18,6,2023,28.7,,20.6,,29,,12.4,,MB,,,34,,WINNIPEG A CS,27174,0,,,,,,"{""type"": ""Point"", ""coordinates"": [-97.24944444444445, 49.916666666666664]}"
502S001.2023.6.19,2023-06-19 00:00:00,502S001,6.3,,13,,0,,19,6,2023,30.1,,24.3,,40,,18.5,,MB,,,47,,WINNIPEG A CS,27174,0,,,,,,"{""type"": ""Point"", ""coordinates"": [-97.24944444444445, 49.916666666666664]}"
502S001.2023.6.20,2023-06-20 00:00:00,502S001,10.4,,18,,0,,20,6,2023,35.9,,28.4,,32,,20.8,,MB,,,60,,WINNIPEG A CS,27174,0,,,,,,"{""type"": ""Point"", ""coordinates"": [-97.24944444444445, 49.916666666666664]}"
502S001.2023.6.21,2023-06-21 00:00:00,502S001,4.1,,18,,0,,21,6,2023,27.8,,22.1,,45,,16.5,,MB,,,42,,WINNIPEG A CS,27174,0,,,,,,"{""type"": ""Point"", ""coordinates"": [-97.24944444444445, 49.916666666666664]}"
502S001.2023.6.22,2023-06-22 00:00:00,502S001,0.2,,35,,0,,22,6,2023,22.9,,18.2,,43,,13.5,,MB,,,38,,WINNIPEG A CS,27174,7.6,,,,,,"{""type"": ""Point"", ""coordinates"": [-97.24944444444445, 49.916666666666664]}"
502S001.2023.6.23,2023-06-23 00:00:00,502S001,0,,,,0.1,,23,6,2023,25.2,,17.9,,36,,10.5,,MB,,,,,WINNIPEG A CS,27174,0,,,,,,"{""type"": ""Point"", ""coordinates"": [-97.24944444444445, 49.916666666666664]}"
502S001.2023.6.24,2023-06-24 00:00:00,502S001,1.4,,2,,0,,24,6,2023,26.5,,19.4,,33,,12.3,,MB,,,42,,WINNIPEG A CS,27174,0,,,,,,"{""type"": ""Point"", ""coordinates"": [-97.24944444444445, 49.916666666666664]}"
502S001.2023.6.25,2023-06-25 00:00:00,502S001,2.5,,,,0,,25,6,2023,26.7,,20.5,,34,,14.3,,MB,,,,,WINNIPEG A CS,27174,0,,,,,,"{""type"": ""Point"", ""coordinates"": [-97.24944444444445, 49.916666666666664]}"
502S001.2023.6.26,2023-06-26 00:00:00,502S001,2.2,,,,0,,26,6,2023,26.6,,20.2,,45,,13.7,,MB,,,,,WINNIPEG A CS,27174,0,,,,,,"{""type"": ""Point"", ""coordinates"": [-97.24944444444445, 49.916666666666664]}"
502S001.2023.6.27,2023-06-27 00:00:00,502S001,2.9,,16,,0,,27,6,2023,26.5,,20.9,,51,,15.3,,MB,,,33,,WINNIPEG A CS,27174,6.4,,,,,,"{""type"": ""Point"", ""coordinates"": [-97.24944444444445, 49.916666666666664]}"
502S001.2023.6.28,2023-06-28 00:00:00,502S001,4.5,,18,,0,,28,6,2023,27.9,,22.5,,56,,17.2,,MB,,,39,,WINNIPEG A CS,27174,0.3,,,,,,"{""type"": ""Point"", ""coordinates"": [-97.24944444444445, 49.916666666666664]}"
502S001.2023.6.29,2023-06-29 00:00:00,502S001,2.1,,32,,0,,29,6,2023,25.8,,20.1,,50,,14.4,,MB,,,41,,WINNIPEG A CS,27174,1.2,,,,,,"{""type"": ""Point"", ""coordinates"": [-97.24944444444445, 49.916666666666664]}"
502S001.2023.6.30,2023-06-30 00:00:00,502S001,3.7,,32,,0,,30,6,2023,29,,21.7,,32,,14.5,,MB,,,31,,WINNIPEG A CS,27174,0,,,,,,"{""type"": ""Point"", ""coordinates"": [-97.24944444444445, 49.916666666666664]}"
502S001.2023.7.1,2023-07-01 00:00:00,502S001,3.6,,,,0,,1,7,2023,30.4,,21.6,,25,,12.8,,MB,,,,,WINNIPEG A CS,27174,0,,,,,,"{""type"": ""Point"", ""coordinates"": [-97.24944444444445, 49.916666666666664]}"
502S001.2023.7.2,2023-07-02 00:00:00,502S001,6.5,,18,,0,,2,7,2023,31.3,,24.5,,45,,17.6,,MB,,,44,,WINNIPEG A CS,27174,9.8,,,,,,"{""type"": ""Point"", ""coordinates"": [-97.24944444444445, 49.916666666666664]}"
502S001.2023.7.3,2023-07-03 00:00:00,502S001,1.3,,26,,0,,3,7,2023,24.7,,19.3,,32,,14,,MB,,,40,,WINNIPEG A CS,27174,0,,,,,,"{""type"": ""Point"", ""coordinates"": [-97.24944444444445, 49.916666666666664]}"
502S001.2023.7.4,2023-07-04 00:00:00,502S001,0,,32,,2.1,,4,7,2023,21.7,,15.9,,51,,10,,MB,,,43,,WINNIPEG A CS,27174,0,,,,,,"{""type"": ""Point"", ""coordinates"": [-97.24944444444445, 49.916666666666664]}"
502S001.2023.7.5,2023-07-05 00:00:00,502S001,0,,29,,4.2,,5,7,2023,21,,13.8,,31,,6.5,,MB,,,42,,WINNIPEG A CS,27174,0,,,,,,"{""type"": ""Point"", ""coordinates"": [-97.24944444444445, 49.916666666666664]}"
502S001.2023.7.6,2023-07-06 00:00:00,502S001,0.3,,34,,0,,6,7,2023,27.1,,18.3,,28,,9.4,,MB,,,74,,WINNIPEG A CS,27174,6.7,,,,,,"{""type"": ""Point"", ""coordinates"": [-97.24944444444445, 49.916666666666664]}"
502S001.2023.7.7,2023-07-07 00:00:00,502S001,0,,32,,2.7,,7,7,2023,21.7,,15.3,,40,,8.9,,MB,,,46,,WINNIPEG A CS,27174,1.3,,,,,,"{""type"": ""Point"", ""coordinates"": [-97.24944444444445, 49.916666666666664]}"
502S001.2023.7.8,2023-07-08 00:00:00,502S001,0,,26,,3.5,,8,7,2023,23.9,,14.5,,31,,5,,MB,,,31,,WINNIPEG A CS,27174,0,,,,,,"{""type"": ""Point"", ""coordinates"": [-97.24944444444445, 49.916666666666664]}"
502S001.2023.7.9,2023-07-09 00:00:00,502S001,0.5,,32,,0,,9,7,2023,25.6,,18.5,,47,,11.3,,MB,,,43,,WINNIPEG A CS,27174,2.1,,,,,,"{""type"": ""Point"", ""coordinates"": [-97.24944444444445, 49.916666666666664]}"
502S001.2023.7.10,2023-07-10 00:00:00,502S001,0,,31,,5.4,,10,7,2023,19.7,,12.6,,33,,5.6,,MB,,,57,,WINNIPEG A CS,27174,0,,,,,,"{""type"": ""Point"", ""coordinates"": [-97.24944444444445, 49.916666666666664]}"
502S001.2023.7.11,2023-07-11 00:00:00,502S001,0,,,,3.6,,11,7,2023,22.4,,14.4,,38,,6.4,,MB,,,,,WINNIPEG A CS,27174,0,,,,,,"{""type"": ""Point"", ""coordinates"": [-97.24944444444445, 49.916666666666664]}"
502S001.2023.7.12,2023-07-12 00:00:00,502S001,0,,,,2.9,,12,7,2023,21.7,,15.1,,45,,8.4,,MB,,,,,WINNIPEG A CS,27174,0.2,,,,,,"{""type"": ""Point"", ""coordinates"": [-97.24944444444445, 49.916666666666664]}"
502S001.2023.7.13,2023-07-13 00:00:00,502S001,1.7,,31,,0,,13,7,2023,26.2,,19.7,,38,,13.1,,MB,,,49,,WINNIPEG A CS,27174,1.7,,,,,,"{""type"": ""Point"", ""coordinates"": [-97.24944444444445, 49.916666666666664]}"
502S001.2023.7.14,2023-07-14 00:00:00,502S001,0,,28,,1.4,,14,7,2023,22.7,,16.6,,47,,10.4,,MB,,,45,,WINNIPEG A CS,27174,0,,,,,,"{""type"": ""Point"", ""coordinates"": [-97.24944444444445, 49.916666666666664]}"
502S001.2023.7.15,2023-07-15 00:00:00,502S001,0,,31,,2.8,,15,7,2023,22,,15.2,,44,,8.5,,MB,,,51,,WINNIPEG A CS,27174,0.7,,,,,,"{""type"": ""Point"", ""coordinates"": [-97.24944444444445, 49.916666666666664]}"
502S001.2023.7.16,2023-07-16 00:00:00,502S001,0,,33,,3.6,,16,7,2023,19,,14.4,,59,,9.7,,MB,,,50,,WINNIPEG A CS,27174,4.3,,,,,,"{""type"": ""Point"", ""coordinates"": [-97.24944444444445, 49.916666666666664]}"
502S001.2023.7.17,2023-07-17 00:00:00,502S001,0,,31,,0.8,,17,7,2023,23.6,,17.2,,48,,10.8,,MB,,,45,,WINNIPEG A CS,27174,0,,,,,,"{""type"": ""Point"", ""coordinates"": [-97.24944444444445, 49.916666666666664]}"
502S001.2023.7.18,2023-07-18 00:00:00,502S001,0,,,,1.7,,18,7,2023,23.9,,16.3,,52,,8.6,,MB,,,,,WINNIPEG A CS,27174,0.5,,,,,,"{""type"": ""Point"", ""coordinates"": [-97.24944444444445, 49.916666666666664]}"
502S001.2023.7.19,2023-07-19 00:00:00,502S001,0.8,,36,,0,,19,7,2023,23.1,,18.8,,65,,14.5,,MB,,,35,,WINNIPEG A CS,27174,1.6,,,,,,"{""type"": ""Point"", ""coordinates"": [-97.24944444444445, 49.916666666666664]}"
502S001.2023.7.20,2023-07-20 00:00:00,502S001,1.2,,,,0,,20,7,2023,26.6,,19.2,,38,,11.8,,MB,,,,,WINNIPEG A CS,27174,0,,,,,,"{""type"": ""Point"", ""coordinates"": [-97.24944444444445, 49.916666666666664]}"
502S001.2023.7.21,2023-07-21 00:00:00,502S001,2.5,,26,,0,,21,7,2023,28.6,,20.5,,35,,12.5,,MB,,,49,,WINNIPEG A CS,27174,2.3,,,,,,"{""type"": ""Point"", ""coordinates"": [-97.24944444444445, 49.916666666666664]}"
502S001.2023.7.22,2023-07-22 00:00:00,502S001,2.2,,31,,0,,22,7,2023,26.2,,20.2,,46,,14.2,,MB,,,38,,WINNIPEG A CS,27174,4.2,,,,,,"{""type"": ""Point"", ""coordinates"": [-97.24944444444445, 49.916666666666664]}"
502S001.2023.7.23,2023-07-23 00:00:00,502S001,0.8,,2,,0,,23,7,2023,23.6,,18.8,,54,,14.1,,MB,,,34,,WINNIPEG A CS,27174,7.5,,,,,,"{""type"": ""Point"", ""coordinates"": [-97.24944444444445, 49.916666666666664]}"
502S001.2023.7.24,2023-07-24 00:00:00,502S001,1.8,,,,0,,24,7,2023,27.5,,19.8,,39,,12,,MB,,,,,WINNIPEG A CS,27174,4.5,,,,,,"{""type"": ""Point"", ""coordinates"": [-97.24944444444445, 49.916666666666664]}"
502S001.2023.7.25,2023-07-25 00:00:00,502S001,4.2,,14,,0,,25,7,2023,27.2,,22.2,,58,,17.3,,MB,,,54,,WINNIPEG A CS,27174,18.9,,,,,,"{""type"": ""Point"", ""coordinates"": [-97.24944444444445, 49.916666666666664]}"
502S001.2023.7.26,2023-07-26 00:00:00,502S001,5.7,,27,,0,,26,7,2023,31.7,,23.7,,48,,15.7,,MB,,,40,,WINNIPEG A CS,27174,0,,,,,,"{""type"": ""Point"", ""coordinates"": [-97.24944444444445, 49.916666666666664]}"
502S001.2023.7.27,2023-07-27 00:00:00,502S001,1.3,,4,,0,,27,7,2023,27.1,,19.3,,36,,11.5,,MB,,,39,,WINNIPEG A CS,27174,0,,,,,,"{""type"": ""Point"", ""coordinates"": [-97.24944444444445, 49.916666666666664]}"
502S001.2023.7.28,2023-07-28 00:00:00,502S001,0,,2,,4,,28,7,2023,19.9,,14,,56,,8,,MB,,,33,,WINNIPEG A CS,27174,0,,,,,,"{""type"": ""Point"", ""coordinates"": [-97.24944444444445, 49.916666666666664]}"
502S001.2023.7.29,2023-07-29 00:00:00,502S001,0,,,,3.3,,29,7,2023,23,,14.7,,39,,6.4,,MB,,,,,WINNIPEG A CS,27174,0,,,,,,"{""type"": ""Point"", ""coordinates"": [-97.24944444444445, 49.916666666666664]}"
502S001.2023.7.30,2023-07-30 00:00:00,502S001,1.7,,,,0,,30,7,2023,26.7,,19.7,,30,,12.6,,MB,,,,,WINNIPEG A CS,27174,0,,,,,,"{""type"": ""Point"", ""coordinates"": [-97.24944444444445, 49.916666666666664]}"
502S001.2023.7.31,2023-07-31 00:00:00,502S001,1.2,,,,0,,31,7,2023,28.3,,19.2,,37,,10.1,,MB,,,,,WINNIPEG A CS,27174,0,,,,,,"{""type"": ""Point"", ""coordinates"": [-97.24944444444445, 49.916666666666664]}"
502S001.2023.8.1,2023-08-01 00:00:00,502S001,3.8,,4,,0,,1,8,2023,27.3,,21.8,,50,,16.3,,MB,,,53,,WINNIPEG A CS,27174,20,,,,,,"{""type"": ""Point"", ""coordinates"": [-97.24944444444445, 49.916666666666664]}"
502S001.2023.8.2,2023-08-02 00:00:00,502S001,4,,,,0,,2,8,2023,29.4,,22,,44,,14.5,,MB,,,,,WINNIPEG A CS,27174,0,,,,,,"{""type"": ""Point"", ""coordinates"": [-97.24944444444445, 49.916666666666664]}"
502S001.2023.8.3,2023-08-03 00:00:00,502S001,1.6,,,,0,,3,8,2023,26.9,,19.6,,46,,12.4,,MB,,,,,WINNIPEG A CS,27174,0,,,,,,"{""type"": ""Point"", ""coordinates"": [-97.24944444444445, 49.916666666666664]}"
502S001.2023.8.4,2023-08-04 00:00:00,502S001,1.6,,,,0,,4,8,2023,26.8,,19.6,,47,,12.4,,MB,,,,,WINNIPEG A CS,27174,0,,,,,,"{""type"": ""Point"", ""coordinates"": [-97.24944444444445, 49.916666666666664]}"
502S001.2023.8.5,2023-08-05 00:00:00,502S001,3.1,,,,0,,5,8,2023,28.2,,21.1,,40,,14,,MB,,,,,WINNIPEG A CS,27174,0,,,,,,"{""type"": ""Point"", ""coordinates"": [-97.24944444444445, 49.916666666666664]}"
502S001.2023.8.6,2023-08-06 00:00:00,502S001,0.1,,34,,0,,6,8,2023,25.6,,18.1,,44,,10.7,,MB,,,45,,WINNIPEG A CS,27174,0,,,,,,"{""type"": ""Point"", ""coordinates"": [-97.24944444444445, 49.916666666666664]}"
502S001.2023.8.7,2023-08-07 00:00:00,502S001,1.1,,24,,0,,7,8,2023,27.9,,19.1,,34,,10.3,,MB,,,44,,WINNIPEG A CS,27174,1.3,,,,,,"{""type"": ""Point"", ""coordinates"": [-97.24944444444445, 49.916666666666664]}"
502S001.2023.8.8,2023-08-08 00:00:00,502S001,0,,25,,0.3,,8,8,2023,24.3,,17.7,,43,,11.2,,MB,,,37,,WINNIPEG A CS,27174,3,,,,,,"{""type"": ""Point"", ""coordinates"": [-97.24944444444445, 49.916666666666664]}"
502S001.2023.8.9,2023-08-09 00:00:00,502S001,0,,2,,2.8,,9,8,2023,21.8,,15.2,,48,,8.6,,MB,,,35,,WINNIPEG A CS,27174,0,,,,,,"{""type"": ""Point"", ""coordinates"": [-97.24944444444445, 49.916666666666664]}"
502S001.2023.8.10,2023-08-10 00:00:00,502S001,0,,14,,4.7,,10,8,2023,21.4,,13.3,,54,,5.3,,MB,,,35,,WINNIPEG A CS,27174,8.4,,,,,,"{""type"": ""Point"", ""coordinates"": [-97.24944444444445, 49.916666666666664]}"
502S001.2023.8.11,2023-08-11 00:00:00,502S001,0,,,,1.3,,11,8,2023,21.8,,16.7,,64,,11.5,,MB,,,,,WINNIPEG A CS,27174,3.5,,,,,,"{""type"": ""Point"", ""coordinates"": [-97.24944444444445, 49.916666666666664]}"
502S001.2023.8.12,2023-08-12 00:00:00,502S001,0,,,,1.4,,12,8,2023,22.3,,16.6,,60,,11,,MB,,,,,WINNIPEG A CS,27174,0.2,,,,,,"{""type"": ""Point"", ""coordinates"": [-97.24944444444445, 49.916666666666664]}"
502S001.2023.8.13,2023-08-13 00:00:00,502S001,0,,,,0.6,,13,8,2023,23.3,,17.4,,52,,11.6,,MB,,,,,WINNIPEG A CS,27174,0,,,,,,"{""type"": ""Point"", ""coordinates"": [-97.24944444444445, 49.916666666666664]}"
502S001.2023.8.14,2023-08-14 00:00:00,502S001,0.2,,25,,0,,14,8,2023,26.5,,18.2,,42,,10,,MB,,,34,,WINNIPEG A CS,27174,0,,,,,,"{""type"": ""Point"", ""coordinates"": [-97.24944444444445, 49.916666666666664]}"
502S001.2023.8.15,2023-08-15 00:00:00,502S001,2.2,,21,,0,,15,8,2023,26.1,,20.2,,37,,14.3,,MB,,,35,,WINNIPEG A CS,27174,0,,,,,,"{""type"": ""Point"", ""coordinates"": [-97.24944444444445, 49.916666666666664]}"
502S001.2023.8.16,2023-08-16 00:00:00,502S001,0.7,,32,,0,,16,8,2023,23.9,,18.7,,48,,13.5,,MB,,,72,,WINNIPEG A CS,27174,0,,,,,,"{""type"": ""Point"", ""coordinates"": [-97.24944444444445, 49.916666666666664]}"
502S001.2023.8.17,2023-08-17 00:00:00,502S001,0,,34,,0.2,,17,8,2023,24.4,,17.8,,33,,11.3,,MB,,,39,,WINNIPEG A CS,27174,0,,,,,,"{""type"": ""Point"", ""coordinates"": [-97.24944444444445, 49.916666666666664]}"
502S001.2023.8.18,2023-08-18 00:00:00,502S001,2.6,,15,,0,,18,8,2023,28.2,,20.6,,38,,13,,MB,,,64,,WINNIPEG A CS,27174,0,,,,,,"{""type"": ""Point"", ""coordinates"": [-97.24944444444445, 49.916666666666664]}"
502S001.2023.8.19,2023-08-19 00:00:00,502S001,0.1,,31,,0,,19,8,2023,27,,18.1,,34,,9.1,,MB,,,57,,WINNIPEG A CS,27174,0,,,,,,"{""type"": ""Point"", ""coordinates"": [-97.24944444444445, 49.916666666666664]}"
502S001.2023.8.20,2023-08-20 00:00:00,502S001,0,,,,2.7,,20,8,2023,23.4,,15.3,,33,,7.1,,MB,,,,,WINNIPEG A CS,27174,0,,,,,,"{""type"": ""Point"", ""coordinates"": [-97.24944444444445, 49.916666666666664]}"
502S001.2023.8.21,2023-08-21 00:00:00,502S001,0,,,,2.2,,21,8,2023,18.4,,15.8,,65,,13.2,,MB,,,,,WINNIPEG A CS,27174,0,,,,,,"{""type"": ""Point"", ""coordinates"": [-97.24944444444445, 49.916666666666664]}"
502S001.2023.8.22,2023-08-22 00:00:00,502S001,0.6,,11,,0,,22,8,2023,21.4,,18.6,,68,,15.8,,MB,,,35,,WINNIPEG A CS,27174,0,,,,,,"{""type"": ""Point"", ""coordinates"": [-97.24944444444445, 49.916666666666664]}"
502S001.2023.8.23,2023-08-23 00:00:00,502S001,2.4,,,,0,,23,8,2023,23.7,,20.4,,73,,17.1,,MB,,,,,WINNIPEG A CS,27174,1,,,,,,"{""type"": ""Point"", ""coordinates"": [-97.24944444444445, 49.916666666666664]}"
502S001.2023.8.24,2023-08-24 00:00:00,502S001,4.4,,31,,0,,24,8,2023,28.9,,22.4,,48,,15.9,,MB,,,54,,WINNIPEG A CS,27174,0,,,,,,"{""type"": ""Point"", ""coordinates"": [-97.24944444444445, 49.916666666666664]}"
502S001.2023.8.25,2023-08-25 00:00:00,502S001,0,,1,,1.6,,25,8,2023,21.3,,16.4,,57,,11.4,,MB,,,42,,WINNIPEG A CS,27174,0,,,,,,"{""type"": ""Point"", ""coordinates"": [-97.24944444444445, 49.916666666666664]}"
502S001.2023.8.26,2023-08-26 00:00:00,502S001,0,,18,,3.3,,26,8,2023,22.9,,14.7,,45,,6.4,,MB,,,31,,WINNIPEG A CS,27174,0,,,,,,"{""type"": ""Point"", ""coordinates"": [-97.24944444444445, 49.916666666666664]}"
502S001.2023.8.27,2023-08-27 00:00:00,502S001,2.8,,20,,0,,27,8,2023,28.7,,20.8,,35,,12.9,,MB,,,36,,WINNIPEG A CS,27174,2.8,,,,,,"{""type"": ""Point"", ""coordinates"": [-97.24944444444445, 49.916666666666664]}"
502S001.2023.8.28,2023-08-28 00:00:00,502S001,,M,,M,,M,28,8,2023,,M,,M,,M,,M,MB,,,,M,WINNIPEG A CS,27174,,M,,,,,"{""type"": ""Point"", ""coordinates"": [-97.24944444444445, 49.916666666666664]}"
502S001.2023.8.29,2023-08-29 00:00:00,502S001,0,,35,,2.8,,29,8,2023,21.2,,15.2,,50,,9.2,,MB,,,38,,WINNIPEG A CS,27174,0,,,,,,"{""type"": ""Point"", ""coordinates"": [-97.24944444444445, 49.916666666666664]}"
502S001.2023.8.30,2023-08-30 00:00:00,502S001,,M,,M,,M,30,8,2023,,M,,M,,M,,M,MB,,,,M,WINNIPEG A CS,27174,,M,,,,,"{""type"": ""Point"", ""coordinates"": [-97.24944444444445, 49.916666666666664]}"
502S001.2023.8.31,2023-08-31 00:00:00,502S001,5.3,,17,,0,,31,8,2023,28.6,,23.3,,41,,18,,MB,,,70,,WINNIPEG A CS,27174,0,,,,,,"{""type"": ""Point"", ""coordinates"": [-97.24944444444445, 49.916666666666664]}"
502S001.2023.9.1,2023-09-01 00:00:00,502S001,4.1,,28,,0,,1,9,2023,28.2,,22.1,,39,,16,,MB,,,53,,WINNIPEG A CS,27174,0,,,,,,"{""type"": ""Point"", ""coordinates"": [-97.24944444444445, 49.916666666666664]}"
502S001.2023.9.2,2023-09-02 00:00:00,502S001,9.4,,21,,0,,2,9,2023,36.6,,27.4,,14,,18.3,,MB,,,56,,WINNIPEG A CS,27174,0,,,,,,"{""type"": ""Point"", ""coordinates"": [-97.24944444444445, 49.916666666666664]}"
502S001.2023.9.3,2023-09-03 00:00:00,502S001,3.4,,,,0,,3,9,2023,30.1,,21.4,,27,,12.6,,MB,,,,,WINNIPEG A CS,27174,0,,,,,,"{""type"": ""Point"", ""coordinates"": [-97.24944444444445, 49.916666666666664]}"
502S001.2023.9.4,2023-09-04 00:00:00,502S001,5.3,,35,,0,,4,9,2023,28.6,,23.3,,42,,17.9,,MB,,,49,,WINNIPEG A CS,27174,0,,,,,,"{""type"": ""Point"", ""coordinates"": [-97.24944444444445, 49.916666666666664]}"
502S001.2023.9.5,2023-09-05 00:00:00,502S001,0,,36,,4.1,,5,9,2023,19.1,,13.9,,46,,8.6,,MB,,,53,,WINNIPEG A CS,27174,10.6,,,,,,"{""type"": ""Point"", ""coordinates"": [-97.24944444444445, 49.916666666666664]}"
502S001.2023.9.6,2023-09-06 00:00:00,502S001,0,,,,5.4,,6,9,2023,18.5,,12.6,,43,,6.7,,MB,,,,,WINNIPEG A CS,27174,0,,,,,,"{""type"": ""Point"", ""coordinates"": [-97.24944444444445, 49.916666666666664]}"
502S001.2023.9.7,2023-09-07 00:00:00,502S001,0,,17,,3.2,,7,9,2023,22.4,,14.8,,37,,7.1,,MB,,,38,,WINNIPEG A CS,27174,0,,,,,,"{""type"": ""Point"", ""coordinates"": [-97.24944444444445, 49.916666666666664]}"
502S001.2023.9.8,2023-09-08 00:00:00,502S001,0,,1,,2,,8,9,2023,23.6,,16,,36,,8.4,,MB,,,31,,WINNIPEG A CS,27174,0,,,,,,"{""type"": ""Point"", ""coordinates"": [-97.24944444444445, 49.916666666666664]}"
502S001.2023.9.9,2023-09-09 00:00:00,502S001,0,,1,,3.7,,9,9,2023,23.4,,14.3,,31,,5.1,,MB,,,32,,WINNIPEG A CS,27174,0,,,,,,"{""type"": ""Point"", ""coordinates"": [-97.24944444444445, 49.916666666666664]}"
502S001.2023.9.10,2023-09-10 00:00:00,502S001,0,,4,,4.3,,10,9,2023,21.5,,13.7,,41,,5.8,,MB,,,31,,WINNIPEG A CS,27174,0.1,,,,,,"{""type"": ""Point"", ""coordinates"": [-97.24944444444445, 49.916666666666664]}"
502S001.2023.9.11,2023-09-11 00:00:00,502S001,0,,4,,6.6,,11,9,2023,18.1,,11.4,,38,,4.6,,MB,,,36,,WINNIPEG A CS,27174,0,,,,,,"{""type"": ""Point"", ""coordinates"": [-97.24944444444445, 49.916666666666664]}"
502S001.2023.9.12,2023-09-12 00:00:00,502S001,0,,,,8.1,,12,9,2023,18.2,,9.9,,35,,1.5,,MB,,,,,WINNIPEG A CS,27174,0,,,,,,"{""type"": ""Point"", ""coordinates"": [-97.24944444444445, 49.916666666666664]}"
502S001.2023.9.13,2023-09-13 00:00:00,502S001,0,,17,,4.3,,13,9,2023,21.3,,13.7,,32,,6,,MB,,,42,,WINNIPEG A CS,27174,0,,,,,,"{""type"": ""Point"", ""coordinates"": [-97.24944444444445, 49.916666666666664]}"
502S001.2023.9.14,2023-09-14 00:00:00,502S001,0,,32,,1.3,,14,9,2023,23.6,,16.7,,40,,9.8,,MB,,,37,,WINNIPEG A CS,27174,0,,,,,,"{""type"": ""Point"", ""coordinates"": [-97.24944444444445, 49.916666666666664]}"
502S001.2023.9.15,2023-09-15 00:00:00,502S001,0,,33,,6.1,,15,9,2023,15.4,,11.9,,71,,8.3,,MB,,,36,,WINNIPEG A CS,27174,2.6,,,,,,"{""type"": ""Point"", ""coordinates"": [-97.24944444444445, 49.916666666666664]}"
502S001.2023.9.16,2023-09-16 00:00:00,502S001,0,,,,6.2,,16,9,2023,15.5,,11.8,,65,,8.1,,MB,,,,,WINNIPEG A CS,27174,0,,,,,,"{""type"": ""Point"", ""coordinates"": [-97.24944444444445, 49.916666666666664]}"
502S001.2023.9.17,2023-09-17 00:00:00,502S001,0,,15,,4.1,,17,9,2023,21,,13.9,,46,,6.8,,MB,,,37,,WINNIPEG A CS,27174,0,,,,,,"{""type"": ""Point"", ""coordinates"": [-97.24944444444445, 49.916666666666664]}"
502S001.2023.9.18,2023-09-18 00:00:00,502S001,1.7,,14,,0,,18,9,2023,27.7,,19.7,,30,,11.7,,MB,,,59,,WINNIPEG A CS,27174,0,,,,,,"{""type"": ""Point"", ""coordinates"": [-97.24944444444445, 49.916666666666664]}"
502S001.2023.9.19,2023-09-19 00:00:00,502S001,3.4,,18,,0,,19,9,2023,29.5,,21.4,,25,,13.3,,MB,,,48,,WINNIPEG A CS,27174,0,,,,,,"{""type"": ""Point"", ""coordinates"": [-97.24944444444445, 49.916666666666664]}"
502S001.2023.9.20,2023-09-20 00:00:00,502S001,0,,33,,0.9,,20,9,2023,24.3,,17.1,,28,,9.9,,MB,,,32,,WINNIPEG A CS,27174,0,,,,,,"{""type"": ""Point"", ""coordinates"": [-97.24944444444445, 49.916666666666664]}"
502S001.2023.9.21,2023-09-21 00:00:00,502S001,0,,6,,2.3,,21,9,2023,19.7,,15.7,,46,,11.8,,MB,,,34,,WINNIPEG A CS,27174,6.5,,,,,,"{""type"": ""Point"", ""coordinates"": [-97.24944444444445, 49.916666666666664]}"
502S001.2023.9.22,2023-09-22 00:00:00,502S001,0,,8,,3.5,,22,9,2023,17.3,,14.5,,76,,11.8,,MB,,,37,,WINNIPEG A CS,27174,6.9,,,,,,"{""type"": ""Point"", ""coordinates"": [-97.24944444444445, 49.916666666666664]}"
502S001.2023.9.23,2023-09-23 00:00:00,502S001,0,,9,,2.6,,23,9,2023,18,,15.4,,83,,12.8,,MB,,,39,,WINNIPEG A CS,27174,1.2,,,,,,"{""type"": ""Point"", ""coordinates"": [-97.24944444444445, 49.916666666666664]}"
502S001.2023.9.24,2023-09-24 00:00:00,502S001,0,,6,,1.9,,24,9,2023,17.1,,16.1,,85,,15.1,,MB,,,38,,WINNIPEG A CS,27174,0.3,,,,,,"{""type"": ""Point"", ""coordinates"": [-97.24944444444445, 49.916666666666664]}"
502S001.2023.9.25,2023-09-25 00:00:00,502S001,0,,,,1.7,,25,9,2023,22,,16.3,,57,,10.6,,MB,,,,,WINNIPEG A CS,27174,0.1,,,,,,"{""type"": ""Point"", ""coordinates"": [-97.24944444444445, 49.916666666666664]}"
502S001.2023.9.26,2023-09-26 00:00:00,502S001,0,,15,,0.4,,26,9,2023,24.4,,17.6,,46,,10.8,,MB,,,36,,WINNIPEG A CS,27174,0,,,,,,"{""type"": ""Point"", ""coordinates"": [-97.24944444444445, 49.916666666666664]}"
502S001.2023.9.27,2023-09-27 00:00:00,502S001,0,,18,,1.4,,27,9,2023,22.5,,16.6,,54,,10.8,,MB,,,39,,WINNIPEG A CS,27174,0,,,,,,"{""type"": ""Point"", ""coordinates"": [-97.24944444444445, 49.916666666666664]}"
502S001.2023.9.28,2023-09-28 00:00:00,502S001,0,,16,,1.8,,28,9,2023,20.3,,16.2,,65,,12.2,,MB,,,54,,WINNIPEG A CS,27174,0.5,,,,,,"{""type"": ""Point"", ""coordinates"": [-97.24944444444445, 49.916666666666664]}"
502S001.2023.9.29,2023-09-29 00:00:00,502S001,0,,,,3.8,,29,9,2023,21.9,,14.2,,34,,6.4,,MB,,,,,WINNIPEG A CS,27174,0,,,,,,"{""type"": ""Point"", ""coordinates"": [-97.24944444444445, 49.916666666666664]}"
502S001.2023.9.30,2023-09-30 00:00:00,502S001,0,,10,,1.9,,30,9,2023,25.3,,16.1,,27,,7,,MB,,,34,,WINNIPEG A CS,27174,0,,,,,,"{""type"": ""Point"", ""coordinates"": [-97.24944444444445, 49.916666666666664]}"
502S001.2023.10.1,2023-10-01 00:00:00,502S001,2.3,,,,0,,1,10,2023,25,,20.3,,64,,15.6,,MB,,,,,WINNIPEG A CS,27174,0,,,,,,"{""type"": ""Point"", ""coordinates"": [-97.24944444444445, 49.916666666666664]}"
502S001.2023.10.2,2023-10-02 00:00:00,502S001,0,,1,,1.6,,2,10,2023,18.9,,16.4,,81,,14,,MB,,,39,,WINNIPEG A CS,27174,0,,,,,,"{""type"": ""Point"", ""coordinates"": [-97.24944444444445, 49.916666666666664]}"
502S001.2023.10.3,2023-10-03 00:00:00,502S001,0,,24,,0.7,,3,10,2023,22.5,,17.3,,64,,12.1,,MB,,,54,,WINNIPEG A CS,27174,36.2,,,,,,"{""type"": ""Point"", ""coordinates"": [-97.24944444444445, 49.916666666666664]}"
502S001.2023.10.4,2023-10-04 00:00:00,502S001,,M,,M,,M,4,10,2023,,M,,M,,M,,M,MB,,,,M,WINNIPEG A CS,27174,,M,,,,,"{""type"": ""Point"", ""coordinates"": [-97.24944444444445, 49.916666666666664]}"
502S001.2023.10.5,2023-10-05 00:00:00,502S001,0,,31,,7.5,,5,10,2023,13.3,,10.5,,73,,7.7,,MB,,,51,,WINNIPEG A CS,27174,22.2,,,,,,"{""type"": ""Point"", ""coordinates"": [-97.24944444444445, 49.916666666666664]}"
502S001.2023.10.6,2023-10-06 00:00:00,502S001,0,,33,,11.2,,6,10,2023,10.6,,6.8,,67,,3,,MB,,,58,,WINNIPEG A CS,27174,0.8,,,,,,"{""type"": ""Point"", ""coordinates"": [-97.24944444444445, 49.916666666666664]}"
502S001.2023.10.7,2023-10-07 00:00:00,502S001,0,,17,,12.6,,7,10,2023,10.3,,5.4,,64,,0.5,,MB,,,41,,WINNIPEG A CS,27174,0,,,,,,"{""type"": ""Point"", ""coordinates"": [-97.24944444444445, 49.916666666666664]}"
502S001.2023.10.8,2023-10-08 00:00:00,502S001,0,,,,12.1,,8,10,2023,13.5,,5.9,,,M,-1.7,,MB,,,,,WINNIPEG A CS,27174,0,,,,,,"{""type"": ""Point"", ""coordinates"": [-97.24944444444445, 49.916666666666664]}"
502S001.2023.10.9,2023-10-09 00:00:00,502S001,0,,,,12.3,,9,10,2023,12.5,,5.7,,48,,-1,,MB,,,,,WINNIPEG A CS,27174,0,,,,,,"{""type"": ""Point"", ""coordinates"": [-97.24944444444445, 49.916666666666664]}"
502S001.2023.10.10,2023-10-10 00:00:00,502S001,0,,,,13.6,,10,10,2023,12.8,,4.4,,36,,-4,,MB,,,,,WINNIPEG A CS,27174,0,,,,,,"{""type"": ""Point"", ""coordinates"": [-97.24944444444445, 49.916666666666664]}"
502S001.2023.10.11,2023-10-11 00:00:00,502S001,0,,,,11.9,,11,10,2023,11.1,,6.1,,59,,1.1,,MB,,,,,WINNIPEG A CS,27174,0,,,,,,"{""type"": ""Point"", ""coordinates"": [-97.24944444444445, 49.916666666666664]}"
502S001.2023.10.12,2023-10-12 00:00:00,502S001,0,,,M,8.3,,12,10,2023,15.5,,9.7,,50,,4,,MB,,,,M,WINNIPEG A CS,27174,0,,,,,,"{""type"": ""Point"", ""coordinates"": [-97.24944444444445, 49.916666666666664]}"
502S001.2023.10.13,2023-10-13 00:00:00,502S001,0,,,M,9.7,,13,10,2023,14.5,,8.3,,51,,2.1,,MB,,,,M,WINNIPEG A CS,27174,0,,,,,,"{""type"": ""Point"", ""coordinates"": [-97.24944444444445, 49.916666666666664]}"
502S001.2023.10.14,2023-10-14 00:00:00,502S001,0,,,M,12.2,,14,10,2023,11.4,,5.8,,55,,0.1,,MB,,,,M,WINNIPEG A CS,27174,0,,,,,,"{""type"": ""Point"", ""coordinates"": [-97.24944444444445, 49.916666666666664]}"
502S001.2023.10.15,2023-10-15 00:00:00,502S001,0,,,M,10.7,,15,10,2023,16.2,,7.3,,40,,-1.5,,MB,,,,M,WINNIPEG A CS,27174,0,,,,,,"{""type"": ""Point"", ""coordinates"": [-97.24944444444445, 49.916666666666664]}"
502S001.2023.10.16,2023-10-16 00:00:00,502S001,0,,,M,10.1,,16,10,2023,16.9,,7.9,,36,,-1.1,,MB,,,,M,WINNIPEG A CS,27174,0,,,,,,"{""type"": ""Point"", ""coordinates"": [-97.24944444444445, 49.916666666666664]}"
502S001.2023.10.17,2023-10-17 00:00:00,502S001,0,,,M,8.6,,17,10,2023,16.4,,9.4,,53,,2.5,,MB,,,,M,WINNIPEG A CS,27174,0.5,,,,,,"{""type"": ""Point"", ""coordinates"": [-97.24944444444445, 49.916666666666664]}"
502S001.2023.10.18,2023-10-18 00:00:00,502S001,0,,,M,5.9,,18,10,2023,18.3,,12.1,,54,,5.9,,MB,,,,M,WINNIPEG A CS,27174,0,,,,,,"{""type"": ""Point"", ""coordinates"": [-97.24944444444445, 49.916666666666664]}"
502S001.2023.10.19,2023-10-19 00:00:00,502S001,0,,,M,6.4,,19,10,2023,17.4,,11.6,,53,,5.8,,MB,,,,M,WINNIPEG A CS,27174,0,,,,,,"{""type"": ""Point"", ""coordinates"": [-97.24944444444445, 49.916666666666664]}"
502S001.2023.10.20,2023-10-20 00:00:00,502S001,0,,,M,8.8,,20,10,2023,16.7,,9.2,,56,,1.6,,MB,,,,M,WINNIPEG A CS,27174,1.1,,,,,,"{""type"": ""Point"", ""coordinates"": [-97.24944444444445, 49.916666666666664]}"
502S001.2023.10.21,2023-10-21 00:00:00,502S001,0,,,M,8.8,,21,10,2023,12.9,,9.2,,69,,5.4,,MB,,,,M,WINNIPEG A CS,27174,0,,,,,,"{""type"": ""Point"", ""coordinates"": [-97.24944444444445, 49.916666666666664]}"
502S001.2023.10.22,2023-10-22 00:00:00,502S001,0,,,M,7.4,,22,10,2023,13.1,,10.6,,69,,8.1,,MB,,,,M,WINNIPEG A CS,27174,0.4,,,,,,"{""type"": ""Point"", ""coordinates"": [-97.24944444444445, 49.916666666666664]}"
502S001.2023.10.23,2023-10-23 00:00:00,502S001,0,,,M,11.8,,23,10,2023,10.4,,6.2,,80,,2,,MB,,,,M,WINNIPEG A CS,27174,1.9,,,,,,"{""type"": ""Point"", ""coordinates"": [-97.24944444444445, 49.916666666666664]}"
502S001.2023.10.24,2023-10-24 00:00:00,502S001,0,,,M,15.5,,24,10,2023,5.7,,2.5,,52,,-0.7,,MB,,,,M,WINNIPEG A CS,27174,0,,,,,,"{""type"": ""Point"", ""coordinates"": [-97.24944444444445, 49.916666666666664]}"
502S001.2023.10.25,2023-10-25 00:00:00,502S001,0,,,M,17.4,,25,10,2023,2.7,,0.6,,62,,-1.4,,MB,,,,M,WINNIPEG A CS,27174,2.7,,,,,,"{""type"": ""Point"", ""coordinates"": [-97.24944444444445, 49.916666666666664]}"
502S001.2023.10.26,2023-10-26 00:00:00,502S001,0,,,M,17.6,,26,10,2023,2.4,,0.4,,74,,-1.5,,MB,3,,,M,WINNIPEG A CS,27174,2.5,,,,,,"{""type"": ""Point"", ""coordinates"": [-97.24944444444445, 49.916666666666664]}"
502S001.2023.10.27,2023-10-27 00:00:00,502S001,0,,,M,19.8,,27,10,2023,0.7,,-1.8,,,M,-4.3,,MB,9,,,M,WINNIPEG A CS,27174,6.5,,,,,,"{""type"": ""Point"", ""coordinates"": [-97.24944444444445, 49.916666666666664]}"
502S001.2023.10.28,2023-10-28 00:00:00,502S001,,M,,M,,M,28,10,2023,,M,,M,,M,,M,MB,8,,,M,WINNIPEG A CS,27174,,M,,,,,"{""type"": ""Point"", ""coordinates"": [-97.24944444444445, 49.916666666666664]}"
502S001.2023.10.29,2023-10-29 00:00:00,502S001,0,,,M,25.9,,29,10,2023,-4,,-7.9,,68,,-11.9,,MB,7,,,M,WINNIPEG A CS,27174,0,,,,,,"{""type"": ""Point"", ""coordinates"": [-97.24944444444445, 49.916666666666664]}"
502S001.2023.10.30,2023-10-30 00:00:00,502S001,0,,,M,22.9,,30,10,2023,-1.6,,-4.9,,74,,-8.3,,MB,7,,,M,WINNIPEG A CS,27174,1.3,,,,,,"{""type"": ""Point"", ""coordinates"": [-97.24944444444445, 49.916666666666664]}"
502S001.2023.10.31,2023-10-31 00:00:00,502S001,0,,,M,26.2,,31,10,2023,-4.2,,-8.2,,64,,-12.1,,MB,5,,,M,WINNIPEG A CS,27174,0,,,,,,"{""type"": ""Point"", ""coordinates"": [-97.24944444444445, 49.916666666666664]}"
502S001.2023.11.1,2023-11-01 00:00:00,502S001,0,,,M,21.7,,1,11,2023,0.2,,-3.7,,75,,-7.6,,MB,4,,,M,WINNIPEG A CS,27174,0,,,,,,"{""type"": ""Point"", ""coordinates"": [-97.24944444444445, 49.916666666666664]}"
502S001.2023.11.2,2023-11-02 00:00:00,502S001,0,,,M,19,,2,11,2023,0.2,,-1,,75,,-2.2,,MB,4,,,M,WINNIPEG A CS,27174,0,,,,,,"{""type"": ""Point"", ""coordinates"": [-97.24944444444445, 49.916666666666664]}"
502S001.2023.11.3,2023-11-03 00:00:00,502S001,0,,,M,22.7,,3,11,2023,-1.2,,-4.7,,60,,-8.1,,MB,3,,,M,WINNIPEG A CS,27174,0,,,,,,"{""type"": ""Point"", ""coordinates"": [-97.24944444444445, 49.916666666666664]}"
502S001.2023.11.4,2023-11-04 00:00:00,502S001,0,,,M,21,,4,11,2023,1.2,,-3,,73,,-7.2,,MB,4,,,M,WINNIPEG A CS,27174,0,,,,,,"{""type"": ""Point"", ""coordinates"": [-97.24944444444445, 49.916666666666664]}"
502S001.2023.11.5,2023-11-05 00:00:00,502S001,0,,,M,18,,5,11,2023,1.3,,0,,80,,-1.3,,MB,3,,,M,WINNIPEG A CS,27174,6.1,,,,,,"{""type"": ""Point"", ""coordinates"": [-97.24944444444445, 49.916666666666664]}"
502S001.2023.11.6,2023-11-06 00:00:00,502S001,0,,,M,18.3,,6,11,2023,0.9,,-0.3,,,M,-1.5,,MB,2,,,M,WINNIPEG A CS,27174,2,,,,,,"{""type"": ""Point"", ""coordinates"": [-97.24944444444445, 49.916666666666664]}"
502S001.2023.11.7,2023-11-07 00:00:00,502S001,0,,,M,17.6,,7,11,2023,1.6,,0.4,,,M,-0.8,,MB,1,,,M,WINNIPEG A CS,27174,15.1,,,,,,"{""type"": ""Point"", ""coordinates"": [-97.24944444444445, 49.916666666666664]}"
502S001.2023.11.8,2023-11-08 00:00:00,502S001,0,,,M,16.9,,8,11,2023,2.3,,1.1,,,M,-0.2,,MB,1,,,M,WINNIPEG A CS,27174,2.1,,,,,,"{""type"": ""Point"", ""coordinates"": [-97.24944444444445, 49.916666666666664]}"
502S001.2023.11.9,2023-11-09 00:00:00,502S001,0,,,M,18.8,,9,11,2023,-0.1,,-0.8,,,M,-1.5,,MB,7,,,M,WINNIPEG A CS,27174,1.1,,,,,,"{""type"": ""Point"", ""coordinates"": [-97.24944444444445, 49.916666666666664]}"
502S001.2023.11.10,2023-11-10 00:00:00,502S001,0,,,M,19.3,,10,11,2023,0.4,,-1.3,,86,,-3,,MB,6,,,M,WINNIPEG A CS,27174,0,,,,,,"{""type"": ""Point"", ""coordinates"": [-97.24944444444445, 49.916666666666664]}"
502S001.2023.11.11,2023-11-11 00:00:00,502S001,0,,,M,20.4,,11,11,2023,-0.4,,-2.4,,87,,-4.3,,MB,4,,,M,WINNIPEG A CS,27174,0,,,,,,"{""type"": ""Point"", ""coordinates"": [-97.24944444444445, 49.916666666666664]}"
502S001.2023.11.12,2023-11-12 00:00:00,502S001,0,,,M,16.5,,12,11,2023,5.5,,1.5,,71,,-2.5,,MB,4,,,M,WINNIPEG A CS,27174,1.9,,,,,,"{""type"": ""Point"", ""coordinates"": [-97.24944444444445, 49.916666666666664]}"
502S001.2023.11.13,2023-11-13 00:00:00,502S001,0,,,M,15.8,,13,11,2023,6.1,,2.2,,60,,-1.7,,MB,,,,M,WINNIPEG A CS,27174,0,,,,,,"{""type"": ""Point"", ""coordinates"": [-97.24944444444445, 49.916666666666664]}"
502S001.2023.11.14,2023-11-14 00:00:00,502S001,0,,,M,12.5,,14,11,2023,9.7,,5.5,,48,,1.2,,MB,,,,M,WINNIPEG A CS,27174,0,,,,,,"{""type"": ""Point"", ""coordinates"": [-97.24944444444445, 49.916666666666664]}"
502S001.2023.11.15,2023-11-15 00:00:00,502S001,0,,,M,14.6,,15,11,2023,8.8,,3.4,,51,,-1.9,,MB,,,,M,WINNIPEG A CS,27174,0,,,,,,"{""type"": ""Point"", ""coordinates"": [-97.24944444444445, 49.916666666666664]}"
502S001.2023.11.16,2023-11-16 00:00:00,502S001,0,,,M,20.3,,16,11,2023,2.3,,-2.3,,,M,-6.9,,MB,,,,M,WINNIPEG A CS,27174,3.2,,,,,,"{""type"": ""Point"", ""coordinates"": [-97.24944444444445, 49.916666666666664]}"
502S001.2023.11.17,2023-11-17 00:00:00,502S001,0,,,M,20.3,,17,11,2023,2.1,,-2.3,,71,,-6.7,,MB,3,,,M,WINNIPEG A CS,27174,0,,,,,,"{""type"": ""Point"", ""coordinates"": [-97.24944444444445, 49.916666666666664]}"
502S001.2023.11.18,2023-11-18 00:00:00,502S001,0,,,M,17.5,,18,11,2023,5.8,,0.5,,63,,-4.8,,MB,1,,,M,WINNIPEG A CS,27174,0,,,,,,"{""type"": ""Point"", ""coordinates"": [-97.24944444444445, 49.916666666666664]}"
502S001.2023.11.19,2023-11-19 00:00:00,502S001,0,,,M,15.1,,19,11,2023,8.7,,2.9,,59,,-2.9,,MB,,,,M,WINNIPEG A CS,27174,0,,,,,,"{""type"": ""Point"", ""coordinates"": [-97.24944444444445, 49.916666666666664]}"
502S001.2023.11.20,2023-11-20 00:00:00,502S001,0,,,M,12.7,,20,11,2023,9.6,,5.3,,57,,1.1,,MB,,,,M,WINNIPEG A CS,27174,0,,,,,,"{""type"": ""Point"", ""coordinates"": [-97.24944444444445, 49.916666666666664]}"
502S001.2023.11.21,2023-11-21 00:00:00,502S001,0,,,M,21,,21,11,2023,1.1,,-3,,44,,-7.1,,MB,,,,M,WINNIPEG A CS,27174,0,,,,,,"{""type"": ""Point"", ""coordinates"": [-97.24944444444445, 49.916666666666664]}"
502S001.2023.11.22,2023-11-22 00:00:00,502S001,0,,,M,23.6,,22,11,2023,0.1,,-5.6,,48,,-11.3,,MB,,,,M,WINNIPEG A CS,27174,0,,,,,,"{""type"": ""Point"", ""coordinates"": [-97.24944444444445, 49.916666666666664]}"
502S001.2023.11.23,2023-11-23 00:00:00,502S001,0,,,M,28.7,,23,11,2023,-7.7,,-10.7,,49,,-13.8,,MB,,,,M,WINNIPEG A CS,27174,0,,,,,,"{""type"": ""Point"", ""coordinates"": [-97.24944444444445, 49.916666666666664]}"
502S001.2023.11.24,2023-11-24 00:00:00,502S001,0,,,M,25.5,,24,11,2023,-1.4,,-7.5,,24,,-13.6,,MB,,,,M,WINNIPEG A CS,27174,0,,,,,,"{""type"": ""Point"", ""coordinates"": [-97.24944444444445, 49.916666666666664]}"
502S001.2023.11.25,2023-11-25 00:00:00,502S001,0,,,M,22.2,,25,11,2023,0.6,,-4.2,,50,,-9.1,,MB,,,,M,WINNIPEG A CS,27174,0.8,,,,,,"{""type"": ""Point"", ""coordinates"": [-97.24944444444445, 49.916666666666664]}"
502S001.2023.11.26,2023-11-26 00:00:00,502S001,0,,,M,26.9,,26,11,2023,-1.1,,-8.9,,62,,-16.7,,MB,,,,M,WINNIPEG A CS,27174,0,,,,,,"{""type"": ""Point"", ""coordinates"": [-97.24944444444445, 49.916666666666664]}"
502S001.2023.11.27,2023-11-27 00:00:00,502S001,0,,,M,32.9,,27,11,2023,-11.3,,-14.9,,70,,-18.6,,MB,,,,M,WINNIPEG A CS,27174,0,,,,,,"{""type"": ""Point"", ""coordinates"": [-97.24944444444445, 49.916666666666664]}"
502S001.2023.11.28,2023-11-28 00:00:00,502S001,0,,,M,24.1,,28,11,2023,2.8,,-6.1,,67,,-15,,MB,,,,M,WINNIPEG A CS,27174,0,,,,,,"{""type"": ""Point"", ""coordinates"": [-97.24944444444445, 49.916666666666664]}"
502S001.2023.11.29,2023-11-29 00:00:00,502S001,0,,,M,18.4,,29,11,2023,4.5,,-0.4,,63,,-5.2,,MB,,,,M,WINNIPEG A CS,27174,0,,,,,,"{""type"": ""Point"", ""coordinates"": [-97.24944444444445, 49.916666666666664]}"
502S001.2023.11.30,2023-11-30 00:00:00,502S001,,M,,M,,M,30,11,2023,,M,,M,,M,,M,MB,,,,M,WINNIPEG A CS,27174,,M,,,,,"{""type"": ""Point"", ""coordinates"": [-97.24944444444445, 49.916666666666664]}"
502S001.2023.12.1,2023-12-01 00:00:00,502S001,0,,21,,21.8,,1,12,2023,1.8,,-3.8,,50,,-9.5,,MB,,,31,,WINNIPEG A CS,27174,0,,,,,,"{""type"": ""Point"", ""coordinates"": [-97.24944444444445, 49.916666666666664]}"
502S001.2023.12.2,2023-12-02 00:00:00,502S001,0,,17,,19.7,,2,12,2023,2.1,,-1.7,,54,,-5.4,,MB,,,51,,WINNIPEG A CS,27174,0,,,,,,"{""type"": ""Point"", ""coordinates"": [-97.24944444444445, 49.916666666666664]}"
502S001.2023.12.3,2023-12-03 00:00:00,502S001,0,,17,,23.1,,3,12,2023,1.5,,-5.1,,72,,-11.6,,MB,,,38,,WINNIPEG A CS,27174,0,,,,,,"{""type"": ""Point"", ""coordinates"": [-97.24944444444445, 49.916666666666664]}"
502S001.2023.12.4,2023-12-04 00:00:00,502S001,0,,,,26.1,,4,12,2023,-3.8,,-8.1,,92,,-12.3,,MB,,,,,WINNIPEG A CS,27174,0,,,,,,"{""type"": ""Point"", ""coordinates"": [-97.24944444444445, 49.916666666666664]}"
502S001.2023.12.5,2023-12-05 00:00:00,502S001,0,,17,,22.6,,5,12,2023,-3.2,,-4.6,,93,,-6,,MB,,,44,,WINNIPEG A CS,27174,0,,,,,,"{""type"": ""Point"", ""coordinates"": [-97.24944444444445, 49.916666666666664]}"
502S001.2023.12.6,2023-12-06 00:00:00,502S001,0,,18,,16.2,,6,12,2023,6.9,,1.8,,63,,-3.2,,MB,1,,47,,WINNIPEG A CS,27174,0,,,,,,"{""type"": ""Point"", ""coordinates"": [-97.24944444444445, 49.916666666666664]}"
502S001.2023.12.7,2023-12-07 00:00:00,502S001,0,,,,14.3,,7,12,2023,8.6,,3.7,,63,,-1.3,,MB,0,,,,WINNIPEG A CS,27174,0,,,,,,"{""type"": ""Point"", ""coordinates"": [-97.24944444444445, 49.916666666666664]}"
502S001.2023.12.8,2023-12-08 00:00:00,502S001,0,,35,,18.2,,8,12,2023,3.1,,-0.2,,,M,-3.5,,MB,1,,58,,WINNIPEG A CS,27174,2.2,,,,,,"{""type"": ""Point"", ""coordinates"": [-97.24944444444445, 49.916666666666664]}"
502S001.2023.12.9,2023-12-09 00:00:00,502S001,0,,35,,22.5,,9,12,2023,-3.4,,-4.5,,93,,-5.5,,MB,2,,58,,WINNIPEG A CS,27174,0,,,,,,"{""type"": ""Point"", ""coordinates"": [-97.24944444444445, 49.916666666666664]}"
502S001.2023.12.10,2023-12-10 00:00:00,502S001,0,,17,,25.8,,10,12,2023,-4.8,,-7.8,,90,,-10.8,,MB,1,,34,,WINNIPEG A CS,27174,0,,,,,,"{""type"": ""Point"", ""coordinates"": [-97.24944444444445, 49.916666666666664]}"
502S001.2023.12.11,2023-12-11 00:00:00,502S001,0,,33,,24.5,,11,12,2023,-2.5,,-6.5,,74,,-10.5,,MB,1,,54,,WINNIPEG A CS,27174,0,,,,,,"{""type"": ""Point"", ""coordinates"": [-97.24944444444445, 49.916666666666664]}"
502S001.2023.12.12,2023-12-12 00:00:00,502S001,0,,30,,28.8,,12,12,2023,-7,,-10.8,,63,,-14.7,,MB,3,,47,,WINNIPEG A CS,27174,0,,,,,,"{""type"": ""Point"", ""coordinates"": [-97.24944444444445, 49.916666666666664]}"
502S001.2023.12.13,2023-12-13 00:00:00,502S001,0,,20,,25.6,,13,12,2023,-0.8,,-7.6,,79,,-14.3,,MB,3,,48,,WINNIPEG A CS,27174,0,,,,,,"{""type"": ""Point"", ""coordinates"": [-97.24944444444445, 49.916666666666664]}"
502S001.2023.12.14,2023-12-14 00:00:00,502S001,0,,20,,20.8,,14,12,2023,3.1,,-2.8,,71,,-8.8,,MB,4,,43,,WINNIPEG A CS,27174,0,,,,,,"{""type"": ""Point"", ""coordinates"": [-97.24944444444445, 49.916666666666664]}"
502S001.2023.12.15,2023-12-15 00:00:00,502S001,0,,,,24.1,,15,12,2023,-0.1,,-6.1,,73,,-12.2,,MB,2,,,,WINNIPEG A CS,27174,0,,,,,,"{""type"": ""Point"", ""coordinates"": [-97.24944444444445, 49.916666666666664]}"
502S001.2023.12.16,2023-12-16 00:00:00,502S001,0,,18,,25.1,,16,12,2023,-1.2,,-7.1,,72,,-13,,MB,2,,40,,WINNIPEG A CS,27174,0,,,,,,"{""type"": ""Point"", ""coordinates"": [-97.24944444444445, 49.916666666666664]}"
502S001.2023.12.17,2023-12-17 00:00:00,502S001,0,,32,,26.4,,17,12,2023,-1.4,,-8.4,,63,,-15.4,,MB,3,,54,,WINNIPEG A CS,27174,0.4,,,,,,"{""type"": ""Point"", ""coordinates"": [-97.24944444444445, 49.916666666666664]}"
502S001.2023.12.18,2023-12-18 00:00:00,502S001,0,,18,,32.2,,18,12,2023,-7.7,,-14.2,,67,,-20.6,,MB,3,,53,,WINNIPEG A CS,27174,0,,,,,,"{""type"": ""Point"", ""coordinates"": [-97.24944444444445, 49.916666666666664]}"
502S001.2023.12.19,2023-12-19 00:00:00,502S001,0,,18,,26.2,,19,12,2023,-4.2,,-8.2,,76,,-12.2,,MB,3,,46,,WINNIPEG A CS,27174,0,,,,,,"{""type"": ""Point"", ""coordinates"": [-97.24944444444445, 49.916666666666664]}"
502S001.2023.12.20,2023-12-20 00:00:00,502S001,0,,15,,24.2,,20,12,2023,-0.6,,-6.2,,75,,-11.9,,MB,4,,41,,WINNIPEG A CS,27174,0,,,,,,"{""type"": ""Point"", ""coordinates"": [-97.24944444444445, 49.916666666666664]}"
502S001.2023.12.21,2023-12-21 00:00:00,502S001,0,,17,,21,,21,12,2023,0.5,,-3,,76,,-6.5,,MB,3,,58,,WINNIPEG A CS,27174,0,,,,,,"{""type"": ""Point"", ""coordinates"": [-97.24944444444445, 49.916666666666664]}"
502S001.2023.12.22,2023-12-22 00:00:00,502S001,0,,17,,22.2,,22,12,2023,-0.3,,-4.2,,,M,-8.2,,MB,3,,33,,WINNIPEG A CS,27174,0,,,,,,"{""type"": ""Point"", ""coordinates"": [-97.24944444444445, 49.916666666666664]}"
502S001.2023.12.23,2023-12-23 00:00:00,502S001,0,,17,,17.5,,23,12,2023,1.3,,0.5,,,M,-0.3,,MB,3,,44,,WINNIPEG A CS,27174,0.1,,,,,,"{""type"": ""Point"", ""coordinates"": [-97.24944444444445, 49.916666666666664]}"
502S001.2023.12.24,2023-12-24 00:00:00,502S001,0,,34,,22.9,,24,12,2023,1.5,,-4.9,,,M,-11.3,,MB,2,,39,,WINNIPEG A CS,27174,2,,,,,,"{""type"": ""Point"", ""coordinates"": [-97.24944444444445, 49.916666666666664]}"
502S001.2023.12.25,2023-12-25 00:00:00,502S001,0,,,,29.3,,25,12,2023,-7.1,,-11.3,,86,,-15.6,,MB,2,,,,WINNIPEG A CS,27174,0,,,,,,"{""type"": ""Point"", ""coordinates"": [-97.24944444444445, 49.916666666666664]}"
502S001.2023.12.26,2023-12-26 00:00:00,502S001,0,,,,25.7,,26,12,2023,-4.1,,-7.7,,83,,-11.2,,MB,2,,,,WINNIPEG A CS,27174,0,,,,,,"{""type"": ""Point"", ""coordinates"": [-97.24944444444445, 49.916666666666664]}"
502S001.2023.12.27,2023-12-27 00:00:00,502S001,0,,,,23.8,,27,12,2023,0.7,,-5.8,,66,,-12.2,,MB,1,,,,WINNIPEG A CS,27174,0,,,,,,"{""type"": ""Point"", ""coordinates"": [-97.24944444444445, 49.916666666666664]}"
502S001.2023.12.28,2023-12-28 00:00:00,502S001,0,,,,25.9,,28,12,2023,-2.6,,-7.9,,66,,-13.3,,MB,1,,,,WINNIPEG A CS,27174,0,,,,,,"{""type"": ""Point"", ""coordinates"": [-97.24944444444445, 49.916666666666664]}"
502S001.2023.12.29,2023-12-29 00:00:00,502S001,0,,31,,24,,29,12,2023,-1.9,,-6,,80,,-10.1,,MB,2,,35,,WINNIPEG A CS,27174,0,,,,,,"{""type"": ""Point"", ""coordinates"": [-97.24944444444445, 49.916666666666664]}"
502S001.2023.12.30,2023-12-30 00:00:00,502S001,0,,1,,26,,30,12,2023,-4.6,,-8,,79,,-11.4,,MB,3,,49,,WINNIPEG A CS,27174,0,,,,,,"{""type"": ""Point"", ""coordinates"": [-97.24944444444445, 49.916666666666664]}"
502S001.2023.12.31,2023-12-31 00:00:00,502S001,0,,,,29.9,,31,12,2023,-7.1,,-11.9,,72,,-16.7,,MB,2,,,,WINNIPEG A CS,27174,0,,,,,,"{""type"": ""Point"", ""coordinates"": [-97.24944444444445, 49.916666666666664]}"
502S001.2024.1.1,2024-01-01 00:00:00,502S001,0,,21,,24.1,,1,1,2024,-1.4,,-6.1,,73,,-10.9,,MB,2,,57,,WINNIPEG A CS,27174,0,,,,,,"{""type"": ""Point"", ""coordinates"": [-97.24944444444445, 49.916666666666664]}"
502S001.2024.1.2,2024-01-02 00:00:00,502S001,0,,32,,21.6,,2,1,2024,-0.4,,-3.6,,78,,-6.8,,MB,2,,34,,WINNIPEG A CS,27174,0,,,,,,"{""type"": ""Point"", ""coordinates"": [-97.24944444444445, 49.916666666666664]}"
502S001.2024.1.3,2024-01-03 00:00:00,502S001,0,,36,,26.3,,3,1,2024,-6.8,,-8.3,,71,,-9.7,,MB,3,,39,,WINNIPEG A CS,27174,0.1,,,,,,"{""type"": ""Point"", ""coordinates"": [-97.24944444444445, 49.916666666666664]}"
502S001.2024.1.4,2024-01-04 00:00:00,502S001,0,,17,,26.4,,4,1,2024,-4.8,,-8.4,,76,,-12.1,,MB,2,,46,,WINNIPEG A CS,27174,0,,,,,,"{""type"": ""Point"", ""coordinates"": [-97.24944444444445, 49.916666666666664]}"
502S001.2024.1.5,2024-01-05 00:00:00,502S001,0,,,,23.2,,5,1,2024,-4.4,,-5.2,,81,,-6,,MB,2,,,,WINNIPEG A CS,27174,0.4,,,,,,"{""type"": ""Point"", ""coordinates"": [-97.24944444444445, 49.916666666666664]}"
502S001.2024.1.6,2024-01-06 00:00:00,502S001,0,,,,30.8,,6,1,2024,-6,,-12.8,,82,,-19.5,,MB,4,,,,WINNIPEG A CS,27174,1,,,,,,"{""type"": ""Point"", ""coordinates"": [-97.24944444444445, 49.916666666666664]}"
502S001.2024.1.7,2024-01-07 00:00:00,502S001,0,,,,34.6,,7,1,2024,-14.1,,-16.6,,83,,-19.1,,MB,6,,,,WINNIPEG A CS,27174,0,,,,,,"{""type"": ""Point"", ""coordinates"": [-97.24944444444445, 49.916666666666664]}"
502S001.2024.1.8,2024-01-08 00:00:00,502S001,0,,,,33.6,,8,1,2024,-12.9,,-15.6,,83,,-18.4,,MB,6,,,,WINNIPEG A CS,27174,1.4,,,,,,"{""type"": ""Point"", ""coordinates"": [-97.24944444444445, 49.916666666666664]}"
502S001.2024.1.9,2024-01-09 00:00:00,502S001,0,,,,37.4,,9,1,2024,-13.1,,-19.4,,76,,-25.8,,MB,8,,,,WINNIPEG A CS,27174,0,,,,,,"{""type"": ""Point"", ""coordinates"": [-97.24944444444445, 49.916666666666664]}"
502S001.2024.1.10,2024-01-10 00:00:00,502S001,,M,,M,,M,10,1,2024,,M,,M,,M,,M,MB,9,,,M,WINNIPEG A CS,27174,,M,,,,,"{""type"": ""Point"", ""coordinates"": [-97.24944444444445, 49.916666666666664]}"
502S001.2024.1.11,2024-01-11 00:00:00,502S001,0,,36,,32.3,,11,1,2024,-9.3,,-14.3,,80,,-19.3,,MB,10,,49,,WINNIPEG A CS,27174,0.4,,,,,,"{""type"": ""Point"", ""coordinates"": [-97.24944444444445, 49.916666666666664]}"
502S001.2024.1.12,2024-01-12 00:00:00,502S001,0,,1,,41.6,,12,1,2024,-18.7,,-23.6,,74,,-28.5,,MB,11,,37,,WINNIPEG A CS,27174,0,,,,,,"{""type"": ""Point"", ""coordinates"": [-97.24944444444445, 49.916666666666664]}"
502S001.2024.1.13,2024-01-13 00:00:00,502S001,0,,1,,42.4,,13,1,2024,-20.1,,-24.4,,71,,-28.8,,MB,10,,42,,WINNIPEG A CS,27174,0,,,,,,"{""type"": ""Point"", ""coordinates"": [-97.24944444444445, 49.916666666666664]}"
502S001.2024.1.14,2024-01-14 00:00:00,502S001,0,,28,,44.1,,14,1,2024,-23.2,,-26.1,,67,,-29,,MB,7,,32,,WINNIPEG A CS,27174,0,,,,,,"{""type"": ""Point"", ""coordinates"": [-97.24944444444445, 49.916666666666664]}"
502S001.2024.1.15,2024-01-15 00:00:00,502S001,0,,28,,41.2,,15,1,2024,-19.4,,-23.2,,69,,-27.1,,MB,7,,43,,WINNIPEG A CS,27174,3,,,,,,"{""type"": ""Point"", ""coordinates"": [-97.24944444444445, 49.916666666666664]}"
502S001.2024.1.16,2024-01-16 00:00:00,502S001,0,,26,,38.6,,16,1,2024,-17,,-20.6,,70,,-24.2,,MB,7,,41,,WINNIPEG A CS,27174,0,,,,,,"{""type"": ""Point"", ""coordinates"": [-97.24944444444445, 49.916666666666664]}"
502S001.2024.1.17,2024-01-17 00:00:00,502S001,0,,,,39.9,,17,1,2024,-16.9,,-21.9,,75,,-26.9,,MB,7,,,,WINNIPEG A CS,27174,0,,,,,,"{""type"": ""Point"", ""coordinates"": [-97.24944444444445, 49.916666666666664]}"
502S001.2024.1.18,2024-01-18 00:00:00,502S001,0,,,,42.2,,18,1,2024,-18.5,,-24.2,,71,,-30,,MB,7,,,,WINNIPEG A CS,27174,0.3,,,,,,"{""type"": ""Point"", ""coordinates"": [-97.24944444444445, 49.916666666666664]}"
502S001.2024.1.19,2024-01-19 00:00:00,502S001,0,,,,39.6,,19,1,2024,-16,,-21.6,,73,,-27.3,,MB,7,,,,WINNIPEG A CS,27174,0,,,,,,"{""type"": ""Point"", ""coordinates"": [-97.24944444444445, 49.916666666666664]}"
502S001.2024.1.20,2024-01-20 00:00:00,502S001,0,,18,,34.3,,20,1,2024,-14.3,,-16.3,,77,,-18.3,,MB,7,,69,,WINNIPEG A CS,27174,0,,,,,,"{""type"": ""Point"", ""coordinates"": [-97.24944444444445, 49.916666666666664]}"
502S001.2024.1.21,2024-01-21 00:00:00,502S001,0,,18,,29.6,,21,1,2024,-8.9,,-11.6,,76,,-14.3,,MB,8,,55,,WINNIPEG A CS,27174,0,,,,,,"{""type"": ""Point"", ""coordinates"": [-97.24944444444445, 49.916666666666664]}"
502S001.2024.1.22,2024-01-22 00:00:00,502S001,0,,2,,29.3,,22,1,2024,-9.7,,-11.3,,76,,-12.9,,MB,8,,38,,WINNIPEG A CS,27174,0.4,,,,,,"{""type"": ""Point"", ""coordinates"": [-97.24944444444445, 49.916666666666664]}"
502S001.2024.1.23,2024-01-23 00:00:00,502S001,0,,19,,26.1,,23,1,2024,-1.8,,-8.1,,75,,-14.3,,MB,9,,53,,WINNIPEG A CS,27174,0,,,,,,"{""type"": ""Point"", ""coordinates"": [-97.24944444444445, 49.916666666666664]}"
502S001.2024.1.24,2024-01-24 00:00:00,502S001,0,,18,,20,,24,1,2024,-1.2,,-2,,87,,-2.8,,MB,9,,55,,WINNIPEG A CS,27174,0,,,,,,"{""type"": ""Point"", ""coordinates"": [-97.24944444444445, 49.916666666666664]}"
502S001.2024.1.25,2024-01-25 00:00:00,502S001,0,,,,20.8,,25,1,2024,-1.8,,-2.8,,90,,-3.7,,MB,9,,,,WINNIPEG A CS,27174,0,,,,,,"{""type"": ""Point"", ""coordinates"": [-97.24944444444445, 49.916666666666664]}"
502S001.2024.1.26,2024-01-26 00:00:00,502S001,0,,19,,24.6,,26,1,2024,-2.9,,-6.6,,90,,-10.2,,MB,9,,39,,WINNIPEG A CS,27174,0,,,,,,"{""type"": ""Point"", ""coordinates"": [-97.24944444444445, 49.916666666666664]}"
502S001.2024.1.27,2024-01-27 00:00:00,502S001,0,,,,26.7,,27,1,2024,-3.1,,-8.7,,78,,-14.2,,MB,8,,,,WINNIPEG A CS,27174,0,,,,,,"{""type"": ""Point"", ""coordinates"": [-97.24944444444445, 49.916666666666664]}"
502S001.2024.1.28,2024-01-28 00:00:00,502S001,0,,,,21.5,,28,1,2024,0.3,,-3.5,,74,,-7.3,,MB,8,,,,WINNIPEG A CS,27174,0,,,,,,"{""type"": ""Point"", ""coordinates"": [-97.24944444444445, 49.916666666666664]}"
502S001.2024.1.29,2024-01-29 00:00:00,502S001,0,,31,,19.8,,29,1,2024,2.5,,-1.8,,82,,-6.1,,MB,8,,45,,WINNIPEG A CS,27174,0,,,,,,"{""type"": ""Point"", ""coordinates"": [-97.24944444444445, 49.916666666666664]}"
502S001.2024.1.30,2024-01-30 00:00:00,502S001,0,,19,,16.6,,30,1,2024,3.4,,1.4,,,M,-0.6,,MB,7,,45,,WINNIPEG A CS,27174,0,,,,,,"{""type"": ""Point"", ""coordinates"": [-97.24944444444445, 49.916666666666664]}"
502S001.2024.1.31,2024-01-31 00:00:00,502S001,0,,27,,17.7,,31,1,2024,4.7,,0.3,,70,,-4.1,,MB,5,,31,,WINNIPEG A CS,27174,0,,,,,,"{""type"": ""Point"", ""coordinates"": [-97.24944444444445, 49.916666666666664]}"
502S001.2024.2.1,2024-02-01 00:00:00,502S001,0,,,,19.9,,1,2,2024,0.6,,-1.9,,,M,-4.5,,MB,3,,,,WINNIPEG A CS,27174,0,,,,,,"{""type"": ""Point"", ""coordinates"": [-97.24944444444445, 49.916666666666664]}"
502S001.2024.2.2,2024-02-02 00:00:00,502S001,0,,18,,19.5,,2,2,2024,1.5,,-1.5,,84,,-4.4,,MB,3,,43,,WINNIPEG A CS,27174,0,,,,,,"{""type"": ""Point"", ""coordinates"": [-97.24944444444445, 49.916666666666664]}"
502S001.2024.2.3,2024-02-03 00:00:00,502S001,0,,18,,18.6,,3,2,2024,1.5,,-0.6,,,M,-2.7,,MB,1,,41,,WINNIPEG A CS,27174,0,,,,,,"{""type"": ""Point"", ""coordinates"": [-97.24944444444445, 49.916666666666664]}"
502S001.2024.2.4,2024-02-04 00:00:00,502S001,0,,,,16.8,,4,2,2024,2.3,,1.2,,,M,0.2,,MB,1,,,,WINNIPEG A CS,27174,0.1,,,,,,"{""type"": ""Point"", ""coordinates"": [-97.24944444444445, 49.916666666666664]}"
502S001.2024.2.5,2024-02-05 00:00:00,502S001,0,,18,,17.8,,5,2,2024,1.1,,0.2,,,M,-0.6,,MB,0,,35,,WINNIPEG A CS,27174,0.1,,,,,,"{""type"": ""Point"", ""coordinates"": [-97.24944444444445, 49.916666666666664]}"
502S001.2024.2.6,2024-02-06 00:00:00,502S001,0,,,,17,,6,2,2024,1.8,,1,,,M,0.3,,MB,,,,,WINNIPEG A CS,27174,0.1,,,,,,"{""type"": ""Point"", ""coordinates"": [-97.24944444444445, 49.916666666666664]}"
502S001.2024.2.7,2024-02-07 00:00:00,502S001,0,,7,,16.5,,7,2,2024,2.6,,1.5,,,M,0.3,,MB,,,33,,WINNIPEG A CS,27174,1.2,,,,,,"{""type"": ""Point"", ""coordinates"": [-97.24944444444445, 49.916666666666664]}"
502S001.2024.2.8,2024-02-08 00:00:00,502S001,0,,1,,20.5,,8,2,2024,2.1,,-2.5,,,M,-7.2,,MB,0,,41,,WINNIPEG A CS,27174,1.1,,,,,,"{""type"": ""Point"", ""coordinates"": [-97.24944444444445, 49.916666666666664]}"
502S001.2024.2.9,2024-02-09 00:00:00,502S001,0,,,,26.5,,9,2,2024,-6.3,,-8.5,,82,,-10.8,,MB,,,,,WINNIPEG A CS,27174,0,,,,,,"{""type"": ""Point"", ""coordinates"": [-97.24944444444445, 49.916666666666664]}"
502S001.2024.2.10,2024-02-10 00:00:00,502S001,0,,30,,23.1,,10,2,2024,-1.8,,-5.1,,83,,-8.5,,MB,,,32,,WINNIPEG A CS,27174,0,,,,,,"{""type"": ""Point"", ""coordinates"": [-97.24944444444445, 49.916666666666664]}"
502S001.2024.2.11,2024-02-11 00:00:00,502S001,0,,17,,24.1,,11,2,2024,-2.6,,-6.1,,66,,-9.6,,MB,,,36,,WINNIPEG A CS,27174,0,,,,,,"{""type"": ""Point"", ""coordinates"": [-97.24944444444445, 49.916666666666664]}"
502S001.2024.2.12,2024-02-12 00:00:00,502S001,0,,,,22.8,,12,2,2024,-3.1,,-4.8,,75,,-6.5,,MB,,,,,WINNIPEG A CS,27174,0,,,,,,"{""type"": ""Point"", ""coordinates"": [-97.24944444444445, 49.916666666666664]}"
502S001.2024.2.13,2024-02-13 00:00:00,502S001,0,,15,,20.9,,13,2,2024,-0.6,,-2.9,,76,,-5.3,,MB,,,36,,WINNIPEG A CS,27174,0.5,,,,,,"{""type"": ""Point"", ""coordinates"": [-97.24944444444445, 49.916666666666664]}"
502S001.2024.2.14,2024-02-14 00:00:00,502S001,0,,33,,25.4,,14,2,2024,-3.1,,-7.4,,69,,-11.7,,MB,,,37,,WINNIPEG A CS,27174,0,,,,,,"{""type"": ""Point"", ""coordinates"": [-97.24944444444445, 49.916666666666664]}"
502S001.2024.2.15,2024-02-15 00:00:00,502S001,0,,31,,32.9,,15,2,2024,-11.7,,-14.9,,71,,-18,,MB,,,35,,WINNIPEG A CS,27174,0,,,,,,"{""type"": ""Point"", ""coordinates"": [-97.24944444444445, 49.916666666666664]}"
502S001.2024.2.16,2024-02-16 00:00:00,502S001,0,,,,32.8,,16,2,2024,-7.7,,-14.8,,62,,-21.8,,MB,,,,,WINNIPEG A CS,27174,0,,,,,,"{""type"": ""Point"", ""coordinates"": [-97.24944444444445, 49.916666666666664]}"
502S001.2024.2.17,2024-02-17 00:00:00,502S001,0,,30,,23.8,,17,2,2024,-1.2,,-5.8,,58,,-10.5,,MB,,,49,,WINNIPEG A CS,27174,0,,,,,,"{""type"": ""Point"", ""coordinates"": [-97.24944444444445, 49.916666666666664]}"
502S001.2024.2.18,2024-02-18 00:00:00,502S001,0,,,,27.8,,18,2,2024,-5.9,,-9.8,,53,,-13.7,,MB,,,,,WINNIPEG A CS,27174,0,,,,,,"{""type"": ""Point"", ""coordinates"": [-97.24944444444445, 49.916666666666664]}"
502S001.2024.2.19,2024-02-19 00:00:00,502S001,0,,,,26.3,,19,2,2024,-0.7,,-8.3,,35,,-16,,MB,,,,,WINNIPEG A CS,27174,0,,,,,,"{""type"": ""Point"", ""coordinates"": [-97.24944444444445, 49.916666666666664]}"
502S001.2024.2.20,2024-02-20 00:00:00,502S001,0,,,,25.2,,20,2,2024,-3.2,,-7.2,,61,,-11.3,,MB,,,,,WINNIPEG A CS,27174,0,,,,,,"{""type"": ""Point"", ""coordinates"": [-97.24944444444445, 49.916666666666664]}"
502S001.2024.2.21,2024-02-21 00:00:00,502S001,0,,,,25.1,,21,2,2024,-2.4,,-7.1,,56,,-11.9,,MB,,,,,WINNIPEG A CS,27174,0,,,,,,"{""type"": ""Point"", ""coordinates"": [-97.24944444444445, 49.916666666666664]}"
502S001.2024.2.22,2024-02-22 00:00:00,502S001,0,,1,,21.1,,22,2,2024,3.4,,-3.1,,62,,-9.7,,MB,,,42,,WINNIPEG A CS,27174,0,,,,,,"{""type"": ""Point"", ""coordinates"": [-97.24944444444445, 49.916666666666664]}"
502S001.2024.2.23,2024-02-23 00:00:00,502S001,0,,19,,29.6,,23,2,2024,-7.1,,-11.6,,39,,-16,,MB,0,,42,,WINNIPEG A CS,27174,0,,,,,,"{""type"": ""Point"", ""coordinates"": [-97.24944444444445, 49.916666666666664]}"
502S001.2024.2.24,2024-02-24 00:00:00,502S001,0,,18,,18.9,,24,2,2024,6.1,,-0.9,,56,,-8,,MB,0,,54,,WINNIPEG A CS,27174,0,,,,,,"{""type"": ""Point"", ""coordinates"": [-97.24944444444445, 49.916666666666664]}"
502S001.2024.2.25,2024-02-25 00:00:00,502S001,0,,31,,22.7,,25,2,2024,0,,-4.7,,54,,-9.4,,MB,0,,35,,WINNIPEG A CS,27174,0,,,,,,"{""type"": ""Point"", ""coordinates"": [-97.24944444444445, 49.916666666666664]}"
502S001.2024.2.26,2024-02-26 00:00:00,502S001,0,,14,,23.5,,26,2,2024,1.4,,-5.5,,57,,-12.4,,MB,9,,58,,WINNIPEG A CS,27174,3.4,,,,,,"{""type"": ""Point"", ""coordinates"": [-97.24944444444445, 49.916666666666664]}"
502S001.2024.2.27,2024-02-27 00:00:00,502S001,0,,36,,37.1,,27,2,2024,-12.3,,-19.1,,52,,-25.9,,MB,10,,61,,WINNIPEG A CS,27174,0,,,,,,"{""type"": ""Point"", ""coordinates"": [-97.24944444444445, 49.916666666666664]}"
502S001.2024.2.28,2024-02-28 00:00:00,502S001,0,,,,39.2,,28,2,2024,-15.6,,-21.2,,50,,-26.8,,MB,10,,,,WINNIPEG A CS,27174,0,,,,,,"{""type"": ""Point"", ""coordinates"": [-97.24944444444445, 49.916666666666664]}"
502S001.2024.2.29,2024-02-29 00:00:00,502S001,0,,10,,32.2,,29,2,2024,-7.5,,-14.2,,58,,-20.9,,MB,10,,41,,WINNIPEG A CS,27174,0,,,,,,"{""type"": ""Point"", ""coordinates"": [-97.24944444444445, 49.916666666666664]}"
502S001.2024.3.1,2024-03-01 00:00:00,502S001,0,,18,,20.9,,1,3,2024,3.6,,-2.9,,63,,-9.4,,MB,9,,49,,WINNIPEG A CS,27174,0,,,,,,"{""type"": ""Point"", ""coordinates"": [-97.24944444444445, 49.916666666666664]}"
502S001.2024.3.2,2024-03-02 00:00:00,502S001,0,,4,,26,,2,3,2024,-5.2,,-8,,57,,-10.8,,MB,5,,47,,WINNIPEG A CS,27174,0,,,,,,"{""type"": ""Point"", ""coordinates"": [-97.24944444444445, 49.916666666666664]}"
502S001.2024.3.3,2024-03-03 00:00:00,502S001,0,,8,,20.9,,3,3,2024,-0.7,,-2.9,,59,,-5.2,,MB,4,,64,,WINNIPEG A CS,27174,2.8,,,,,,"{""type"": ""Point"", ""coordinates"": [-97.24944444444445, 49.916666666666664]}"
502S001.2024.3.4,2024-03-04 00:00:00,502S001,0,,24,,27.3,,4,3,2024,-3.9,,-9.3,,64,,-14.8,,MB,5,,41,,WINNIPEG A CS,27174,0.5,,,,,,"{""type"": ""Point"", ""coordinates"": [-97.24944444444445, 49.916666666666664]}"
502S001.2024.3.5,2024-03-05 00:00:00,502S001,0,,,,33.8,,5,3,2024,-11.3,,-15.8,,52,,-20.3,,MB,5,,,,WINNIPEG A CS,27174,0,,,,,,"{""type"": ""Point"", ""coordinates"": [-97.24944444444445, 49.916666666666664]}"
502S001.2024.3.6,2024-03-06 00:00:00,502S001,0,,8,,26.6,,6,3,2024,-0.5,,-8.6,,61,,-16.7,,MB,5,,47,,WINNIPEG A CS,27174,5.3,,,,,,"{""type"": ""Point"", ""coordinates"": [-97.24944444444445, 49.916666666666664]}"
502S001.2024.3.7,2024-03-07 00:00:00,502S001,0,,23,,28.5,,7,3,2024,-8.6,,-10.5,,82,,-12.4,,MB,11,,44,,WINNIPEG A CS,27174,0,,,,,,"{""type"": ""Point"", ""coordinates"": [-97.24944444444445, 49.916666666666664]}"
502S001.2024.3.8,2024-03-08 00:00:00,502S001,0,,,,30.2,,8,3,2024,-5.5,,-12.2,,55,,-18.8,,MB,10,,,,WINNIPEG A CS,27174,0,,,,,,"{""type"": ""Point"", ""coordinates"": [-97.24944444444445, 49.916666666666664]}"
502S001.2024.3.9,2024-03-09 00:00:00,502S001,0,,,,29.9,,9,3,2024,-3.7,,-11.9,,57,,-20,,MB,10,,,,WINNIPEG A CS,27174,0,,,,,,"{""type"": ""Point"", ""coordinates"": [-97.24944444444445, 49.916666666666664]}"
502S001.2024.3.10,2024-03-10 00:00:00,502S001,0,,18,,18.7,,10,3,2024,4.7,,-0.7,,62,,-6,,MB,10,,64,,WINNIPEG A CS,27174,0,,,,,,"{""type"": ""Point"", ""coordinates"": [-97.24944444444445, 49.916666666666664]}"
502S001.2024.3.11,2024-03-11 00:00:00,502S001,0,,18,,15.5,,11,3,2024,10.1,,2.5,,49,,-5,,MB,8,,37,,WINNIPEG A CS,27174,0,,,,,,"{""type"": ""Point"", ""coordinates"": [-97.24944444444445, 49.916666666666664]}"
502S001.2024.3.12,2024-03-12 00:00:00,502S001,0,,,,18.4,,12,3,2024,2,,-0.4,,,M,-2.9,,MB,4,,,,WINNIPEG A CS,27174,0,,,,,,"{""type"": ""Point"", ""coordinates"": [-97.24944444444445, 49.916666666666664]}"
502S001.2024.3.13,2024-03-13 00:00:00,502S001,0,,,,18.1,,13,3,2024,3.5,,-0.1,,,M,-3.7,,MB,3,,,,WINNIPEG A CS,27174,0,,,,,,"{""type"": ""Point"", ""coordinates"": [-97.24944444444445, 49.916666666666664]}"
502S001.2024.3.14,2024-03-14 00:00:00,502S001,0,,,,18.1,,14,3,2024,3,,-0.1,,77,,-3.1,,MB,3,,,,WINNIPEG A CS,27174,0,,,,,,"{""type"": ""Point"", ""coordinates"": [-97.24944444444445, 49.916666666666664]}"
502S001.2024.3.15,2024-03-15 00:00:00,502S001,0,,34,,16.8,,15,3,2024,5.2,,1.2,,72,,-2.7,,MB,1,,61,,WINNIPEG A CS,27174,0,,,,,,"{""type"": ""Point"", ""coordinates"": [-97.24944444444445, 49.916666666666664]}"
502S001.2024.3.16,2024-03-16 00:00:00,502S001,0,,34,,21.1,,16,3,2024,1.5,,-3.1,,63,,-7.7,,MB,1,,63,,WINNIPEG A CS,27174,0,,,,,,"{""type"": ""Point"", ""coordinates"": [-97.24944444444445, 49.916666666666664]}"
502S001.2024.3.17,2024-03-17 00:00:00,502S001,0,,36,,25.6,,17,3,2024,-5.1,,-7.6,,54,,-10.1,,MB,1,,50,,WINNIPEG A CS,27174,0,,,,,,"{""type"": ""Point"", ""coordinates"": [-97.24944444444445, 49.916666666666664]}"
502S001.2024.3.18,2024-03-18 00:00:00,502S001,0,,21,,20.9,,18,3,2024,5.6,,-2.9,,50,,-11.5,,MB,1,,59,,WINNIPEG A CS,27174,0,,,,,,"{""type"": ""Point"", ""coordinates"": [-97.24944444444445, 49.916666666666664]}"
502S001.2024.3.19,2024-03-19 00:00:00,502S001,0,,33,,23.8,,19,3,2024,0.5,,-5.8,,56,,-12.2,,MB,0,,77,,WINNIPEG A CS,27174,0,,,,,,"{""type"": ""Point"", ""coordinates"": [-97.24944444444445, 49.916666666666664]}"
502S001.2024.3.20,2024-03-20 00:00:00,502S001,0,,35,,30.5,,20,3,2024,-9.6,,-12.5,,50,,-15.5,,MB,,,37,,WINNIPEG A CS,27174,0,,,,,,"{""type"": ""Point"", ""coordinates"": [-97.24944444444445, 49.916666666666664]}"
502S001.2024.3.21,2024-03-21 00:00:00,502S001,0,,,,27.7,,21,3,2024,-4.6,,-9.7,,39,,-14.9,,MB,,,,,WINNIPEG A CS,27174,0,,,,,,"{""type"": ""Point"", ""coordinates"": [-97.24944444444445, 49.916666666666664]}"
502S001.2024.3.22,2024-03-22 00:00:00,502S001,0,,31,,27.2,,22,3,2024,-5.5,,-9.2,,37,,-12.9,,MB,,,42,,WINNIPEG A CS,27174,0,,,,,,"{""type"": ""Point"", ""coordinates"": [-97.24944444444445, 49.916666666666664]}"
502S001.2024.3.23,2024-03-23 00:00:00,502S001,0,,,,29.1,,23,3,2024,-6.1,,-11.1,,39,,-16.1,,MB,,,,,WINNIPEG A CS,27174,0,,,,,,"{""type"": ""Point"", ""coordinates"": [-97.24944444444445, 49.916666666666664]}"
502S001.2024.3.24,2024-03-24 00:00:00,502S001,0,,2,,25.6,,24,3,2024,-3,,-7.6,,38,,-12.2,,MB,,,38,,WINNIPEG A CS,27174,0,,,,,,"{""type"": ""Point"", ""coordinates"": [-97.24944444444445, 49.916666666666664]}"
502S001.2024.3.25,2024-03-25 00:00:00,502S001,0,,1,,26.3,,25,3,2024,-4.2,,-8.3,,46,,-12.4,,MB,,,55,,WINNIPEG A CS,27174,0,,,,,,"{""type"": ""Point"", ""coordinates"": [-97.24944444444445, 49.916666666666664]}"
502S001.2024.3.26,2024-03-26 00:00:00,502S001,0,,1,,26.8,,26,3,2024,-5.7,,-8.8,,73,,-12,,MB,,,59,,WINNIPEG A CS,27174,0,,,,,,"{""type"": ""Point"", ""coordinates"": [-97.24944444444445, 49.916666666666664]}"
502S001.2024.3.27,2024-03-27 00:00:00,502S001,0,,31,,26.7,,27,3,2024,-5.7,,-8.7,,60,,-11.7,,MB,,,46,,WINNIPEG A CS,27174,0,,,,,,"{""type"": ""Point"", ""coordinates"": [-97.24944444444445, 49.916666666666664]}"
502S001.2024.3.28,2024-03-28 00:00:00,502S001,0,,33,,23.8,,28,3,2024,0.8,,-5.8,,48,,-12.3,,MB,,,33,,WINNIPEG A CS,27174,0,,,,,,"{""type"": ""Point"", ""coordinates"": [-97.24944444444445, 49.916666666666664]}"
502S001.2024.3.29,2024-03-29 00:00:00,502S001,0,,,,19.7,,29,3,2024,3,,-1.7,,44,,-6.4,,MB,0,,,,WINNIPEG A CS,27174,0.8,,,,,,"{""type"": ""Point"", ""coordinates"": [-97.24944444444445, 49.916666666666664]}"
502S001.2024.3.30,2024-03-30 00:00:00,502S001,0,,,,19.5,,30,3,2024,1.3,,-1.5,,64,,-4.4,,MB,0,,,,WINNIPEG A CS,27174,0,,,,,,"{""type"": ""Point"", ""coordinates"": [-97.24944444444445, 49.916666666666664]}"
502S001.2024.3.31,2024-03-31 00:00:00,502S001,0,,,,22.5,,31,3,2024,-0.4,,-4.5,,65,,-8.6,,MB,,,,,WINNIPEG A CS,27174,0,,,,,,"{""type"": ""Point"", ""coordinates"": [-97.24944444444445, 49.916666666666664]}"
502S001.2024.4.1,2024-04-01 00:00:00,502S001,0,,19,,18.8,,1,4,2024,6.2,,-0.8,,43,,-7.8,,MB,,,42,,WINNIPEG A CS,27174,0,,,,,,"{""type"": ""Point"", ""coordinates"": [-97.24944444444445, 49.916666666666664]}"
502S001.2024.4.2,2024-04-02 00:00:00,502S001,0,,18,,18,,2,4,2024,2,,0,,89,,-2,,MB,0,,37,,WINNIPEG A CS,27174,0.3,,,,,,"{""type"": ""Point"", ""coordinates"": [-97.24944444444445, 49.916666666666664]}"
502S001.2024.4.3,2024-04-03 00:00:00,502S001,0,,,,16.2,,3,4,2024,7.9,,1.8,,40,,-4.3,,MB,,,,,WINNIPEG A CS,27174,0,,,,,,"{""type"": ""Point"", ""coordinates"": [-97.24944444444445, 49.916666666666664]}"
502S001.2024.4.4,2024-04-04 00:00:00,502S001,0,,,,14.6,,4,4,2024,10.1,,3.4,,29,,-3.3,,MB,,,,,WINNIPEG A CS,27174,0,,,,,,"{""type"": ""Point"", ""coordinates"": [-97.24944444444445, 49.916666666666664]}"
502S001.2024.4.5,2024-04-05 00:00:00,502S001,0,,12,,12.8,,5,4,2024,12.5,,5.2,,27,,-2.1,,MB,,,42,,WINNIPEG A CS,27174,0,,,,,,"{""type"": ""Point"", ""coordinates"": [-97.24944444444445, 49.916666666666664]}"
502S001.2024.4.6,2024-04-06 00:00:00,502S001,0,,12,,9.4,,6,4,2024,14.1,,8.6,,29,,3,,MB,,,49,,WINNIPEG A CS,27174,0,,,,,,"{""type"": ""Point"", ""coordinates"": [-97.24944444444445, 49.916666666666664]}"
502S001.2024.4.7,2024-04-07 00:00:00,502S001,0,,10,,9.4,,7,4,2024,15.6,,8.6,,27,,1.6,,MB,,,47,,WINNIPEG A CS,27174,0,,,,,,"{""type"": ""Point"", ""coordinates"": [-97.24944444444445, 49.916666666666664]}"
502S001.2024.4.8,2024-04-08 00:00:00,502S001,0,,,,12.3,,8,4,2024,11,,5.7,,47,,0.4,,MB,,,,,WINNIPEG A CS,27174,0,,,,,,"{""type"": ""Point"", ""coordinates"": [-97.24944444444445, 49.916666666666664]}"
502S001.2024.4.9,2024-04-09 00:00:00,502S001,0,,,,12.2,,9,4,2024,13.8,,5.8,,40,,-2.1,,MB,,,,,WINNIPEG A CS,27174,0,,,,,,"{""type"": ""Point"", ""coordinates"": [-97.24944444444445, 49.916666666666664]}"
502S001.2024.4.10,2024-04-10 00:00:00,502S001,0,,31,,10,,10,4,2024,16.2,,8,,40,,-0.2,,MB,,,42,,WINNIPEG A CS,27174,0,,,,,,"{""type"": ""Point"", ""coordinates"": [-97.24944444444445, 49.916666666666664]}"
502S001.2024.4.11,2024-04-11 00:00:00,502S001,0,,33,,11.5,,11,4,2024,14,,6.5,,47,,-1,,MB,,,49,,WINNIPEG A CS,27174,3.8,,,,,,"{""type"": ""Point"", ""coordinates"": [-97.24944444444445, 49.916666666666664]}"
502S001.2024.4.12,2024-04-12 00:00:00,502S001,0,,11,,13.4,,12,4,2024,12.7,,4.6,,36,,-3.6,,MB,,,31,,WINNIPEG A CS,27174,0,,,,,,"{""type"": ""Point"", ""coordinates"": [-97.24944444444445, 49.916666666666664]}"
502S001.2024.4.13,2024-04-13 00:00:00,502S001,0,,17,,6.9,,13,4,2024,19.9,,11.1,,26,,2.2,,MB,,,47,,WINNIPEG A CS,27174,0,,,,,,"{""type"": ""Point"", ""coordinates"": [-97.24944444444445, 49.916666666666664]}"
502S001.2024.4.14,2024-04-14 00:00:00,502S001,0,,33,,11,,14,4,2024,15.1,,7,,26,,-1,,MB,,,49,,WINNIPEG A CS,27174,0,,,,,,"{""type"": ""Point"", ""coordinates"": [-97.24944444444445, 49.916666666666664]}"
502S001.2024.4.15,2024-04-15 00:00:00,502S001,0,,5,,11.8,,15,4,2024,14.7,,6.2,,25,,-2.2,,MB,,,31,,WINNIPEG A CS,27174,4.5,,,,,,"{""type"": ""Point"", ""coordinates"": [-97.24944444444445, 49.916666666666664]}"
502S001.2024.4.16,2024-04-16 00:00:00,502S001,0,,10,,9.1,,16,4,2024,14.1,,8.9,,41,,3.6,,MB,,,51,,WINNIPEG A CS,27174,18.3,,,,,,"{""type"": ""Point"", ""coordinates"": [-97.24944444444445, 49.916666666666664]}"
502S001.2024.4.17,2024-04-17 00:00:00,502S001,0,,25,,13.5,,17,4,2024,8.7,,4.5,,60,,0.2,,MB,,,36,,WINNIPEG A CS,27174,3.9,,,,,,"{""type"": ""Point"", ""coordinates"": [-97.24944444444445, 49.916666666666664]}"
502S001.2024.4.18,2024-04-18 00:00:00,502S001,0,,30,,16.6,,18,4,2024,5,,1.4,,80,,-2.2,,MB,,,56,,WINNIPEG A CS,27174,0,,,,,,"{""type"": ""Point"", ""coordinates"": [-97.24944444444445, 49.916666666666664]}"
502S001.2024.4.19,2024-04-19 00:00:00,502S001,0,,33,,19.8,,19,4,2024,0,,-1.8,,70,,-3.6,,MB,,,50,,WINNIPEG A CS,27174,0,,,,,,"{""type"": ""Point"", ""coordinates"": [-97.24944444444445, 49.916666666666664]}"
502S001.2024.4.20,2024-04-20 00:00:00,502S001,0,,31,,15.4,,20,4,2024,10.7,,2.6,,32,,-5.5,,MB,,,53,,WINNIPEG A CS,27174,0,,,,,,"{""type"": ""Point"", ""coordinates"": [-97.24944444444445, 49.916666666666664]}"
502S001.2024.4.21,2024-04-21 00:00:00,502S001,0,,26,,11.1,,21,4,2024,17.1,,6.9,,18,,-3.3,,MB,,,38,,WINNIPEG A CS,27174,0,,,,,,"{""type"": ""Point"", ""coordinates"": [-97.24944444444445, 49.916666666666664]}"
502S001.2024.4.22,2024-04-22 00:00:00,502S001,0,,26,,6.2,,22,4,2024,19.2,,11.8,,26,,4.4,,MB,,,47,,WINNIPEG A CS,27174,0,,,,,,"{""type"": ""Point"", ""coordinates"": [-97.24944444444445, 49.916666666666664]}"
502S001.2024.4.23,2024-04-23 00:00:00,502S001,0,,1,,14.6,,23,4,2024,9.9,,3.4,,27,,-3.1,,MB,,,50,,WINNIPEG A CS,27174,0,,,,,,"{""type"": ""Point"", ""coordinates"": [-97.24944444444445, 49.916666666666664]}"
502S001.2024.4.24,2024-04-24 00:00:00,502S001,0,,17,,10.4,,24,4,2024,20.2,,7.6,,16,,-5,,MB,,,41,,WINNIPEG A CS,27174,0,,,,,,"{""type"": ""Point"", ""coordinates"": [-97.24944444444445, 49.916666666666664]}"
502S001.2024.4.25,2024-04-25 00:00:00,502S001,0,,17,,3.6,,25,4,2024,24.3,,14.4,,22,,4.5,,MB,,,68,,WINNIPEG A CS,27174,0,,,,,,"{""type"": ""Point"", ""coordinates"": [-97.24944444444445, 49.916666666666664]}"
502S001.2024.4.26,2024-04-26 00:00:00,502S001,0,,18,,6.3,,26,4,2024,16.6,,11.7,,38,,6.7,,MB,,,58,,WINNIPEG A CS,27174,11.7,,,,,,"{""type"": ""Point"", ""coordinates"": [-97.24944444444445, 49.916666666666664]}"
502S001.2024.4.27,2024-04-27 00:00:00,502S001,0,,36,,13,,27,4,2024,10.2,,5,,39,,-0.1,,MB,,,55,,WINNIPEG A CS,27174,0.2,,,,,,"{""type"": ""Point"", ""coordinates"": [-97.24944444444445, 49.916666666666664]}"
502S001.2024.4.28,2024-04-28 00:00:00,502S001,0,,10,,13.7,,28,4,2024,11.7,,4.3,,44,,-3.2,,MB,,,37,,WINNIPEG A CS,27174,0,,,,,,"{""type"": ""Point"", ""coordinates"": [-97.24944444444445, 49.916666666666664]}"
502S001.2024.4.29,2024-04-29 00:00:00,502S001,0,,10,,14.3,,29,4,2024,5.5,,3.7,,61,,1.9,,MB,,,42,,WINNIPEG A CS,27174,0,,,,,,"{""type"": ""Point"", ""coordinates"": [-97.24944444444445, 49.916666666666664]}"
502S001.2024.4.30,2024-04-30 00:00:00,502S001,0,,,,10.8,,30,4,2024,13.4,,7.2,,37,,1,,MB,,,,,WINNIPEG A CS,27174,0,,,,,,"{""type"": ""Point"", ""coordinates"": [-97.24944444444445, 49.916666666666664]}"
502S001.2024.5.1,2024-05-01 00:00:00,502S001,0,,,,9,,1,5,2024,14.6,,9,,47,,3.5,,MB,,,,,WINNIPEG A CS,27174,0.3,,,,,,"{""type"": ""Point"", ""coordinates"": [-97.24944444444445, 49.916666666666664]}"
502S001.2024.5.2,2024-05-02 00:00:00,502S001,0,,12,,10.9,,2,5,2024,10.6,,7.1,,69,,3.6,,MB,,,37,,WINNIPEG A CS,27174,15.2,,,,,,"{""type"": ""Point"", ""coordinates"": [-97.24944444444445, 49.916666666666664]}"
502S001.2024.5.3,2024-05-03 00:00:00,502S001,0,,31,,9.1,,3,5,2024,12.9,,8.9,,65,,4.8,,MB,,,49,,WINNIPEG A CS,27174,1.7,,,,,,"{""type"": ""Point"", ""coordinates"": [-97.24944444444445, 49.916666666666664]}"
502S001.2024.5.4,2024-05-04 00:00:00,502S001,0,,31,,9.7,,4,5,2024,12.7,,8.3,,44,,3.9,,MB,,,41,,WINNIPEG A CS,27174,0,,,,,,"{""type"": ""Point"", ""coordinates"": [-97.24944444444445, 49.916666666666664]}"
502S001.2024.5.5,2024-05-05 00:00:00,502S001,0,,20,,6.1,,5,5,2024,19.4,,11.9,,26,,4.3,,MB,,,34,,WINNIPEG A CS,27174,0,,,,,,"{""type"": ""Point"", ""coordinates"": [-97.24944444444445, 49.916666666666664]}"
502S001.2024.5.6,2024-05-06 00:00:00,502S001,0,,13,,2.8,,6,5,2024,22.5,,15.2,,28,,7.8,,MB,,,55,,WINNIPEG A CS,27174,0,,,,,,"{""type"": ""Point"", ""coordinates"": [-97.24944444444445, 49.916666666666664]}"
502S001.2024.5.7,2024-05-07 00:00:00,502S001,0,,12,,3.6,,7,5,2024,17.6,,14.4,,42,,11.1,,MB,,,59,,WINNIPEG A CS,27174,2.1,,,,,,"{""type"": ""Point"", ""coordinates"": [-97.24944444444445, 49.916666666666664]}"
502S001.2024.5.8,2024-05-08 00:00:00,502S001,0,,3,,2.8,,8,5,2024,23.2,,15.2,,29,,7.1,,MB,,,45,,WINNIPEG A CS,27174,0,,,,,,"{""type"": ""Point"", ""coordinates"": [-97.24944444444445, 49.916666666666664]}"
502S001.2024.5.9,2024-05-09 00:00:00,502S001,0,,,,5.3,,9,5,2024,22.3,,12.7,,16,,3,,MB,,,,,WINNIPEG A CS,27174,0,,,,,,"{""type"": ""Point"", ""coordinates"": [-97.24944444444445, 49.916666666666664]}"
502S001.2024.5.10,2024-05-10 00:00:00,502S001,0,,32,,4.9,,10,5,2024,20.5,,13.1,,28,,5.7,,MB,,,61,,WINNIPEG A CS,27174,3,,,,,,"{""type"": ""Point"", ""coordinates"": [-97.24944444444445, 49.916666666666664]}"
502S001.2024.5.11,2024-05-11 00:00:00,502S001,0.5,,30,,0,,11,5,2024,30.8,,18.5,,15,,6.1,,MB,,,81,,WINNIPEG A CS,27174,0,,,,,,"{""type"": ""Point"", ""coordinates"": [-97.24944444444445, 49.916666666666664]}"
502S001.2024.5.12,2024-05-12 00:00:00,502S001,0,,34,,9,,12,5,2024,15.8,,9,,40,,2.1,,MB,,,49,,WINNIPEG A CS,27174,0,,,,,,"{""type"": ""Point"", ""coordinates"": [-97.24944444444445, 49.916666666666664]}"
502S001.2024.5.13,2024-05-13 00:00:00,502S001,0,,3,,12.4,,13,5,2024,11.4,,5.6,,51,,-0.2,,MB,,,38,,WINNIPEG A CS,27174,0,,,,,,"{""type"": ""Point"", ""coordinates"": [-97.24944444444445, 49.916666666666664]}"
502S001.2024.5.14,2024-05-14 00:00:00,502S001,0,,,,9.5,,14,5,2024,10.5,,8.5,,64,,6.5,,MB,,,,,WINNIPEG A CS,27174,12.7,,,,,,"{""type"": ""Point"", ""coordinates"": [-97.24944444444445, 49.916666666666664]}"
502S001.2024.5.15,2024-05-15 00:00:00,502S001,0,,,,5.9,,15,5,2024,15.4,,12.1,,59,,8.8,,MB,,,,,WINNIPEG A CS,27174,0.7,,,,,,"{""type"": ""Point"", ""coordinates"": [-97.24944444444445, 49.916666666666664]}"
502S001.2024.5.16,2024-05-16 00:00:00,502S001,0,,29,,4.2,,16,5,2024,18.7,,13.8,,60,,8.9,,MB,,,36,,WINNIPEG A CS,27174,16.8,,,,,,"{""type"": ""Point"", ""coordinates"": [-97.24944444444445, 49.916666666666664]}"
502S001.2024.5.17,2024-05-17 00:00:00,502S001,0,,23,,1.8,,17,5,2024,24,,16.2,,46,,8.4,,MB,,,61,,WINNIPEG A CS,27174,10.7,,,,,,"{""type"": ""Point"", ""coordinates"": [-97.24944444444445, 49.916666666666664]}"
502S001.2024.5.18,2024-05-18 00:00:00,502S001,0,,27,,5.1,,18,5,2024,16.8,,12.9,,60,,8.9,,MB,,,69,,WINNIPEG A CS,27174,10,,,,,,"{""type"": ""Point"", ""coordinates"": [-97.24944444444445, 49.916666666666664]}"
502S001.2024.5.19,2024-05-19 00:00:00,502S001,0,,26,,3.7,,19,5,2024,20.9,,14.3,,29,,7.6,,MB,,,43,,WINNIPEG A CS,27174,0,,,,,,"{""type"": ""Point"", ""coordinates"": [-97.24944444444445, 49.916666666666664]}"
502S001.2024.5.20,2024-05-20 00:00:00,502S001,0,,33,,4.6,,20,5,2024,18.7,,13.4,,46,,8.2,,MB,,,32,,WINNIPEG A CS,27174,0,,,,,,"{""type"": ""Point"", ""coordinates"": [-97.24944444444445, 49.916666666666664]}"
502S001.2024.5.21,2024-05-21 00:00:00,502S001,0,,2,,6.2,,21,5,2024,18.3,,11.8,,37,,5.4,,MB,,,35,,WINNIPEG A CS,27174,0,,,,,,"{""type"": ""Point"", ""coordinates"": [-97.24944444444445, 49.916666666666664]}"
502S001.2024.5.22,2024-05-22 00:00:00,502S001,0,,4,,6.6,,22,5,2024,16.9,,11.4,,58,,5.9,,MB,,,36,,WINNIPEG A CS,27174,0,,,,,,"{""type"": ""Point"", ""coordinates"": [-97.24944444444445, 49.916666666666664]}"
502S001.2024.5.23,2024-05-23 00:00:00,502S001,0,,3,,8.3,,23,5,2024,15.6,,9.7,,25,,3.8,,MB,,,40,,WINNIPEG A CS,27174,0,,,,,,"{""type"": ""Point"", ""coordinates"": [-97.24944444444445, 49.916666666666664]}"
502S001.2024.5.24,2024-05-24 00:00:00,502S001,0,,4,,10.6,,24,5,2024,10.2,,7.4,,67,,4.6,,MB,,,53,,WINNIPEG A CS,27174,27.3,,,,,,"{""type"": ""Point"", ""coordinates"": [-97.24944444444445, 49.916666666666664]}"
502S001.2024.5.25,2024-05-25 00:00:00,502S001,0,,27,,10,,25,5,2024,9.3,,8,,83,,6.6,,MB,,,52,,WINNIPEG A CS,27174,3.6,,,,,,"{""type"": ""Point"", ""coordinates"": [-97.24944444444445, 49.916666666666664]}"
502S001.2024.5.26,2024-05-26 00:00:00,502S001,0,,28,,6.5,,26,5,2024,18.8,,11.5,,39,,4.3,,MB,,,33,,WINNIPEG A CS,27174,0,,,,,,"{""type"": ""Point"", ""coordinates"": [-97.24944444444445, 49.916666666666664]}"
502S001.2024.5.27,2024-05-27 00:00:00,502S001,0,,33,,4.5,,27,5,2024,18.1,,13.5,,45,,8.9,,MB,,,45,,WINNIPEG A CS,27174,0,,,,,,"{""type"": ""Point"", ""coordinates"": [-97.24944444444445, 49.916666666666664]}"
502S001.2024.5.28,2024-05-28 00:00:00,502S001,0,,1,,6.3,,28,5,2024,16.4,,11.7,,52,,6.9,,MB,,,31,,WINNIPEG A CS,27174,0,,,,,,"{""type"": ""Point"", ""coordinates"": [-97.24944444444445, 49.916666666666664]}"
502S001.2024.5.29,2024-05-29 00:00:00,502S001,0,,17,,3.6,,29,5,2024,23.5,,14.4,,31,,5.3,,MB,,,54,,WINNIPEG A CS,27174,0,,,,,,"{""type"": ""Point"", ""coordinates"": [-97.24944444444445, 49.916666666666664]}"
502S001.2024.5.30,2024-05-30 00:00:00,502S001,0,,18,,0.9,,30,5,2024,22,,17.1,,44,,12.2,,MB,,,65,,WINNIPEG A CS,27174,10.3,,,,,,"{""type"": ""Point"", ""coordinates"": [-97.24944444444445, 49.916666666666664]}"
502S001.2024.5.31,2024-05-31 00:00:00,502S001,0,,26,,2,,31,5,2024,22.6,,16,,29,,9.5,,MB,,,55,,WINNIPEG A CS,27174,0.3,,,,,,"{""type"": ""Point"", ""coordinates"": [-97.24944444444445, 49.916666666666664]}"
502S001.2024.6.1,2024-06-01 00:00:00,502S001,0,,28,,1.9,,1,6,2024,22.2,,16.1,,28,,9.9,,MB,,,58,,WINNIPEG A CS,27174,1.4,,,,,,"{""type"": ""Point"", ""coordinates"": [-97.24944444444445, 49.916666666666664]}"
502S001.2024.6.2,2024-06-02 00:00:00,502S001,0.4,,18,,0,,2,6,2024,27.1,,18.4,,31,,9.8,,MB,,,49,,WINNIPEG A CS,27174,25.7,,,,,,"{""type"": ""Point"", ""coordinates"": [-97.24944444444445, 49.916666666666664]}"
502S001.2024.6.3,2024-06-03 00:00:00,502S001,0,,,,1.1,,3,6,2024,21.9,,16.9,,41,,11.9,,MB,,,,,WINNIPEG A CS,27174,0,,,,,,"{""type"": ""Point"", ""coordinates"": [-97.24944444444445, 49.916666666666664]}"
502S001.2024.6.4,2024-06-04 00:00:00,502S001,0.9,,23,,0,,4,6,2024,22.4,,18.9,,52,,15.3,,MB,,,43,,WINNIPEG A CS,27174,13.2,,,,,,"{""type"": ""Point"", ""coordinates"": [-97.24944444444445, 49.916666666666664]}"
502S001.2024.6.5,2024-06-05 00:00:00,502S001,0,,30,,2.2,,5,6,2024,20.3,,15.8,,52,,11.4,,MB,,,58,,WINNIPEG A CS,27174,1,,,,,,"{""type"": ""Point"", ""coordinates"": [-97.24944444444445, 49.916666666666664]}"
502S001.2024.6.6,2024-06-06 00:00:00,502S001,0,,30,,6.1,,6,6,2024,14.7,,11.9,,60,,9.1,,MB,,,55,,WINNIPEG A CS,27174,1.3,,,,,,"{""type"": ""Point"", ""coordinates"": [-97.24944444444445, 49.916666666666664]}"
502S001.2024.6.7,2024-06-07 00:00:00,502S001,0,,29,,2.3,,7,6,2024,23.2,,15.7,,29,,8.3,,MB,,,61,,WINNIPEG A CS,27174,1.5,,,,,,"{""type"": ""Point"", ""coordinates"": [-97.24944444444445, 49.916666666666664]}"
502S001.2024.6.8,2024-06-08 00:00:00,502S001,0,,32,,3,,8,6,2024,22.4,,15,,36,,7.6,,MB,,,53,,WINNIPEG A CS,27174,0,,,,,,"{""type"": ""Point"", ""coordinates"": [-97.24944444444445, 49.916666666666664]}"
502S001.2024.6.9,2024-06-09 00:00:00,502S001,0,,34,,4.9,,9,6,2024,19.3,,13.1,,24,,6.9,,MB,,,33,,WINNIPEG A CS,27174,0,,,,,,"{""type"": ""Point"", ""coordinates"": [-97.24944444444445, 49.916666666666664]}"
502S001.2024.6.10,2024-06-10 00:00:00,502S001,0,,14,,4,,10,6,2024,22.6,,14,,30,,5.3,,MB,,,37,,WINNIPEG A CS,27174,4.2,,,,,,"{""type"": ""Point"", ""coordinates"": [-97.24944444444445, 49.916666666666664]}"
502S001.2024.6.11,2024-06-11 00:00:00,502S001,0,,29,,1.7,,11,6,2024,20.6,,16.3,,46,,12,,MB,,,56,,WINNIPEG A CS,27174,0.3,,,,,,"{""type"": ""Point"", ""coordinates"": [-97.24944444444445, 49.916666666666664]}"
502S001.2024.6.12,2024-06-12 00:00:00,502S001,0,,31,,2.8,,12,6,2024,21.8,,15.2,,51,,8.6,,MB,,,58,,WINNIPEG A CS,27174,2,,,,,,"{""type"": ""Point"", ""coordinates"": [-97.24944444444445, 49.916666666666664]}"
502S001.2024.6.13,2024-06-13 00:00:00,502S001,0,,,,1.6,,13,6,2024,21.8,,16.4,,47,,11.1,,MB,,,,,WINNIPEG A CS,27174,0,,,,,,"{""type"": ""Point"", ""coordinates"": [-97.24944444444445, 49.916666666666664]}"
502S001.2024.6.14,2024-06-14 00:00:00,502S001,0.4,,21,,0,,14,6,2024,26.5,,18.4,,33,,10.3,,MB,,,31,,WINNIPEG A CS,27174,0,,,,,,"{""type"": ""Point"", ""coordinates"": [-97.24944444444445, 49.916666666666664]}"
502S001.2024.6.15,2024-06-15 00:00:00,502S001,3.8,,18,,0,,15,6,2024,28.3,,21.8,,47,,15.3,,MB,,,59,,WINNIPEG A CS,27174,0,,,,,,"{""type"": ""Point"", ""coordinates"": [-97.24944444444445, 49.916666666666664]}"
502S001.2024.6.16,2024-06-16 00:00:00,502S001,0,,25,,0,,16,6,2024,22.1,,18,,31,,13.8,,MB,,,64,,WINNIPEG A CS,27174,17.6,,,,,,"{""type"": ""Point"", ""coordinates"": [-97.24944444444445, 49.916666666666664]}"
502S001.2024.6.17,2024-06-17 00:00:00,502S001,0,,27,,3.1,,17,6,2024,20.9,,14.9,,39,,8.8,,MB,,,38,,WINNIPEG A CS,27174,5.7,,,,,,"{""type"": ""Point"", ""coordinates"": [-97.24944444444445, 49.916666666666664]}"
502S001.2024.6.18,2024-06-18 00:00:00,502S001,0,,2,,4.7,,18,6,2024,16.2,,13.3,,65,,10.4,,MB,,,38,,WINNIPEG A CS,27174,14,,,,,,"{""type"": ""Point"", ""coordinates"": [-97.24944444444445, 49.916666666666664]}"
502S001.2024.6.19,2024-06-19 00:00:00,502S001,0,,25,,4.2,,19,6,2024,19.8,,13.8,,32,,7.8,,MB,,,37,,WINNIPEG A CS,27174,0.6,,,,,,"{""type"": ""Point"", ""coordinates"": [-97.24944444444445, 49.916666666666664]}"
502S001.2024.6.20,2024-06-20 00:00:00,502S001,0.7,,21,,0,,20,6,2024,24.9,,18.7,,39,,12.6,,MB,,,40,,WINNIPEG A CS,27174,0,,,,,,"{""type"": ""Point"", ""coordinates"": [-97.24944444444445, 49.916666666666664]}"
502S001.2024.6.21,2024-06-21 00:00:00,502S001,1.1,,,,0,,21,6,2024,26,,19.1,,40,,12.2,,MB,,,,,WINNIPEG A CS,27174,0,,,,,,"{""type"": ""Point"", ""coordinates"": [-97.24944444444445, 49.916666666666664]}"
502S001.2024.6.22,2024-06-22 00:00:00,502S001,2,,29,,0,,22,6,2024,26.5,,20,,39,,13.5,,MB,,,40,,WINNIPEG A CS,27174,1.4,,,,,,"{""type"": ""Point"", ""coordinates"": [-97.24944444444445, 49.916666666666664]}"
502S001.2024.6.23,2024-06-23 00:00:00,502S001,0.3,,,,0,,23,6,2024,23.7,,18.3,,52,,13,,MB,,,,,WINNIPEG A CS,27174,0,,,,,,"{""type"": ""Point"", ""coordinates"": [-97.24944444444445, 49.916666666666664]}"
502S001.2024.6.24,2024-06-24 00:00:00,502S001,5,,24,,0,,24,6,2024,30.4,,23,,30,,15.6,,MB,,,68,,WINNIPEG A CS,27174,0,,,,,,"{""type"": ""Point"", ""coordinates"": [-97.24944444444445, 49.916666666666664]}"
502S001.2024.6.25,2024-06-25 00:00:00,502S001,0,,28,,0.4,,25,6,2024,22.4,,17.6,,48,,12.9,,MB,,,58,,WINNIPEG A CS,27174,0,,,,,,"{""type"": ""Point"", ""coordinates"": [-97.24944444444445, 49.916666666666664]}"
502S001.2024.6.26,2024-06-26 00:00:00,502S001,0,,35,,1.8,,26,6,2024,20.3,,16.2,,38,,12.1,,MB,,,33,,WINNIPEG A CS,27174,0,,,,,,"{""type"": ""Point"", ""coordinates"": [-97.24944444444445, 49.916666666666664]}"
502S001.2024.6.27,2024-06-27 00:00:00,502S001,0,,14,,1.3,,27,6,2024,22.9,,16.7,,41,,10.5,,MB,,,35,,WINNIPEG A CS,27174,0,,,,,,"{""type"": ""Point"", ""coordinates"": [-97.24944444444445, 49.916666666666664]}"
502S001.2024.6.28,2024-06-28 00:00:00,502S001,0,,6,,4.2,,28,6,2024,16.4,,13.8,,86,,11.1,,MB,,,69,,WINNIPEG A CS,27174,13.1,,,,,,"{""type"": ""Point"", ""coordinates"": [-97.24944444444445, 49.916666666666664]}"
502S001.2024.6.29,2024-06-29 00:00:00,502S001,0,,34,,4,,29,6,2024,19,,14,,36,,8.9,,MB,,,40,,WINNIPEG A CS,27174,0.2,,,,,,"{""type"": ""Point"", ""coordinates"": [-97.24944444444445, 49.916666666666664]}"
502S001.2024.6.30,2024-06-30 00:00:00,502S001,0,,20,,3.7,,30,6,2024,22.2,,14.3,,37,,6.5,,MB,,,40,,WINNIPEG A CS,27174,0,,,,,,"{""type"": ""Point"", ""coordinates"": [-97.24944444444445, 49.916666666666664]}"
502S001.2024.7.1,2024-07-01 00:00:00,502S001,0,,16,,1.6,,1,7,2024,18.8,,16.4,,62,,14,,MB,,,60,,WINNIPEG A CS,27174,29.9,,,,,,"{""type"": ""Point"", ""coordinates"": [-97.24944444444445, 49.916666666666664]}"
502S001.2024.7.2,2024-07-02 00:00:00,502S001,0.7,,17,,0,,2,7,2024,22.6,,18.7,,65,,14.8,,MB,,,45,,WINNIPEG A CS,27174,3.2,,,,,,"{""type"": ""Point"", ""coordinates"": [-97.24944444444445, 49.916666666666664]}"
502S001.2024.7.3,2024-07-03 00:00:00,502S001,0.7,,31,,0,,3,7,2024,23,,18.7,,63,,14.4,,MB,,,32,,WINNIPEG A CS,27174,0,,,,,,"{""type"": ""Point"", ""coordinates"": [-97.24944444444445, 49.916666666666664]}"
502S001.2024.7.4,2024-07-04 00:00:00,502S001,1.4,,18,,0,,4,7,2024,25.3,,19.4,,58,,13.5,,MB,,,66,,WINNIPEG A CS,27174,43.1,,,,,,"{""type"": ""Point"", ""coordinates"": [-97.24944444444445, 49.916666666666664]}"
502S001.2024.7.5,2024-07-05 00:00:00,502S001,1,,,,0,,5,7,2024,25.3,,19,,40,,12.7,,MB,,,,,WINNIPEG A CS,27174,0,,,,,,"{""type"": ""Point"", ""coordinates"": [-97.24944444444445, 49.916666666666664]}"
502S001.2024.7.6,2024-07-06 00:00:00,502S001,3.7,,19,,0,,6,7,2024,27.9,,21.7,,43,,15.6,,MB,,,35,,WINNIPEG A CS,27174,0,,,,,,"{""type"": ""Point"", ""coordinates"": [-97.24944444444445, 49.916666666666664]}"
502S001.2024.7.7,2024-07-07 00:00:00,502S001,3.1,,2,,0,,7,7,2024,27.8,,21.1,,44,,14.3,,MB,,,64,,WINNIPEG A CS,27174,2.2,,,,,,"{""type"": ""Point"", ""coordinates"": [-97.24944444444445, 49.916666666666664]}"
502S001.2024.7.8,2024-07-08 00:00:00,502S001,2.5,,,,0,,8,7,2024,27,,20.5,,36,,14.1,,MB,,,,,WINNIPEG A CS,27174,0,,,,,,"{""type"": ""Point"", ""coordinates"": [-97.24944444444445, 49.916666666666664]}"
502S001.2024.7.9,2024-07-09 00:00:00,502S001,3.4,,2,,0,,9,7,2024,28.7,,21.4,,41,,14,,MB,,,39,,WINNIPEG A CS,27174,0,,,,,,"{""type"": ""Point"", ""coordinates"": [-97.24944444444445, 49.916666666666664]}"
502S001.2024.7.10,2024-07-10 00:00:00,502S001,3.9,,,,0,,10,7,2024,29.1,,21.9,,41,,14.7,,MB,,,,,WINNIPEG A CS,27174,0,,,,,,"{""type"": ""Point"", ""coordinates"": [-97.24944444444445, 49.916666666666664]}"
502S001.2024.7.11,2024-07-11 00:00:00,502S001,7,,20,,0,,11,7,2024,31.2,,25,,41,,18.8,,MB,,,51,,WINNIPEG A CS,27174,0,,,,,,"{""type"": ""Point"", ""coordinates"": [-97.24944444444445, 49.916666666666664]}"
502S001.2024.7.12,2024-07-12 00:00:00,502S001,7.7,,18,,0,,12,7,2024,31.1,,25.7,,51,,20.2,,MB,,,38,,WINNIPEG A CS,27174,0,,,,,,"{""type"": ""Point"", ""coordinates"": [-97.24944444444445, 49.916666666666664]}"
502S001.2024.7.13,2024-07-13 00:00:00,502S001,5.5,,26,,0,,13,7,2024,28.6,,23.5,,58,,18.4,,MB,,,57,,WINNIPEG A CS,27174,11.5,,,,,,"{""type"": ""Point"", ""coordinates"": [-97.24944444444445, 49.916666666666664]}"
502S001.2024.7.14,2024-07-14 00:00:00,502S001,2.1,,31,,0,,14,7,2024,26.4,,20.1,,44,,13.7,,MB,,,64,,WINNIPEG A CS,27174,4.7,,,,,,"{""type"": ""Point"", ""coordinates"": [-97.24944444444445, 49.916666666666664]}"
502S001.2024.7.15,2024-07-15 00:00:00,502S001,0.4,,34,,0,,15,7,2024,23.5,,18.4,,52,,13.4,,MB,,,37,,WINNIPEG A CS,27174,4.1,,,,,,"{""type"": ""Point"", ""coordinates"": [-97.24944444444445, 49.916666666666664]}"
502S001.2024.7.16,2024-07-16 00:00:00,502S001,0,,36,,3.3,,16,7,2024,20.1,,14.7,,56,,9.4,,MB,,,36,,WINNIPEG A CS,27174,2.3,,,,,,"{""type"": ""Point"", ""coordinates"": [-97.24944444444445, 49.916666666666664]}"
502S001.2024.7.17,2024-07-17 00:00:00,502S001,0,,,,2.9,,17,7,2024,21.8,,15.1,,46,,8.3,,MB,,,,,WINNIPEG A CS,27174,0,,,,,,"{""type"": ""Point"", ""coordinates"": [-97.24944444444445, 49.916666666666664]}"
502S001.2024.7.18,2024-07-18 00:00:00,502S001,1.8,,,,0,,18,7,2024,26.3,,19.8,,44,,13.2,,MB,,,,,WINNIPEG A CS,27174,0,,,,,,"{""type"": ""Point"", ""coordinates"": [-97.24944444444445, 49.916666666666664]}"
502S001.2024.7.19,2024-07-19 00:00:00,502S001,4.4,,,,0,,19,7,2024,28.6,,22.4,,48,,16.2,,MB,,,,,WINNIPEG A CS,27174,0,,,,,,"{""type"": ""Point"", ""coordinates"": [-97.24944444444445, 49.916666666666664]}"
502S001.2024.7.20,2024-07-20 00:00:00,502S001,5.5,,12,,0,,20,7,2024,29,,23.5,,54,,18,,MB,,,46,,WINNIPEG A CS,27174,0,,,,,,"{""type"": ""Point"", ""coordinates"": [-97.24944444444445, 49.916666666666664]}"
502S001.2024.7.21,2024-07-21 00:00:00,502S001,3.8,,2,,0,,21,7,2024,27.8,,21.8,,58,,15.8,,MB,,,44,,WINNIPEG A CS,27174,9.7,,,,,,"{""type"": ""Point"", ""coordinates"": [-97.24944444444445, 49.916666666666664]}"
502S001.2024.7.22,2024-07-22 00:00:00,502S001,2.7,,,,0,,22,7,2024,25.3,,20.7,,63,,16,,MB,,,,,WINNIPEG A CS,27174,3,,,,,,"{""type"": ""Point"", ""coordinates"": [-97.24944444444445, 49.916666666666664]}"
502S001.2024.7.23,2024-07-23 00:00:00,502S001,2.2,,,,0,,23,7,2024,23.6,,20.2,,58,,16.9,,MB,,,,,WINNIPEG A CS,27174,0,,,,,,"{""type"": ""Point"", ""coordinates"": [-97.24944444444445, 49.916666666666664]}"
502S001.2024.7.24,2024-07-24 00:00:00,502S001,2.5,,20,,0,,24,7,2024,25.9,,20.5,,57,,15.2,,MB,,,34,,WINNIPEG A CS,27174,0,,,,,,"{""type"": ""Point"", ""coordinates"": [-97.24944444444445, 49.916666666666664]}"
502S001.2024.7.25,2024-07-25 00:00:00,502S001,5.6,,16,,0,,25,7,2024,28.4,,23.6,,56,,18.9,,MB,,,58,,WINNIPEG A CS,27174,0,,,,,,"{""type"": ""Point"", ""coordinates"": [-97.24944444444445, 49.916666666666664]}"
502S001.2024.7.26,2024-07-26 00:00:00,502S001,5.6,,18,,0,,26,7,2024,28.8,,23.6,,70,,18.4,,MB,,,58,,WINNIPEG A CS,27174,0.3,,,,,,"{""type"": ""Point"", ""coordinates"": [-97.24944444444445, 49.916666666666664]}"
502S001.2024.7.27,2024-07-27 00:00:00,502S001,4.3,,21,,0,,27,7,2024,29,,22.3,,45,,15.5,,MB,,,43,,WINNIPEG A CS,27174,0,,,,,,"{""type"": ""Point"", ""coordinates"": [-97.24944444444445, 49.916666666666664]}"
502S001.2024.7.28,2024-07-28 00:00:00,502S001,1.5,,,,0,,28,7,2024,24.9,,19.5,,51,,14.2,,MB,,,,,WINNIPEG A CS,27174,0,,,,,,"{""type"": ""Point"", ""coordinates"": [-97.24944444444445, 49.916666666666664]}"
502S001.2024.7.29,2024-07-29 00:00:00,502S001,4.6,,20,,0,,29,7,2024,28.6,,22.6,,43,,16.5,,MB,,,38,,WINNIPEG A CS,27174,0,,,,,,"{""type"": ""Point"", ""coordinates"": [-97.24944444444445, 49.916666666666664]}"
502S001.2024.7.30,2024-07-30 00:00:00,502S001,6.8,,18,,0,,30,7,2024,30.7,,24.8,,48,,18.9,,MB,,,46,,WINNIPEG A CS,27174,0,,,,,,"{""type"": ""Point"", ""coordinates"": [-97.24944444444445, 49.916666666666664]}"
502S001.2024.7.31,2024-07-31 00:00:00,502S001,4.2,,31,,0,,31,7,2024,28.5,,22.2,,46,,15.8,,MB,,,32,,WINNIPEG A CS,27174,0,,,,,,"{""type"": ""Point"", ""coordinates"": [-97.24944444444445, 49.916666666666664]}"
502S001.2024.8.1,2024-08-01 00:00:00,502S001,5.5,,20,,0,,1,8,2024,32.7,,23.5,,36,,14.2,,MB,,,38,,WINNIPEG A CS,27174,0,,,,,,"{""type"": ""Point"", ""coordinates"": [-97.24944444444445, 49.916666666666664]}"
502S001.2024.8.2,2024-08-02 00:00:00,502S001,2.3,,,,0,,2,8,2024,27.5,,20.3,,40,,13,,MB,,,,,WINNIPEG A CS,27174,0,,,,,,"{""type"": ""Point"", ""coordinates"": [-97.24944444444445, 49.916666666666664]}"
502S001.2024.8.3,2024-08-03 00:00:00,502S001,0,,2,,1.8,,3,8,2024,23.2,,16.2,,37,,9.2,,MB,,,45,,WINNIPEG A CS,27174,1.2,,,,,,"{""type"": ""Point"", ""coordinates"": [-97.24944444444445, 49.916666666666664]}"
502S001.2024.8.4,2024-08-04 00:00:00,502S001,0,,,,3.5,,4,8,2024,21.3,,14.5,,39,,7.8,,MB,,,,,WINNIPEG A CS,27174,0.1,,,,,,"{""type"": ""Point"", ""coordinates"": [-97.24944444444445, 49.916666666666664]}"
502S001.2024.8.5,2024-08-05 00:00:00,502S001,0,,8,,1.5,,5,8,2024,23.4,,16.5,,32,,9.6,,MB,,,31,,WINNIPEG A CS,27174,0,,,,,,"{""type"": ""Point"", ""coordinates"": [-97.24944444444445, 49.916666666666664]}"
502S001.2024.8.6,2024-08-06 00:00:00,502S001,0,,18,,1,,6,8,2024,25.8,,17,,35,,8.2,,MB,,,37,,WINNIPEG A CS,27174,0,,,,,,"{""type"": ""Point"", ""coordinates"": [-97.24944444444445, 49.916666666666664]}"
502S001.2024.8.7,2024-08-07 00:00:00,502S001,0,,32,,1.9,,7,8,2024,21.4,,16.1,,46,,10.7,,MB,,,50,,WINNIPEG A CS,27174,0,,,,,,"{""type"": ""Point"", ""coordinates"": [-97.24944444444445, 49.916666666666664]}"
502S001.2024.8.8,2024-08-08 00:00:00,502S001,0,,6,,3.4,,8,8,2024,18.7,,14.6,,50,,10.4,,MB,,,63,,WINNIPEG A CS,27174,1.6,,,,,,"{""type"": ""Point"", ""coordinates"": [-97.24944444444445, 49.916666666666664]}"
502S001.2024.8.9,2024-08-09 00:00:00,502S001,0,,1,,3.6,,9,8,2024,22,,14.4,,40,,6.8,,MB,,,38,,WINNIPEG A CS,27174,0.1,,,,,,"{""type"": ""Point"", ""coordinates"": [-97.24944444444445, 49.916666666666664]}"
502S001.2024.8.10,2024-08-10 00:00:00,502S001,0,,33,,2.6,,10,8,2024,25,,15.4,,34,,5.8,,MB,,,33,,WINNIPEG A CS,27174,0,,,,,,"{""type"": ""Point"", ""coordinates"": [-97.24944444444445, 49.916666666666664]}"
502S001.2024.8.11,2024-08-11 00:00:00,502S001,0.4,,,,0,,11,8,2024,26.7,,18.4,,35,,10.1,,MB,,,,,WINNIPEG A CS,27174,0,,,,,,"{""type"": ""Point"", ""coordinates"": [-97.24944444444445, 49.916666666666664]}"
502S001.2024.8.12,2024-08-12 00:00:00,502S001,1.6,,,,0,,12,8,2024,28.4,,19.6,,30,,10.8,,MB,,,,,WINNIPEG A CS,27174,0,,,,,,"{""type"": ""Point"", ""coordinates"": [-97.24944444444445, 49.916666666666664]}"
502S001.2024.8.13,2024-08-13 00:00:00,502S001,2.6,,16,,0,,13,8,2024,28.7,,20.6,,36,,12.5,,MB,,,36,,WINNIPEG A CS,27174,0,,,,,,"{""type"": ""Point"", ""coordinates"": [-97.24944444444445, 49.916666666666664]}"
502S001.2024.8.14,2024-08-14 00:00:00,502S001,4.3,,17,,0,,14,8,2024,26.1,,22.3,,54,,18.5,,MB,,,42,,WINNIPEG A CS,27174,0,,,,,,"{""type"": ""Point"", ""coordinates"": [-97.24944444444445, 49.916666666666664]}"
502S001.2024.8.15,2024-08-15 00:00:00,502S001,1.5,,2,,0,,15,8,2024,20.8,,19.5,,81,,18.2,,MB,,,35,,WINNIPEG A CS,27174,28.9,,,,,,"{""type"": ""Point"", ""coordinates"": [-97.24944444444445, 49.916666666666664]}"
502S001.2024.8.16,2024-08-16 00:00:00,502S001,2.4,,34,,0,,16,8,2024,25.2,,20.4,,58,,15.5,,MB,,,39,,WINNIPEG A CS,27174,0,,,,,,"{""type"": ""Point"", ""coordinates"": [-97.24944444444445, 49.916666666666664]}"
502S001.2024.8.17,2024-08-17 00:00:00,502S001,1.2,,,,0,,17,8,2024,25.8,,19.2,,52,,12.6,,MB,,,,,WINNIPEG A CS,27174,0,,,,,,"{""type"": ""Point"", ""coordinates"": [-97.24944444444445, 49.916666666666664]}"
502S001.2024.8.18,2024-08-18 00:00:00,502S001,0.6,,,,0,,18,8,2024,27.2,,18.6,,37,,10.1,,MB,,,,,WINNIPEG A CS,27174,0,,,,,,"{""type"": ""Point"", ""coordinates"": [-97.24944444444445, 49.916666666666664]}"
502S001.2024.8.19,2024-08-19 00:00:00,502S001,3.8,,,,0,,19,8,2024,29.2,,21.8,,34,,14.4,,MB,,,,,WINNIPEG A CS,27174,0,,,,,,"{""type"": ""Point"", ""coordinates"": [-97.24944444444445, 49.916666666666664]}"
502S001.2024.8.20,2024-08-20 00:00:00,502S001,6.2,,20,,0,,20,8,2024,30.8,,24.2,,47,,17.7,,MB,,,39,,WINNIPEG A CS,27174,0,,,,,,"{""type"": ""Point"", ""coordinates"": [-97.24944444444445, 49.916666666666664]}"
502S001.2024.8.21,2024-08-21 00:00:00,502S001,3.6,,18,,0,,21,8,2024,27.2,,21.6,,53,,15.9,,MB,,,51,,WINNIPEG A CS,27174,0,,,,,,"{""type"": ""Point"", ""coordinates"": [-97.24944444444445, 49.916666666666664]}"
502S001.2024.8.22,2024-08-22 00:00:00,502S001,3.2,,19,,0,,22,8,2024,26.3,,21.2,,57,,16.1,,MB,,,41,,WINNIPEG A CS,27174,3,,,,,,"{""type"": ""Point"", ""coordinates"": [-97.24944444444445, 49.916666666666664]}"
502S001.2024.8.23,2024-08-23 00:00:00,502S001,4.4,,,,0,,23,8,2024,27.7,,22.4,,47,,17.1,,MB,,,,,WINNIPEG A CS,27174,0,,,,,,"{""type"": ""Point"", ""coordinates"": [-97.24944444444445, 49.916666666666664]}"
502S001.2024.8.24,2024-08-24 00:00:00,502S001,6,,14,,0,,24,8,2024,31.2,,24,,50,,16.7,,MB,,,48,,WINNIPEG A CS,27174,0,,,,,,"{""type"": ""Point"", ""coordinates"": [-97.24944444444445, 49.916666666666664]}"
502S001.2024.8.25,2024-08-25 00:00:00,502S001,5.8,,15,,0,,25,8,2024,31,,23.8,,60,,16.7,,MB,,,41,,WINNIPEG A CS,27174,0,,,,,,"{""type"": ""Point"", ""coordinates"": [-97.24944444444445, 49.916666666666664]}"
502S001.2024.8.26,2024-08-26 00:00:00,502S001,0,,28,,1.9,,26,8,2024,21.9,,16.1,,49,,10.2,,MB,,,31,,WINNIPEG A CS,27174,0,,,,,,"{""type"": ""Point"", ""coordinates"": [-97.24944444444445, 49.916666666666664]}"
502S001.2024.8.27,2024-08-27 00:00:00,502S001,0,,,,5.2,,27,8,2024,17.4,,12.8,,61,,8.1,,MB,,,,,WINNIPEG A CS,27174,0,,,,,,"{""type"": ""Point"", ""coordinates"": [-97.24944444444445, 49.916666666666664]}"
502S001.2024.8.28,2024-08-28 00:00:00,502S001,0,,14,,0.5,,28,8,2024,26,,17.5,,48,,9,,MB,,,48,,WINNIPEG A CS,27174,0.3,,,,,,"{""type"": ""Point"", ""coordinates"": [-97.24944444444445, 49.916666666666664]}"
502S001.2024.8.29,2024-08-29 00:00:00,502S001,0,,10,,0.3,,29,8,2024,21.7,,17.7,,49,,13.7,,MB,,,66,,WINNIPEG A CS,27174,10.9,,,,,,"{""type"": ""Point"", ""coordinates"": [-97.24944444444445, 49.916666666666664]}"
502S001.2024.8.30,2024-08-30 00:00:00,502S001,0.9,,30,,0,,30,8,2024,25.1,,18.9,,40,,12.7,,MB,,,42,,WINNIPEG A CS,27174,0,,,,,,"{""type"": ""Point"", ""coordinates"": [-97.24944444444445, 49.916666666666664]}"
502S001.2024.8.31,2024-08-31 00:00:00,502S001,0,,31,,2.2,,31,8,2024,22.8,,15.8,,35,,8.8,,MB,,,60,,WINNIPEG A CS,27174,0,,,,,,"{""type"": ""Point"", ""coordinates"": [-97.24944444444445, 49.916666666666664]}"
502S001.2024.9.1,2024-09-01 00:00:00,502S001,0,,,,3.4,,1,9,2024,22.4,,14.6,,33,,6.8,,MB,,,,,WINNIPEG A CS,27174,0,,,,,,"{""type"": ""Point"", ""coordinates"": [-97.24944444444445, 49.916666666666664]}"
502S001.2024.9.2,2024-09-02 00:00:00,502S001,0.5,,19,,0,,2,9,2024,26.6,,18.5,,36,,10.4,,MB,,,49,,WINNIPEG A CS,27174,0,,,,,,"{""type"": ""Point"", ""coordinates"": [-97.24944444444445, 49.916666666666664]}"
502S001.2024.9.3,2024-09-03 00:00:00,502S001,3.4,,16,,0,,3,9,2024,28.8,,21.4,,47,,14,,MB,,,33,,WINNIPEG A CS,27174,0,,,,,,"{""type"": ""Point"", ""coordinates"": [-97.24944444444445, 49.916666666666664]}"
502S001.2024.9.4,2024-09-04 00:00:00,502S001,0.5,,31,,0,,4,9,2024,22.8,,18.5,,50,,14.2,,MB,,,36,,WINNIPEG A CS,27174,0,,,,,,"{""type"": ""Point"", ""coordinates"": [-97.24944444444445, 49.916666666666664]}"
502S001.2024.9.5,2024-09-05 00:00:00,502S001,0,,30,,3.5,,5,9,2024,19.9,,14.5,,41,,9,,MB,,,32,,WINNIPEG A CS,27174,0,,,,,,"{""type"": ""Point"", ""coordinates"": [-97.24944444444445, 49.916666666666664]}"
502S001.2024.9.6,2024-09-06 00:00:00,502S001,0,,,,5.2,,6,9,2024,19.6,,12.8,,45,,5.9,,MB,,,,,WINNIPEG A CS,27174,0,,,,,,"{""type"": ""Point"", ""coordinates"": [-97.24944444444445, 49.916666666666664]}"
502S001.2024.9.7,2024-09-07 00:00:00,502S001,0,,20,,2.8,,7,9,2024,24.7,,15.2,,34,,5.7,,MB,,,44,,WINNIPEG A CS,27174,0,,,,,,"{""type"": ""Point"", ""coordinates"": [-97.24944444444445, 49.916666666666664]}"
502S001.2024.9.8,2024-09-08 00:00:00,502S001,0,,,,0.5,,8,9,2024,26,,17.5,,37,,9,,MB,,,,,WINNIPEG A CS,27174,0,,,,,,"{""type"": ""Point"", ""coordinates"": [-97.24944444444445, 49.916666666666664]}"
502S001.2024.9.9,2024-09-09 00:00:00,502S001,4.1,,17,,0,,9,9,2024,31.3,,22.1,,20,,13,,MB,,,40,,WINNIPEG A CS,27174,0,,,,,,"{""type"": ""Point"", ""coordinates"": [-97.24944444444445, 49.916666666666664]}"
502S001.2024.9.10,2024-09-10 00:00:00,502S001,2.3,,15,,0,,10,9,2024,27.6,,20.3,,50,,12.9,,MB,,,39,,WINNIPEG A CS,27174,0,,,,,,"{""type"": ""Point"", ""coordinates"": [-97.24944444444445, 49.916666666666664]}"
502S001.2024.9.11,2024-09-11 00:00:00,502S001,0,,6,,3.1,,11,9,2024,22.3,,14.9,,40,,7.5,,MB,,,36,,WINNIPEG A CS,27174,0,,,,,,"{""type"": ""Point"", ""coordinates"": [-97.24944444444445, 49.916666666666664]}"
502S001.2024.9.12,2024-09-12 00:00:00,502S001,4,,14,,0,,12,9,2024,30.5,,22,,32,,13.5,,MB,,,56,,WINNIPEG A CS,27174,0,,,,,,"{""type"": ""Point"", ""coordinates"": [-97.24944444444445, 49.916666666666664]}"
502S001.2024.9.13,2024-09-13 00:00:00,502S001,3.1,,18,,0,,13,9,2024,24.9,,21.1,,51,,17.3,,MB,,,53,,WINNIPEG A CS,27174,0.9,,,,,,"{""type"": ""Point"", ""coordinates"": [-97.24944444444445, 49.916666666666664]}"
502S001.2024.9.14,2024-09-14 00:00:00,502S001,3.2,,23,,0,,14,9,2024,27.6,,21.2,,29,,14.8,,MB,,,36,,WINNIPEG A CS,27174,0,,,,,,"{""type"": ""Point"", ""coordinates"": [-97.24944444444445, 49.916666666666664]}"
502S001.2024.9.15,2024-09-15 00:00:00,502S001,4.1,,22,,0,,15,9,2024,28.7,,22.1,,29,,15.5,,MB,,,34,,WINNIPEG A CS,27174,0,,,,,,"{""type"": ""Point"", ""coordinates"": [-97.24944444444445, 49.916666666666664]}"
502S001.2024.9.16,2024-09-16 00:00:00,502S001,0.1,,10,,0,,16,9,2024,23.5,,18.1,,57,,12.7,,MB,,,41,,WINNIPEG A CS,27174,4.6,,,,,,"{""type"": ""Point"", ""coordinates"": [-97.24944444444445, 49.916666666666664]}"
502S001.2024.9.17,2024-09-17 00:00:00,502S001,0.1,,5,,0,,17,9,2024,22.2,,18.1,,73,,13.9,,MB,,,36,,WINNIPEG A CS,27174,9.9,,,,,,"{""type"": ""Point"", ""coordinates"": [-97.24944444444445, 49.916666666666664]}"
502S001.2024.9.18,2024-09-18 00:00:00,502S001,1.4,,16,,0,,18,9,2024,25,,19.4,,78,,13.8,,MB,,,37,,WINNIPEG A CS,27174,6.6,,,,,,"{""type"": ""Point"", ""coordinates"": [-97.24944444444445, 49.916666666666664]}"
502S001.2024.9.19,2024-09-19 00:00:00,502S001,1.2,,21,,0,,19,9,2024,22.2,,19.2,,63,,16.2,,MB,,,42,,WINNIPEG A CS,27174,12.8,,,,,,"{""type"": ""Point"", ""coordinates"": [-97.24944444444445, 49.916666666666664]}"
502S001.2024.9.20,2024-09-20 00:00:00,502S001,0.1,,26,,0,,20,9,2024,23,,18.1,,32,,13.1,,MB,,,46,,WINNIPEG A CS,27174,0,,,,,,"{""type"": ""Point"", ""coordinates"": [-97.24944444444445, 49.916666666666664]}"
502S001.2024.9.21,2024-09-21 00:00:00,502S001,0,,33,,5.3,,21,9,2024,18,,12.7,,49,,7.4,,MB,,,62,,WINNIPEG A CS,27174,8,,,,,,"{""type"": ""Point"", ""coordinates"": [-97.24944444444445, 49.916666666666664]}"
502S001.2024.9.22,2024-09-22 00:00:00,502S001,0,,,,6.5,,22,9,2024,18.6,,11.5,,34,,4.4,,MB,,,,,WINNIPEG A CS,27174,0,,,,,,"{""type"": ""Point"", ""coordinates"": [-97.24944444444445, 49.916666666666664]}"
502S001.2024.9.23,2024-09-23 00:00:00,502S001,0,,19,,2.7,,23,9,2024,19.2,,15.3,,47,,11.4,,MB,,,51,,WINNIPEG A CS,27174,0.2,,,,,,"{""type"": ""Point"", ""coordinates"": [-97.24944444444445, 49.916666666666664]}"
502S001.2024.9.24,2024-09-24 00:00:00,502S001,0,,,,2.9,,24,9,2024,22.6,,15.1,,45,,7.6,,MB,,,,,WINNIPEG A CS,27174,0,,,,,,"{""type"": ""Point"", ""coordinates"": [-97.24944444444445, 49.916666666666664]}"
502S001.2024.9.25,2024-09-25 00:00:00,502S001,1.3,,,,0,,25,9,2024,28.1,,19.3,,35,,10.6,,MB,,,,,WINNIPEG A CS,27174,0,,,,,,"{""type"": ""Point"", ""coordinates"": [-97.24944444444445, 49.916666666666664]}"
502S001.2024.9.26,2024-09-26 00:00:00,502S001,4.7,,18,,0,,26,9,2024,29.9,,22.7,,28,,15.4,,MB,,,71,,WINNIPEG A CS,27174,0,,,,,,"{""type"": ""Point"", ""coordinates"": [-97.24944444444445, 49.916666666666664]}"
502S001.2024.9.27,2024-09-27 00:00:00,502S001,0,,,,3,,27,9,2024,23.3,,15,,30,,6.6,,MB,,,,,WINNIPEG A CS,27174,0,,,,,,"{""type"": ""Point"", ""coordinates"": [-97.24944444444445, 49.916666666666664]}"
502S001.2024.9.28,2024-09-28 00:00:00,502S001,0,,4,,1.7,,28,9,2024,24.9,,16.3,,23,,7.7,,MB,,,34,,WINNIPEG A CS,27174,0,,,,,,"{""type"": ""Point"", ""coordinates"": [-97.24944444444445, 49.916666666666664]}"
502S001.2024.9.29,2024-09-29 00:00:00,502S001,1.1,,17,,0,,29,9,2024,28.2,,19.1,,29,,10,,MB,,,70,,WINNIPEG A CS,27174,0,,,,,,"{""type"": ""Point"", ""coordinates"": [-97.24944444444445, 49.916666666666664]}"
502S001.2024.9.30,2024-09-30 00:00:00,502S001,0,,17,,2,,30,9,2024,23.5,,16,,40,,8.5,,MB,,,79,,WINNIPEG A CS,27174,0,,,,,,"{""type"": ""Point"", ""coordinates"": [-97.24944444444445, 49.916666666666664]}"
502S001.2024.10.1,2024-10-01 00:00:00,502S001,0,,25,,8,,1,10,2024,15.8,,10,,28,,4.3,,MB,,,43,,WINNIPEG A CS,27174,0,,,,,,"{""type"": ""Point"", ""coordinates"": [-97.24944444444445, 49.916666666666664]}"
502S001.2024.10.2,2024-10-02 00:00:00,502S001,,M,,M,,M,2,10,2024,,M,,M,,M,,M,MB,,,,M,WINNIPEG A CS,27174,,M,,,,,"{""type"": ""Point"", ""coordinates"": [-97.24944444444445, 49.916666666666664]}"
502S001.2024.10.3,2024-10-03 00:00:00,502S001,0,,30,,12.7,,3,10,2024,10.8,,5.3,,35,,-0.2,,MB,,,49,,WINNIPEG A CS,27174,0,,,,,,"{""type"": ""Point"", ""coordinates"": [-97.24944444444445, 49.916666666666664]}"
502S001.2024.10.4,2024-10-04 00:00:00,502S001,0,,18,,11,,4,10,2024,17.2,,7,,31,,-3.1,,MB,,,52,,WINNIPEG A CS,27174,0,,,,,,"{""type"": ""Point"", ""coordinates"": [-97.24944444444445, 49.916666666666664]}"
502S001.2024.10.5,2024-10-05 00:00:00,502S001,0,,29,,5.8,,5,10,2024,18.4,,12.2,,35,,6,,MB,,,77,,WINNIPEG A CS,27174,0,,,,,,"{""type"": ""Point"", ""coordinates"": [-97.24944444444445, 49.916666666666664]}"
502S001.2024.10.6,2024-10-06 00:00:00,502S001,0,,33,,8.6,,6,10,2024,14.7,,9.4,,30,,4.1,,MB,,,80,,WINNIPEG A CS,27174,0,,,,,,"{""type"": ""Point"", ""coordinates"": [-97.24944444444445, 49.916666666666664]}"
502S001.2024.10.7,2024-10-07 00:00:00,502S001,0,,,,8.5,,7,10,2024,17.6,,9.5,,27,,1.3,,MB,,,,,WINNIPEG A CS,27174,0,,,,,,"{""type"": ""Point"", ""coordinates"": [-97.24944444444445, 49.916666666666664]}"
502S001.2024.10.8,2024-10-08 00:00:00,502S001,0,,16,,6.5,,8,10,2024,20.3,,11.5,,28,,2.8,,MB,,,35,,WINNIPEG A CS,27174,0,,,,,,"{""type"": ""Point"", ""coordinates"": [-97.24944444444445, 49.916666666666664]}"
502S001.2024.10.9,2024-10-09 00:00:00,502S001,0,,18,,2.2,,9,10,2024,22.5,,15.8,,33,,9.1,,MB,,,49,,WINNIPEG A CS,27174,0,,,,,,"{""type"": ""Point"", ""coordinates"": [-97.24944444444445, 49.916666666666664]}"
502S001.2024.10.10,2024-10-10 00:00:00,502S001,0,,31,,4,,10,10,2024,20.4,,14,,44,,7.6,,MB,,,44,,WINNIPEG A CS,27174,0,,,,,,"{""type"": ""Point"", ""coordinates"": [-97.24944444444445, 49.916666666666664]}"
502S001.2024.10.11,2024-10-11 00:00:00,502S001,0,,32,,8.8,,11,10,2024,15.5,,9.2,,32,,2.8,,MB,,,31,,WINNIPEG A CS,27174,0,,,,,,"{""type"": ""Point"", ""coordinates"": [-97.24944444444445, 49.916666666666664]}"
502S001.2024.10.12,2024-10-12 00:00:00,502S001,0,,32,,9.4,,12,10,2024,14.9,,8.6,,46,,2.3,,MB,,,31,,WINNIPEG A CS,27174,5.7,,,,,,"{""type"": ""Point"", ""coordinates"": [-97.24944444444445, 49.916666666666664]}"
502S001.2024.10.13,2024-10-13 00:00:00,502S001,0,,5,,11.7,,13,10,2024,11.7,,6.3,,51,,1,,MB,,,39,,WINNIPEG A CS,27174,0,,,,,,"{""type"": ""Point"", ""coordinates"": [-97.24944444444445, 49.916666666666664]}"
502S001.2024.10.14,2024-10-14 00:00:00,502S001,0,,5,,15.5,,14,10,2024,7.2,,2.5,,52,,-2.3,,MB,,,44,,WINNIPEG A CS,27174,0,,,,,,"{""type"": ""Point"", ""coordinates"": [-97.24944444444445, 49.916666666666664]}"
502S001.2024.10.15,2024-10-15 00:00:00,502S001,0,,18,,14.6,,15,10,2024,10.4,,3.4,,42,,-3.5,,MB,,,44,,WINNIPEG A CS,27174,0,,,,,,"{""type"": ""Point"", ""coordinates"": [-97.24944444444445, 49.916666666666664]}"
502S001.2024.10.16,2024-10-16 00:00:00,502S001,0,,17,,8.9,,16,10,2024,15.1,,9.1,,34,,3.1,,MB,,,50,,WINNIPEG A CS,27174,0,,,,,,"{""type"": ""Point"", ""coordinates"": [-97.24944444444445, 49.916666666666664]}"
502S001.2024.10.17,2024-10-17 00:00:00,502S001,0,,18,,4.7,,17,10,2024,19.4,,13.3,,27,,7.2,,MB,,,55,,WINNIPEG A CS,27174,0,,,,,,"{""type"": ""Point"", ""coordinates"": [-97.24944444444445, 49.916666666666664]}"
502S001.2024.10.18,2024-10-18 00:00:00,502S001,0,,,,9.6,,18,10,2024,14.2,,8.4,,39,,2.7,,MB,,,,,WINNIPEG A CS,27174,0,,,,,,"{""type"": ""Point"", ""coordinates"": [-97.24944444444445, 49.916666666666664]}"
502S001.2024.10.19,2024-10-19 00:00:00,502S001,0,,19,,11.4,,19,10,2024,14.7,,6.6,,52,,-1.6,,MB,,,49,,WINNIPEG A CS,27174,0,,,,,,"{""type"": ""Point"", ""coordinates"": [-97.24944444444445, 49.916666666666664]}"
502S001.2024.10.20,2024-10-20 00:00:00,502S001,0,,19,,5.8,,20,10,2024,20.6,,12.2,,36,,3.8,,MB,,,33,,WINNIPEG A CS,27174,0,,,,,,"{""type"": ""Point"", ""coordinates"": [-97.24944444444445, 49.916666666666664]}"
502S001.2024.10.21,2024-10-21 00:00:00,502S001,0,,18,,6.4,,21,10,2024,21.7,,11.6,,42,,1.4,,MB,,,32,,WINNIPEG A CS,27174,0,,,,,,"{""type"": ""Point"", ""coordinates"": [-97.24944444444445, 49.916666666666664]}"
502S001.2024.10.22,2024-10-22 00:00:00,502S001,0,,32,,9.6,,22,10,2024,14.3,,8.4,,76,,2.5,,MB,,,43,,WINNIPEG A CS,27174,3,,,,,,"{""type"": ""Point"", ""coordinates"": [-97.24944444444445, 49.916666666666664]}"
502S001.2024.10.23,2024-10-23 00:00:00,502S001,0,,21,,10.4,,23,10,2024,13.5,,7.6,,47,,1.7,,MB,,,47,,WINNIPEG A CS,27174,0,,,,,,"{""type"": ""Point"", ""coordinates"": [-97.24944444444445, 49.916666666666664]}"
502S001.2024.10.24,2024-10-24 00:00:00,502S001,0,,,,14.1,,24,10,2024,11.3,,3.9,,46,,-3.5,,MB,,,,,WINNIPEG A CS,27174,0,,,,,,"{""type"": ""Point"", ""coordinates"": [-97.24944444444445, 49.916666666666664]}"
502S001.2024.10.25,2024-10-25 00:00:00,502S001,,M,,M,,M,25,10,2024,,M,,M,,M,,M,MB,,,,M,WINNIPEG A CS,27174,,M,,,,,"{""type"": ""Point"", ""coordinates"": [-97.24944444444445, 49.916666666666664]}"
502S001.2024.10.26,2024-10-26 00:00:00,502S001,0,,,,14.8,,26,10,2024,10.7,,3.2,,32,,-4.3,,MB,,,,,WINNIPEG A CS,27174,0,,,,,,"{""type"": ""Point"", ""coordinates"": [-97.24944444444445, 49.916666666666664]}"
502S001.2024.10.27,2024-10-27 00:00:00,502S001,0,,12,,11,,27,10,2024,13.3,,7,,43,,0.7,,MB,,,35,,WINNIPEG A CS,27174,0,,,,,,"{""type"": ""Point"", ""coordinates"": [-97.24944444444445, 49.916666666666664]}"
502S001.2024.10.28,2024-10-28 00:00:00,502S001,0,,13,,10.2,,28,10,2024,15.3,,7.8,,45,,0.2,,MB,,,43,,WINNIPEG A CS,27174,0,,,,,,"{""type"": ""Point"", ""coordinates"": [-97.24944444444445, 49.916666666666664]}"
502S001.2024.10.29,2024-10-29 00:00:00,502S001,0,,,,13.6,,29,10,2024,9.3,,4.4,,65,,-0.4,,MB,,,,,WINNIPEG A CS,27174,0,,,,,,"{""type"": ""Point"", ""coordinates"": [-97.24944444444445, 49.916666666666664]}"
502S001.2024.10.30,2024-10-30 00:00:00,502S001,0,,30,,16.7,,30,10,2024,7.9,,1.3,,42,,-5.4,,MB,,,34,,WINNIPEG A CS,27174,0,,,,,,"{""type"": ""Point"", ""coordinates"": [-97.24944444444445, 49.916666666666664]}"
502S001.2024.10.31,2024-10-31 00:00:00,502S001,0,,,,17.6,,31,10,2024,7.6,,0.4,,37,,-6.9,,MB,,,,,WINNIPEG A CS,27174,0,,,,,,"{""type"": ""Point"", ""coordinates"": [-97.24944444444445, 49.916666666666664]}"
502S001.2024.11.1,2024-11-01 00:00:00,502S001,0,,,,14.1,,1,11,2024,8,,3.9,,46,,-0.3,,MB,,,,,WINNIPEG A CS,27174,0,,,,,,"{""type"": ""Point"", ""coordinates"": [-97.24944444444445, 49.916666666666664]}"
502S001.2024.11.2,2024-11-02 00:00:00,502S001,0,,15,,15.5,,2,11,2024,9.6,,2.5,,52,,-4.5,,MB,,,33,,WINNIPEG A CS,27174,0,,,,,,"{""type"": ""Point"", ""coordinates"": [-97.24944444444445, 49.916666666666664]}"
502S001.2024.11.3,2024-11-03 00:00:00,502S001,0,,13,,11.3,,3,11,2024,9.2,,6.7,,79,,4.1,,MB,,,42,,WINNIPEG A CS,27174,17.7,,,,,,"{""type"": ""Point"", ""coordinates"": [-97.24944444444445, 49.916666666666664]}"
502S001.2024.11.4,2024-11-04 00:00:00,502S001,0,,31,,15,,4,11,2024,7.1,,3,,76,,-1.1,,MB,,,43,,WINNIPEG A CS,27174,7.2,,,,,,"{""type"": ""Point"", ""coordinates"": [-97.24944444444445, 49.916666666666664]}"
502S001.2024.11.5,2024-11-05 00:00:00,502S001,0,,17,,17.9,,5,11,2024,4.8,,0.1,,77,,-4.7,,MB,,,32,,WINNIPEG A CS,27174,0,,,,,,"{""type"": ""Point"", ""coordinates"": [-97.24944444444445, 49.916666666666664]}"
502S001.2024.11.6,2024-11-06 00:00:00,502S001,0,,23,,18.8,,6,11,2024,3.8,,-0.8,,,M,-5.4,,MB,,,34,,WINNIPEG A CS,27174,0,,,,,,"{""type"": ""Point"", ""coordinates"": [-97.24944444444445, 49.916666666666664]}"
502S001.2024.11.7,2024-11-07 00:00:00,502S001,0,,23,,12.4,,7,11,2024,11.9,,5.6,,55,,-0.8,,MB,,,48,,WINNIPEG A CS,27174,0,,,,,,"{""type"": ""Point"", ""coordinates"": [-97.24944444444445, 49.916666666666664]}"
502S001.2024.11.8,2024-11-08 00:00:00,502S001,0,,18,,15.3,,8,11,2024,9.7,,2.7,,50,,-4.2,,MB,,,39,,WINNIPEG A CS,27174,0,,,,,,"{""type"": ""Point"", ""coordinates"": [-97.24944444444445, 49.916666666666664]}"
502S001.2024.11.9,2024-11-09 00:00:00,502S001,0,,19,,11.6,,9,11,2024,12.7,,6.4,,57,,0,,MB,,,47,,WINNIPEG A CS,27174,0,,,,,,"{""type"": ""Point"", ""coordinates"": [-97.24944444444445, 49.916666666666664]}"
502S001.2024.11.10,2024-11-10 00:00:00,502S001,0,,32,,14.3,,10,11,2024,10.1,,3.7,,,M,-2.7,,MB,,,60,,WINNIPEG A CS,27174,0,,,,,,"{""type"": ""Point"", ""coordinates"": [-97.24944444444445, 49.916666666666664]}"
502S001.2024.11.11,2024-11-11 00:00:00,502S001,0,,34,,16.6,,11,11,2024,4.4,,1.4,,60,,-1.7,,MB,,,41,,WINNIPEG A CS,27174,0,,,,,,"{""type"": ""Point"", ""coordinates"": [-97.24944444444445, 49.916666666666664]}"
502S001.2024.11.12,2024-11-12 00:00:00,502S001,0,,17,,13.7,,12,11,2024,8,,4.3,,56,,0.6,,MB,,,70,,WINNIPEG A CS,27174,0,,,,,,"{""type"": ""Point"", ""coordinates"": [-97.24944444444445, 49.916666666666664]}"
502S001.2024.11.13,2024-11-13 00:00:00,502S001,0,,17,,15.7,,13,11,2024,6.8,,2.3,,,M,-2.2,,MB,,,47,,WINNIPEG A CS,27174,0.3,,,,,,"{""type"": ""Point"", ""coordinates"": [-97.24944444444445, 49.916666666666664]}"
502S001.2024.11.14,2024-11-14 00:00:00,502S001,0,,14,,14.1,,14,11,2024,5.9,,3.9,,,M,1.9,,MB,,,31,,WINNIPEG A CS,27174,0,,,,,,"{""type"": ""Point"", ""coordinates"": [-97.24944444444445, 49.916666666666664]}"
502S001.2024.11.15,2024-11-15 00:00:00,502S001,0,,19,,13.5,,15,11,2024,8.9,,4.5,,,M,0.1,,MB,,,42,,WINNIPEG A CS,27174,0,,,,,,"{""type"": ""Point"", ""coordinates"": [-97.24944444444445, 49.916666666666664]}"
502S001.2024.11.16,2024-11-16 00:00:00,502S001,0,,,,13.9,,16,11,2024,6.7,,4.1,,84,,1.6,,MB,,,,,WINNIPEG A CS,27174,2.9,,,,,,"{""type"": ""Point"", ""coordinates"": [-97.24944444444445, 49.916666666666664]}"
502S001.2024.11.17,2024-11-17 00:00:00,502S001,0,,29,,15.6,,17,11,2024,5.9,,2.4,,,M,-1.2,,MB,,,46,,WINNIPEG A CS,27174,3.7,,,,,,"{""type"": ""Point"", ""coordinates"": [-97.24944444444445, 49.916666666666664]}"
502S001.2024.11.18,2024-11-18 00:00:00,502S001,0,,,,16.9,,18,11,2024,5.7,,1.1,,73,,-3.5,,MB,,,,,WINNIPEG A CS,27174,0,,,,,,"{""type"": ""Point"", ""coordinates"": [-97.24944444444445, 49.916666666666664]}"
502S001.2024.11.19,2024-11-19 00:00:00,502S001,0,,36,,14.4,,19,11,2024,5.7,,3.6,,,M,1.6,,MB,,,35,,WINNIPEG A CS,27174,25.6,,,,,,"{""type"": ""Point"", ""coordinates"": [-97.24944444444445, 49.916666666666664]}"
502S001.2024.11.20,2024-11-20 00:00:00,502S001,0,,31,,16.8,,20,11,2024,3.1,,1.2,,,M,-0.7,,MB,,,46,,WINNIPEG A CS,27174,4.9,,,,,,"{""type"": ""Point"", ""coordinates"": [-97.24944444444445, 49.916666666666664]}"
502S001.2024.11.21,2024-11-21 00:00:00,502S001,0,,32,,21,,21,11,2024,-0.7,,-3,,89,,-5.2,,MB,,,42,,WINNIPEG A CS,27174,0,,,,,,"{""type"": ""Point"", ""coordinates"": [-97.24944444444445, 49.916666666666664]}"
502S001.2024.11.22,2024-11-22 00:00:00,502S001,0,,,,24.6,,22,11,2024,-3.9,,-6.6,,83,,-9.2,,MB,,,,,WINNIPEG A CS,27174,0.1,,,,,,"{""type"": ""Point"", ""coordinates"": [-97.24944444444445, 49.916666666666664]}"
502S001.2024.11.23,2024-11-23 00:00:00,502S001,0,,,,25.5,,23,11,2024,-5.7,,-7.5,,82,,-9.2,,MB,,,,,WINNIPEG A CS,27174,0.1,,,,,,"{""type"": ""Point"", ""coordinates"": [-97.24944444444445, 49.916666666666664]}"
502S001.2024.11.24,2024-11-24 00:00:00,502S001,0,,7,,22.3,,24,11,2024,-2.4,,-4.3,,83,,-6.3,,MB,,,33,,WINNIPEG A CS,27174,0.2,,,,,,"{""type"": ""Point"", ""coordinates"": [-97.24944444444445, 49.916666666666664]}"
502S001.2024.11.25,2024-11-25 00:00:00,502S001,0,,30,,26.8,,25,11,2024,-6,,-8.8,,82,,-11.6,,MB,,,40,,WINNIPEG A CS,27174,0.9,,,,,,"{""type"": ""Point"", ""coordinates"": [-97.24944444444445, 49.916666666666664]}"
502S001.2024.11.26,2024-11-26 00:00:00,502S001,0,,30,,25,,26,11,2024,-5.7,,-7,,94,,-8.3,,MB,2,,40,,WINNIPEG A CS,27174,0,,,,,,"{""type"": ""Point"", ""coordinates"": [-97.24944444444445, 49.916666666666664]}"
502S001.2024.11.27,2024-11-27 00:00:00,502S001,0,,,,25.2,,27,11,2024,-5.8,,-7.2,,86,,-8.7,,MB,2,,,,WINNIPEG A CS,27174,0.2,,,,,,"{""type"": ""Point"", ""coordinates"": [-97.24944444444445, 49.916666666666664]}"
502S001.2024.11.28,2024-11-28 00:00:00,502S001,0,,31,,28.5,,28,11,2024,-8.5,,-10.5,,73,,-12.4,,MB,1,,43,,WINNIPEG A CS,27174,0.3,,,,,,"{""type"": ""Point"", ""coordinates"": [-97.24944444444445, 49.916666666666664]}"
502S001.2024.11.29,2024-11-29 00:00:00,502S001,0,,31,,34.3,,29,11,2024,-12.4,,-16.3,,71,,-20.3,,MB,1,,36,,WINNIPEG A CS,27174,0,,,,,,"{""type"": ""Point"", ""coordinates"": [-97.24944444444445, 49.916666666666664]}"
502S001.2024.11.30,2024-11-30 00:00:00,502S001,0,,30,,34.5,,30,11,2024,-11.8,,-16.5,,81,,-21.1,,MB,1,,36,,WINNIPEG A CS,27174,0,,,,,,"{""type"": ""Point"", ""coordinates"": [-97.24944444444445, 49.916666666666664]}"
502S001.2024.12.1,2024-12-01 00:00:00,502S001,0,,,,30.1,,1,12,2024,-8.8,,-12.1,,90,,-15.3,,MB,1,,,,WINNIPEG A CS,27174,0.6,,,,,,"{""type"": ""Point"", ""coordinates"": [-97.24944444444445, 49.916666666666664]}"
502S001.2024.12.2,2024-12-02 00:00:00,502S001,0,,36,,31.7,,2,12,2024,-9.1,,-13.7,,77,,-18.3,,MB,2,,36,,WINNIPEG A CS,27174,0,,,,,,"{""type"": ""Point"", ""coordinates"": [-97.24944444444445, 49.916666666666664]}"
502S001.2024.12.3,2024-12-03 00:00:00,502S001,0,,18,,25.4,,3,12,2024,-1.4,,-7.4,,82,,-13.4,,MB,2,,60,,WINNIPEG A CS,27174,0.9,,,,,,"{""type"": ""Point"", ""coordinates"": [-97.24944444444445, 49.916666666666664]}"
502S001.2024.12.4,2024-12-04 00:00:00,502S001,0,,32,,29.1,,4,12,2024,-6,,-11.1,,65,,-16.2,,MB,1,,76,,WINNIPEG A CS,27174,0,,,,,,"{""type"": ""Point"", ""coordinates"": [-97.24944444444445, 49.916666666666664]}"
502S001.2024.12.5,2024-12-05 00:00:00,502S001,0,,20,,31.9,,5,12,2024,-6.6,,-13.9,,75,,-21.3,,MB,1,,51,,WINNIPEG A CS,27174,0,,,,,,"{""type"": ""Point"", ""coordinates"": [-97.24944444444445, 49.916666666666664]}"
502S001.2024.12.6,2024-12-06 00:00:00,502S001,0,,17,,23.1,,6,12,2024,-2.5,,-5.1,,,M,-7.6,,MB,1,,31,,WINNIPEG A CS,27174,0,,,,,,"{""type"": ""Point"", ""coordinates"": [-97.24944444444445, 49.916666666666664]}"
502S001.2024.12.7,2024-12-07 00:00:00,502S001,0,,33,,17.3,,7,12,2024,3.9,,0.7,,,M,-2.6,,MB,1,,33,,WINNIPEG A CS,27174,0,,,,,,"{""type"": ""Point"", ""coordinates"": [-97.24944444444445, 49.916666666666664]}"
502S001.2024.12.8,2024-12-08 00:00:00,502S001,0,,4,,20.3,,8,12,2024,0.8,,-2.3,,,M,-5.4,,MB,,,39,,WINNIPEG A CS,27174,8.3,,,,,,"{""type"": ""Point"", ""coordinates"": [-97.24944444444445, 49.916666666666664]}"
502S001.2024.12.9,2024-12-09 00:00:00,502S001,0,,1,,26.5,,9,12,2024,-5.4,,-8.5,,82,,-11.5,,MB,6,,50,,WINNIPEG A CS,27174,0,,,,,,"{""type"": ""Point"", ""coordinates"": [-97.24944444444445, 49.916666666666664]}"
502S001.2024.12.10,2024-12-10 00:00:00,502S001,0,,33,,35.6,,10,12,2024,-8.7,,-17.6,,74,,-26.6,,MB,2,,49,,WINNIPEG A CS,27174,1.2,,,,,,"{""type"": ""Point"", ""coordinates"": [-97.24944444444445, 49.916666666666664]}"
502S001.2024.12.11,2024-12-11 00:00:00,502S001,0,,,,46.5,,11,12,2024,-24.5,,-28.5,,67,,-32.4,,MB,7,,,,WINNIPEG A CS,27174,0,,,,,,"{""type"": ""Point"", ""coordinates"": [-97.24944444444445, 49.916666666666664]}"
502S001.2024.12.12,2024-12-12 00:00:00,502S001,0,,,,45.4,,12,12,2024,-21.4,,-27.4,,68,,-33.4,,MB,5,,,,WINNIPEG A CS,27174,0,,,,,,"{""type"": ""Point"", ""coordinates"": [-97.24944444444445, 49.916666666666664]}"
502S001.2024.12.13,2024-12-13 00:00:00,502S001,,M,,M,,M,13,12,2024,,M,,M,,M,,M,MB,5,,,M,WINNIPEG A CS,27174,,M,,,,,"{""type"": ""Point"", ""coordinates"": [-97.24944444444445, 49.916666666666664]}"
502S001.2024.12.14,2024-12-14 00:00:00,502S001,0,,18,,25.3,,14,12,2024,-4.4,,-7.3,,71,,-10.2,,MB,1,,49,,WINNIPEG A CS,27174,0,,,,,,"{""type"": ""Point"", ""coordinates"": [-97.24944444444445, 49.916666666666664]}"
502S001.2024.12.15,2024-12-15 00:00:00,502S001,0,,18,,19.9,,15,12,2024,0.7,,-1.9,,,M,-4.4,,MB,4,,37,,WINNIPEG A CS,27174,1.3,,,,,,"{""type"": ""Point"", ""coordinates"": [-97.24944444444445, 49.916666666666664]}"
502S001.2024.12.16,2024-12-16 00:00:00,502S001,0,,32,,22.4,,16,12,2024,0.3,,-4.4,,,M,-9,,MB,3,,55,,WINNIPEG A CS,27174,1.7,,,,,,"{""type"": ""Point"", ""coordinates"": [-97.24944444444445, 49.916666666666664]}"
502S001.2024.12.17,2024-12-17 00:00:00,502S001,0,,33,,28.8,,17,12,2024,-8.6,,-10.8,,75,,-13,,MB,9,,37,,WINNIPEG A CS,27174,0,,,,,,"{""type"": ""Point"", ""coordinates"": [-97.24944444444445, 49.916666666666664]}"
502S001.2024.12.18,2024-12-18 00:00:00,502S001,0,,34,,37.4,,18,12,2024,-13,,-19.4,,61,,-25.8,,MB,7,,40,,WINNIPEG A CS,27174,0,,,,,,"{""type"": ""Point"", ""coordinates"": [-97.24944444444445, 49.916666666666664]}"
502S001.2024.12.19,2024-12-19 00:00:00,502S001,0,,6,,36.7,,19,12,2024,-14.6,,-18.7,,69,,-22.8,,MB,8,,40,,WINNIPEG A CS,27174,0.2,,,,,,"{""type"": ""Point"", ""coordinates"": [-97.24944444444445, 49.916666666666664]}"
502S001.2024.12.20,2024-12-20 00:00:00,502S001,0,,,,40.5,,20,12,2024,-18.5,,-22.5,,71,,-26.5,,MB,8,,,,WINNIPEG A CS,27174,0,,,,,,"{""type"": ""Point"", ""coordinates"": [-97.24944444444445, 49.916666666666664]}"
502S001.2024.12.21,2024-12-21 00:00:00,502S001,0,,18,,31.7,,21,12,2024,-7.8,,-13.7,,65,,-19.7,,MB,9,,44,,WINNIPEG A CS,27174,0,,,,,,"{""type"": ""Point"", ""coordinates"": [-97.24944444444445, 49.916666666666664]}"
502S001.2024.12.22,2024-12-22 00:00:00,502S001,0,,,,26.3,,22,12,2024,-7.3,,-8.3,,84,,-9.3,,MB,9,,,,WINNIPEG A CS,27174,0.1,,,,,,"{""type"": ""Point"", ""coordinates"": [-97.24944444444445, 49.916666666666664]}"
502S001.2024.12.23,2024-12-23 00:00:00,502S001,0,,19,,27.1,,23,12,2024,-8,,-9.1,,94,,-10.2,,MB,9,,36,,WINNIPEG A CS,27174,0.1,,,,,,"{""type"": ""Point"", ""coordinates"": [-97.24944444444445, 49.916666666666664]}"
502S001.2024.12.24,2024-12-24 00:00:00,502S001,0,,17,,26.1,,24,12,2024,-5.9,,-8.1,,91,,-10.3,,MB,9,,54,,WINNIPEG A CS,27174,0,,,,,,"{""type"": ""Point"", ""coordinates"": [-97.24944444444445, 49.916666666666664]}"
502S001.2024.12.25,2024-12-25 00:00:00,502S001,0,,18,,21.2,,25,12,2024,-0.5,,-3.2,,94,,-5.9,,MB,9,,63,,WINNIPEG A CS,27174,0,,,,,,"{""type"": ""Point"", ""coordinates"": [-97.24944444444445, 49.916666666666664]}"
502S001.2024.12.26,2024-12-26 00:00:00,502S001,0,,18,,19,,26,12,2024,0.3,,-1,,91,,-2.3,,MB,9,,55,,WINNIPEG A CS,27174,0,,,,,,"{""type"": ""Point"", ""coordinates"": [-97.24944444444445, 49.916666666666664]}"
502S001.2024.12.27,2024-12-27 00:00:00,502S001,0,,18,,17.4,,27,12,2024,2.1,,0.6,,,M,-0.9,,MB,8,,37,,WINNIPEG A CS,27174,0.1,,,,,,"{""type"": ""Point"", ""coordinates"": [-97.24944444444445, 49.916666666666664]}"
502S001.2024.12.28,2024-12-28 00:00:00,502S001,0,,18,,20.8,,28,12,2024,1.5,,-2.8,,,M,-7.1,,MB,7,,35,,WINNIPEG A CS,27174,0,,,,,,"{""type"": ""Point"", ""coordinates"": [-97.24944444444445, 49.916666666666664]}"
502S001.2024.12.29,2024-12-29 00:00:00,502S001,0,,,,23.5,,29,12,2024,-0.9,,-5.5,,79,,-10.1,,MB,6,,,,WINNIPEG A CS,27174,0,,,,,,"{""type"": ""Point"", ""coordinates"": [-97.24944444444445, 49.916666666666664]}"
502S001.2024.12.30,2024-12-30 00:00:00,502S001,0,,,,23.8,,30,12,2024,-3.2,,-5.8,,95,,-8.4,,MB,6,,,,WINNIPEG A CS,27174,0,,,,,,"{""type"": ""Point"", ""coordinates"": [-97.24944444444445, 49.916666666666664]}"
502S001.2024.12.31,2024-12-31 00:00:00,502S001,0,,31,,25.7,,31,12,2024,-4,,-7.7,,75,,-11.3,,MB,6,,33,,WINNIPEG A CS,27174,0.2,,,,,,"{""type"": ""Point"", ""coordinates"": [-97.24944444444445, 49.916666666666664]}"
502S001.2025.1.1,2025-01-01 00:00:00,502S001,0,,30,,30.9,,1,1,2025,-11,,-12.9,,86,,-14.8,,MB,6,,37,,WINNIPEG A CS,27174,0,,,,,,"{""type"": ""Point"", ""coordinates"": [-97.24944444444445, 49.916666666666664]}"
502S001.2025.1.2,2025-01-02 00:00:00,502S001,0,,31,,35,,2,1,2025,-12.9,,-17,,78,,-21.2,,MB,7,,35,,WINNIPEG A CS,27174,0.4,,,,,,"{""type"": ""Point"", ""coordinates"": [-97.24944444444445, 49.916666666666664]}"
502S001.2025.1.3,2025-01-03 00:00:00,502S001,0,,32,,40.8,,3,1,2025,-19.8,,-22.8,,70,,-25.9,,MB,6,,31,,WINNIPEG A CS,27174,0,,,,,,"{""type"": ""Point"", ""coordinates"": [-97.24944444444445, 49.916666666666664]}"
502S001.2025.1.4,2025-01-04 00:00:00,502S001,0,,,,43.9,,4,1,2025,-22.2,,-25.9,,69,,-29.5,,MB,6,,,,WINNIPEG A CS,27174,0,,,,,,"{""type"": ""Point"", ""coordinates"": [-97.24944444444445, 49.916666666666664]}"
502S001.2025.1.5,2025-01-05 00:00:00,502S001,0,,,,43,,5,1,2025,-20.8,,-25,,65,,-29.2,,MB,6,,,,WINNIPEG A CS,27174,0,,,,,,"{""type"": ""Point"", ""coordinates"": [-97.24944444444445, 49.916666666666664]}"
502S001.2025.1.6,2025-01-06 00:00:00,502S001,0,,,,38.1,,6,1,2025,-14.6,,-20.1,,52,,-25.6,,MB,6,,,,WINNIPEG A CS,27174,0,,,,,,"{""type"": ""Point"", ""coordinates"": [-97.24944444444445, 49.916666666666664]}"
502S001.2025.1.7,2025-01-07 00:00:00,502S001,0,,,,34.4,,7,1,2025,-14.5,,-16.4,,74,,-18.3,,MB,6,,,,WINNIPEG A CS,27174,0.1,,,,,,"{""type"": ""Point"", ""coordinates"": [-97.24944444444445, 49.916666666666664]}"
502S001.2025.1.8,2025-01-08 00:00:00,502S001,0,,17,,31,,8,1,2025,-8.2,,-13,,79,,-17.7,,MB,6,,54,,WINNIPEG A CS,27174,0,,,,,,"{""type"": ""Point"", ""coordinates"": [-97.24944444444445, 49.916666666666664]}"
502S001.2025.1.9,2025-01-09 00:00:00,502S001,0,,32,,23,,9,1,2025,-0.2,,-5,,76,,-9.9,,MB,6,,41,,WINNIPEG A CS,27174,1.4,,,,,,"{""type"": ""Point"", ""coordinates"": [-97.24944444444445, 49.916666666666664]}"
502S001.2025.1.10,2025-01-10 00:00:00,502S001,0,,34,,30.3,,10,1,2025,-9.9,,-12.3,,66,,-14.7,,MB,6,,34,,WINNIPEG A CS,27174,0,,,,,,"{""type"": ""Point"", ""coordinates"": [-97.24944444444445, 49.916666666666664]}"
502S001.2025.1.11,2025-01-11 00:00:00,502S001,0,,36,,29.4,,11,1,2025,-9.5,,-11.4,,81,,-13.3,,MB,5,,36,,WINNIPEG A CS,27174,0.5,,,,,,"{""type"": ""Point"", ""coordinates"": [-97.24944444444445, 49.916666666666664]}"
502S001.2025.1.12,2025-01-12 00:00:00,502S001,0,,35,,37.3,,12,1,2025,-12.8,,-19.3,,74,,-25.7,,MB,5,,46,,WINNIPEG A CS,27174,0,,,,,,"{""type"": ""Point"", ""coordinates"": [-97.24944444444445, 49.916666666666664]}"
502S001.2025.1.13,2025-01-13 00:00:00,502S001,0,,,,42.5,,13,1,2025,-21.6,,-24.5,,74,,-27.3,,MB,6,,,,WINNIPEG A CS,27174,0,,,,,,"{""type"": ""Point"", ""coordinates"": [-97.24944444444445, 49.916666666666664]}"
502S001.2025.1.14,2025-01-14 00:00:00,502S001,0,,19,,41.2,,14,1,2025,-17.8,,-23.2,,70,,-28.5,,MB,5,,45,,WINNIPEG A CS,27174,0,,,,,,"{""type"": ""Point"", ""coordinates"": [-97.24944444444445, 49.916666666666664]}"
502S001.2025.1.15,2025-01-15 00:00:00,502S001,0,,31,,26.1,,15,1,2025,2.3,,-8.1,,72,,-18.5,,MB,6,,59,,WINNIPEG A CS,27174,0,,,,,,"{""type"": ""Point"", ""coordinates"": [-97.24944444444445, 49.916666666666664]}"
502S001.2025.1.16,2025-01-16 00:00:00,502S001,0,,17,,22.2,,16,1,2025,0.5,,-4.2,,77,,-8.9,,MB,6,,61,,WINNIPEG A CS,27174,0,,,,,,"{""type"": ""Point"", ""coordinates"": [-97.24944444444445, 49.916666666666664]}"
502S001.2025.1.17,2025-01-17 00:00:00,502S001,0,,33,,26.7,,17,1,2025,2.3,,-8.7,,57,,-19.6,,MB,5,,84,,WINNIPEG A CS,27174,0,,,,,,"{""type"": ""Point"", ""coordinates"": [-97.24944444444445, 49.916666666666664]}"
502S001.2025.1.18,2025-01-18 00:00:00,502S001,0,,32,,42.4,,18,1,2025,-19.3,,-24.4,,60,,-29.6,,MB,5,,49,,WINNIPEG A CS,27174,0,,,,,,"{""type"": ""Point"", ""coordinates"": [-97.24944444444445, 49.916666666666664]}"
502S001.2025.1.19,2025-01-19 00:00:00,502S001,0,,31,,45.2,,19,1,2025,-24.8,,-27.2,,62,,-29.6,,MB,5,,35,,WINNIPEG A CS,27174,0,,,,,,"{""type"": ""Point"", ""coordinates"": [-97.24944444444445, 49.916666666666664]}"
502S001.2025.1.20,2025-01-20 00:00:00,502S001,,M,,M,,M,20,1,2025,,M,,M,,M,,M,MB,5,,,M,WINNIPEG A CS,27174,,M,,,,,"{""type"": ""Point"", ""coordinates"": [-97.24944444444445, 49.916666666666664]}"
502S001.2025.1.21,2025-01-21 00:00:00,502S001,0,,19,,39.2,,21,1,2025,-12.5,,-21.2,,63,,-29.8,,MB,5,,59,,WINNIPEG A CS,27174,0.7,,,,,,"{""type"": ""Point"", ""coordinates"": [-97.24944444444445, 49.916666666666664]}"
502S001.2025.1.22,2025-01-22 00:00:00,502S001,0,,36,,37,,22,1,2025,-12.5,,-19,,69,,-25.6,,MB,9,,41,,WINNIPEG A CS,27174,0.1,,,,,,"{""type"": ""Point"", ""coordinates"": [-97.24944444444445, 49.916666666666664]}"
502S001.2025.1.23,2025-01-23 00:00:00,502S001,0,,18,,37.7,,23,1,2025,-12.3,,-19.7,,74,,-27.2,,MB,5,,44,,WINNIPEG A CS,27174,0,,,,,,"{""type"": ""Point"", ""coordinates"": [-97.24944444444445, 49.916666666666664]}"
502S001.2025.1.24,2025-01-24 00:00:00,502S001,0,,18,,25,,24,1,2025,-1.5,,-7,,80,,-12.4,,MB,6,,50,,WINNIPEG A CS,27174,0.6,,,,,,"{""type"": ""Point"", ""coordinates"": [-97.24944444444445, 49.916666666666664]}"
502S001.2025.1.25,2025-01-25 00:00:00,502S001,0,,33,,27.4,,25,1,2025,-3.9,,-9.4,,68,,-14.9,,MB,6,,59,,WINNIPEG A CS,27174,0.8,,,,,,"{""type"": ""Point"", ""coordinates"": [-97.24944444444445, 49.916666666666664]}"
502S001.2025.1.26,2025-01-26 00:00:00,502S001,0,,25,,25.8,,26,1,2025,-3.1,,-7.8,,70,,-12.4,,MB,5,,53,,WINNIPEG A CS,27174,0,,,,,,"{""type"": ""Point"", ""coordinates"": [-97.24944444444445, 49.916666666666664]}"
502S001.2025.1.27,2025-01-27 00:00:00,502S001,0,,26,,22.8,,27,1,2025,-0.2,,-4.8,,55,,-9.4,,MB,5,,48,,WINNIPEG A CS,27174,0.2,,,,,,"{""type"": ""Point"", ""coordinates"": [-97.24944444444445, 49.916666666666664]}"
502S001.2025.1.28,2025-01-28 00:00:00,502S001,0,,33,,23.2,,28,1,2025,3.4,,-5.2,,63,,-13.7,,MB,5,,69,,WINNIPEG A CS,27174,0,,,,,,"{""type"": ""Point"", ""coordinates"": [-97.24944444444445, 49.916666666666664]}"
502S001.2025.1.29,2025-01-29 00:00:00,502S001,0,,19,,27.6,,29,1,2025,-3.2,,-9.6,,72,,-16,,MB,3,,38,,WINNIPEG A CS,27174,0,,,,,,"{""type"": ""Point"", ""coordinates"": [-97.24944444444445, 49.916666666666664]}"
502S001.2025.1.30,2025-01-30 00:00:00,502S001,0,,1,,26.1,,30,1,2025,-2.7,,-8.1,,76,,-13.5,,MB,3,,40,,WINNIPEG A CS,27174,0,,,,,,"{""type"": ""Point"", ""coordinates"": [-97.24944444444445, 49.916666666666664]}"
502S001.2025.1.31,2025-01-31 00:00:00,502S001,0,,1,,37.1,,31,1,2025,-13.5,,-19.1,,65,,-24.6,,MB,4,,43,,WINNIPEG A CS,27174,0,,,,,,"{""type"": ""Point"", ""coordinates"": [-97.24944444444445, 49.916666666666664]}"
502S001.2025.2.1,2025-02-01 00:00:00,502S001,0,,12,,30,,1,2,2025,-5.4,,-12,,63,,-18.6,,MB,4,,46,,WINNIPEG A CS,27174,0.4,,,,,,"{""type"": ""Point"", ""coordinates"": [-97.24944444444445, 49.916666666666664]}"
502S001.2025.2.2,2025-02-02 00:00:00,502S001,0,,28,,31,,2,2,2025,-4.7,,-13,,66,,-21.3,,MB,4,,55,,WINNIPEG A CS,27174,0.4,,,,,,"{""type"": ""Point"", ""coordinates"": [-97.24944444444445, 49.916666666666664]}"
502S001.2025.2.3,2025-02-03 00:00:00,502S001,0,,30,,39.2,,3,2,2025,-19,,-21.2,,66,,-23.5,,MB,4,,47,,WINNIPEG A CS,27174,0.1,,,,,,"{""type"": ""Point"", ""coordinates"": [-97.24944444444445, 49.916666666666664]}"
502S001.2025.2.4,2025-02-04 00:00:00,502S001,0,,,,40.4,,4,2,2025,-17.9,,-22.4,,59,,-26.9,,MB,4,,,,WINNIPEG A CS,27174,0,,,,,,"{""type"": ""Point"", ""coordinates"": [-97.24944444444445, 49.916666666666664]}"
502S001.2025.2.5,2025-02-05 00:00:00,502S001,0,,12,,32.7,,5,2,2025,-10,,-14.7,,47,,-19.4,,MB,4,,33,,WINNIPEG A CS,27174,2.5,,,,,,"{""type"": ""Point"", ""coordinates"": [-97.24944444444445, 49.916666666666664]}"
502S001.2025.2.6,2025-02-06 00:00:00,502S001,0,,32,,32.2,,6,2,2025,-11.5,,-14.2,,75,,-16.9,,MB,4,,53,,WINNIPEG A CS,27174,0,,,,,,"{""type"": ""Point"", ""coordinates"": [-97.24944444444445, 49.916666666666664]}"
502S001.2025.2.7,2025-02-07 00:00:00,502S001,0,,,,32.3,,7,2,2025,-10.1,,-14.3,,67,,-18.4,,MB,5,,,,WINNIPEG A CS,27174,0,,,,,,"{""type"": ""Point"", ""coordinates"": [-97.24944444444445, 49.916666666666664]}"
502S001.2025.2.8,2025-02-08 00:00:00,502S001,0,,,,35.7,,8,2,2025,-15.6,,-17.7,,66,,-19.9,,MB,5,,,,WINNIPEG A CS,27174,0,,,,,,"{""type"": ""Point"", ""coordinates"": [-97.24944444444445, 49.916666666666664]}"
502S001.2025.2.9,2025-02-09 00:00:00,502S001,0,,,,36.5,,9,2,2025,-14.1,,-18.5,,72,,-23,,MB,5,,,,WINNIPEG A CS,27174,0,,,,,,"{""type"": ""Point"", ""coordinates"": [-97.24944444444445, 49.916666666666664]}"
502S001.2025.2.10,2025-02-10 00:00:00,502S001,0,,30,,40.5,,10,2,2025,-17.1,,-22.5,,66,,-27.9,,MB,6,,38,,WINNIPEG A CS,27174,0,,,,,,"{""type"": ""Point"", ""coordinates"": [-97.24944444444445, 49.916666666666664]}"
502S001.2025.2.11,2025-02-11 00:00:00,502S001,0,,19,,42,,11,2,2025,-18.6,,-24,,50,,-29.4,,MB,5,,34,,WINNIPEG A CS,27174,0,,,,,,"{""type"": ""Point"", ""coordinates"": [-97.24944444444445, 49.916666666666664]}"
502S001.2025.2.12,2025-02-12 00:00:00,502S001,0,,,,43.3,,12,2,2025,-20.6,,-25.3,,64,,-30,,MB,5,,,,WINNIPEG A CS,27174,0,,,,,,"{""type"": ""Point"", ""coordinates"": [-97.24944444444445, 49.916666666666664]}"
502S001.2025.2.13,2025-02-13 00:00:00,502S001,0,,19,,41.8,,13,2,2025,-17,,-23.8,,59,,-30.5,,MB,5,,33,,WINNIPEG A CS,27174,0,,,,,,"{""type"": ""Point"", ""coordinates"": [-97.24944444444445, 49.916666666666664]}"
502S001.2025.2.14,2025-02-14 00:00:00,502S001,0,,3,,40.3,,14,2,2025,-18.9,,-22.3,,62,,-25.8,,MB,5,,39,,WINNIPEG A CS,27174,0,,,,,,"{""type"": ""Point"", ""coordinates"": [-97.24944444444445, 49.916666666666664]}"
502S001.2025.2.15,2025-02-15 00:00:00,502S001,0,,,,41.5,,15,2,2025,-19.6,,-23.5,,60,,-27.5,,MB,5,,,,WINNIPEG A CS,27174,0,,,,,,"{""type"": ""Point"", ""coordinates"": [-97.24944444444445, 49.916666666666664]}"
502S001.2025.2.16,2025-02-16 00:00:00,502S001,0,,31,,44,,16,2,2025,-22.2,,-26,,65,,-29.7,,MB,5,,42,,WINNIPEG A CS,27174,0,,,,,,"{""type"": ""Point"", ""coordinates"": [-97.24944444444445, 49.916666666666664]}"
502S001.2025.2.17,2025-02-17 00:00:00,502S001,0,,32,,45.2,,17,2,2025,-23.2,,-27.2,,68,,-31.2,,MB,5,,34,,WINNIPEG A CS,27174,0,,,,,,"{""type"": ""Point"", ""coordinates"": [-97.24944444444445, 49.916666666666664]}"
502S001.2025.2.18,2025-02-18 00:00:00,502S001,0,,31,,44.3,,18,2,2025,-20.4,,-26.3,,58,,-32.2,,MB,5,,34,,WINNIPEG A CS,27174,0,,,,,,"{""type"": ""Point"", ""coordinates"": [-97.24944444444445, 49.916666666666664]}"
502S001.2025.2.19,2025-02-19 00:00:00,502S001,0,,,,40.9,,19,2,2025,-17.2,,-22.9,,51,,-28.6,,MB,5,,,,WINNIPEG A CS,27174,0,,,,,,"{""type"": ""Point"", ""coordinates"": [-97.24944444444445, 49.916666666666664]}"
502S001.2025.2.20,2025-02-20 00:00:00,502S001,0,,18,,38.6,,20,2,2025,-13.4,,-20.6,,38,,-27.9,,MB,5,,40,,WINNIPEG A CS,27174,0,,,,,,"{""type"": ""Point"", ""coordinates"": [-97.24944444444445, 49.916666666666664]}"
502S001.2025.2.21,2025-02-21 00:00:00,502S001,0,,19,,30.1,,21,2,2025,-7.1,,-12.1,,62,,-17.2,,MB,5,,47,,WINNIPEG A CS,27174,0,,,,,,"{""type"": ""Point"", ""coordinates"": [-97.24944444444445, 49.916666666666664]}"
502S001.2025.2.22,2025-02-22 00:00:00,502S001,0,,,,24.9,,22,2,2025,-5.2,,-6.9,,74,,-8.5,,MB,5,,,,WINNIPEG A CS,27174,0,,,,,,"{""type"": ""Point"", ""coordinates"": [-97.24944444444445, 49.916666666666664]}"
502S001.2025.2.23,2025-02-23 00:00:00,502S001,0,,18,,21.2,,23,2,2025,3.8,,-3.2,,75,,-10.2,,MB,5,,52,,WINNIPEG A CS,27174,0,,,,,,"{""type"": ""Point"", ""coordinates"": [-97.24944444444445, 49.916666666666664]}"
502S001.2025.2.24,2025-02-24 00:00:00,502S001,0,,28,,17.1,,24,2,2025,3.7,,0.9,,74,,-1.8,,MB,2,,54,,WINNIPEG A CS,27174,0,,,,,,"{""type"": ""Point"", ""coordinates"": [-97.24944444444445, 49.916666666666664]}"
502S001.2025.2.25,2025-02-25 00:00:00,502S001,0,,17,,18.5,,25,2,2025,2.6,,-0.5,,77,,-3.6,,MB,1,,39,,WINNIPEG A CS,27174,0,,,,,,"{""type"": ""Point"", ""coordinates"": [-97.24944444444445, 49.916666666666664]}"
502S001.2025.2.26,2025-02-26 00:00:00,502S001,0,,33,,19.8,,26,2,2025,1.9,,-1.8,,,M,-5.5,,MB,2,,43,,WINNIPEG A CS,27174,0.2,,,,,,"{""type"": ""Point"", ""coordinates"": [-97.24944444444445, 49.916666666666664]}"
502S001.2025.2.27,2025-02-27 00:00:00,502S001,0,,32,,20.6,,27,2,2025,2.9,,-2.6,,64,,-8.2,,MB,2,,60,,WINNIPEG A CS,27174,0,,,,,,"{""type"": ""Point"", ""coordinates"": [-97.24944444444445, 49.916666666666664]}"
502S001.2025.2.28,2025-02-28 00:00:00,502S001,0,,32,,25.6,,28,2,2025,3.1,,-7.6,,43,,-18.3,,MB,2,,82,,WINNIPEG A CS,27174,0,,,,,,"{""type"": ""Point"", ""coordinates"": [-97.24944444444445, 49.916666666666664]}"
502S001.2025.3.1,2025-03-01 00:00:00,502S001,0,,19,,32.7,,1,3,2025,-7.7,,-14.7,,52,,-21.6,,MB,2,,32,,WINNIPEG A CS,27174,0,,,,,,"{""type"": ""Point"", ""coordinates"": [-97.24944444444445, 49.916666666666664]}"
502S001.2025.3.2,2025-03-02 00:00:00,502S001,0,,19,,21.3,,2,3,2025,2.8,,-3.3,,60,,-9.4,,MB,3,,36,,WINNIPEG A CS,27174,0,,,,,,"{""type"": ""Point"", ""coordinates"": [-97.24944444444445, 49.916666666666664]}"
502S001.2025.3.3,2025-03-03 00:00:00,502S001,0,,1,,18.1,,3,3,2025,4.6,,-0.1,,70,,-4.7,,MB,1,,32,,WINNIPEG A CS,27174,0,,,,,,"{""type"": ""Point"", ""coordinates"": [-97.24944444444445, 49.916666666666664]}"
502S001.2025.3.4,2025-03-04 00:00:00,502S001,0,,35,,23.4,,4,3,2025,-0.7,,-5.4,,64,,-10.1,,MB,1,,41,,WINNIPEG A CS,27174,0,,,,,,"{""type"": ""Point"", ""coordinates"": [-97.24944444444445, 49.916666666666664]}"
502S001.2025.3.5,2025-03-05 00:00:00,502S001,0,,,,25.7,,5,3,2025,-0.8,,-7.7,,62,,-14.7,,MB,1,,,,WINNIPEG A CS,27174,0,,,,,,"{""type"": ""Point"", ""coordinates"": [-97.24944444444445, 49.916666666666664]}"
502S001.2025.3.6,2025-03-06 00:00:00,502S001,0,,33,,23.8,,6,3,2025,-1,,-5.8,,52,,-10.6,,MB,1,,45,,WINNIPEG A CS,27174,0,,,,,,"{""type"": ""Point"", ""coordinates"": [-97.24944444444445, 49.916666666666664]}"
502S001.2025.3.7,2025-03-07 00:00:00,502S001,0,,19,,26.9,,7,3,2025,-1.8,,-8.9,,39,,-16.1,,MB,1,,38,,WINNIPEG A CS,27174,0,,,,,,"{""type"": ""Point"", ""coordinates"": [-97.24944444444445, 49.916666666666664]}"
502S001.2025.3.8,2025-03-08 00:00:00,502S001,0,,23,,19.2,,8,3,2025,4.7,,-1.2,,65,,-7.1,,MB,1,,33,,WINNIPEG A CS,27174,0,,,,,,"{""type"": ""Point"", ""coordinates"": [-97.24944444444445, 49.916666666666664]}"
502S001.2025.3.9,2025-03-09 00:00:00,502S001,0,,,,16.1,,9,3,2025,4.7,,1.9,,59,,-0.8,,MB,1,,,,WINNIPEG A CS,27174,0,,,,,,"{""type"": ""Point"", ""coordinates"": [-97.24944444444445, 49.916666666666664]}"
502S001.2025.3.10,2025-03-10 00:00:00,502S001,0,,35,,26.3,,10,3,2025,-0.1,,-8.3,,53,,-16.6,,MB,1,,59,,WINNIPEG A CS,27174,0,,,,,,"{""type"": ""Point"", ""coordinates"": [-97.24944444444445, 49.916666666666664]}"
502S001.2025.3.11,2025-03-11 00:00:00,502S001,0,,17,,30.9,,11,3,2025,-7.3,,-12.9,,53,,-18.6,,MB,1,,35,,WINNIPEG A CS,27174,0,,,,,,"{""type"": ""Point"", ""coordinates"": [-97.24944444444445, 49.916666666666664]}"
502S001.2025.3.12,2025-03-12 00:00:00,502S001,0,,,,21.9,,12,3,2025,2.1,,-3.9,,61,,-9.9,,MB,1,,,,WINNIPEG A CS,27174,0,,,,,,"{""type"": ""Point"", ""coordinates"": [-97.24944444444445, 49.916666666666664]}"
502S001.2025.3.13,2025-03-13 00:00:00,502S001,0,,9,,19.3,,13,3,2025,3,,-1.3,,65,,-5.7,,MB,1,,39,,WINNIPEG A CS,27174,0.3,,,,,,"{""type"": ""Point"", ""coordinates"": [-97.24944444444445, 49.916666666666664]}"
502S001.2025.3.14,2025-03-14 00:00:00,502S001,0,,33,,18.9,,14,3,2025,4.7,,-0.9,,71,,-6.5,,MB,1,,54,,WINNIPEG A CS,27174,0,,,,,,"{""type"": ""Point"", ""coordinates"": [-97.24944444444445, 49.916666666666664]}"
502S001.2025.3.15,2025-03-15 00:00:00,502S001,0,,33,,26.8,,15,3,2025,-6.4,,-8.8,,63,,-11.1,,MB,1,,63,,WINNIPEG A CS,27174,0,,,,,,"{""type"": ""Point"", ""coordinates"": [-97.24944444444445, 49.916666666666664]}"
502S001.2025.3.16,2025-03-16 00:00:00,502S001,0,,,,27.9,,16,3,2025,-4.5,,-9.9,,53,,-15.3,,MB,1,,,,WINNIPEG A CS,27174,0,,,,,,"{""type"": ""Point"", ""coordinates"": [-97.24944444444445, 49.916666666666664]}"
502S001.2025.3.17,2025-03-17 00:00:00,502S001,0,,5,,21.9,,17,3,2025,0.3,,-3.9,,51,,-8,,MB,1,,35,,WINNIPEG A CS,27174,0,,,,,,"{""type"": ""Point"", ""coordinates"": [-97.24944444444445, 49.916666666666664]}"
502S001.2025.3.18,2025-03-18 00:00:00,502S001,0,,,,21.1,,18,3,2025,1.1,,-3.1,,59,,-7.3,,MB,1,,,,WINNIPEG A CS,27174,0,,,,,,"{""type"": ""Point"", ""coordinates"": [-97.24944444444445, 49.916666666666664]}"
502S001.2025.3.19,2025-03-19 00:00:00,502S001,0,,30,,20.7,,19,3,2025,2.7,,-2.7,,55,,-8.1,,MB,1,,34,,WINNIPEG A CS,27174,0,,,,,,"{""type"": ""Point"", ""coordinates"": [-97.24944444444445, 49.916666666666664]}"
502S001.2025.3.20,2025-03-20 00:00:00,502S001,0,,1,,17.6,,20,3,2025,7.7,,0.4,,50,,-7,,MB,1,,58,,WINNIPEG A CS,27174,0,,,,,,"{""type"": ""Point"", ""coordinates"": [-97.24944444444445, 49.916666666666664]}"
502S001.2025.3.21,2025-03-21 00:00:00,502S001,0,,2,,27.6,,21,3,2025,-4.8,,-9.6,,45,,-14.3,,MB,1,,52,,WINNIPEG A CS,27174,0,,,,,,"{""type"": ""Point"", ""coordinates"": [-97.24944444444445, 49.916666666666664]}"
502S001.2025.3.22,2025-03-22 00:00:00,502S001,0,,11,,26.8,,22,3,2025,-2.1,,-8.8,,36,,-15.6,,MB,1,,35,,WINNIPEG A CS,27174,0.5,,,,,,"{""type"": ""Point"", ""coordinates"": [-97.24944444444445, 49.916666666666664]}"
502S001.2025.3.23,2025-03-23 00:00:00,502S001,0,,31,,23.1,,23,3,2025,0.3,,-5.1,,53,,-10.5,,MB,1,,35,,WINNIPEG A CS,27174,0.1,,,,,,"{""type"": ""Point"", ""coordinates"": [-97.24944444444445, 49.916666666666664]}"
502S001.2025.3.24,2025-03-24 00:00:00,502S001,0,,,,21.3,,24,3,2025,5.8,,-3.3,,40,,-12.3,,MB,1,,,,WINNIPEG A CS,27174,0,,,,,,"{""type"": ""Point"", ""coordinates"": [-97.24944444444445, 49.916666666666664]}"
502S001.2025.3.25,2025-03-25 00:00:00,502S001,0,,,,17,,25,3,2025,9,,1,,38,,-7,,MB,1,,,,WINNIPEG A CS,27174,0,,,,,,"{""type"": ""Point"", ""coordinates"": [-97.24944444444445, 49.916666666666664]}"
502S001.2025.3.26,2025-03-26 00:00:00,502S001,0,,3,,13.8,,26,3,2025,11.7,,4.2,,37,,-3.2,,MB,1,,44,,WINNIPEG A CS,27174,0,,,,,,"{""type"": ""Point"", ""coordinates"": [-97.24944444444445, 49.916666666666664]}"
502S001.2025.3.27,2025-03-27 00:00:00,502S001,0,,6,,21.6,,27,3,2025,0,,-3.6,,55,,-7.3,,MB,1,,38,,WINNIPEG A CS,27174,8,,,,,,"{""type"": ""Point"", ""coordinates"": [-97.24944444444445, 49.916666666666664]}"
502S001.2025.3.28,2025-03-28 00:00:00,502S001,0,,5,,21.7,,28,3,2025,-2.3,,-3.7,,70,,-5.1,,MB,14,,46,,WINNIPEG A CS,27174,2.4,,,,,,"{""type"": ""Point"", ""coordinates"": [-97.24944444444445, 49.916666666666664]}"
502S001.2025.3.29,2025-03-29 00:00:00,502S001,0,,2,,23.1,,29,3,2025,-2,,-5.1,,57,,-8.2,,MB,4,,34,,WINNIPEG A CS,27174,0,,,,,,"{""type"": ""Point"", ""coordinates"": [-97.24944444444445, 49.916666666666664]}"
502S001.2025.3.30,2025-03-30 00:00:00,502S001,0,,2,,24.1,,30,3,2025,-0.6,,-6.1,,48,,-11.6,,MB,3,,34,,WINNIPEG A CS,27174,0,,,,,,"{""type"": ""Point"", ""coordinates"": [-97.24944444444445, 49.916666666666664]}"
502S001.2025.3.31,2025-03-31 00:00:00,502S001,0,,,,25.1,,31,3,2025,0.6,,-7.1,,28,,-14.8,,MB,1,,,,WINNIPEG A CS,27174,0,,,,,,"{""type"": ""Point"", ""coordinates"": [-97.24944444444445, 49.916666666666664]}"
502S001.2025.4.1,2025-04-01 00:00:00,502S001,0,,13,,19.6,,1,4,2025,3.9,,-1.6,,39,,-7.1,,MB,0,,44,,WINNIPEG A CS,27174,0,,,,,,"{""type"": ""Point"", ""coordinates"": [-97.24944444444445, 49.916666666666664]}"
502S001.2025.4.2,2025-04-02 00:00:00,502S001,0,,2,,17.3,,2,4,2025,1.7,,0.7,,,M,-0.3,,MB,1,,33,,WINNIPEG A CS,27174,1.9,,,,,,"{""type"": ""Point"", ""coordinates"": [-97.24944444444445, 49.916666666666664]}"
502S001.2025.4.3,2025-04-03 00:00:00,502S001,0,,,,16.9,,3,4,2025,3.9,,1.1,,,M,-1.8,,MB,1,,,,WINNIPEG A CS,27174,0.1,,,,,,"{""type"": ""Point"", ""coordinates"": [-97.24944444444445, 49.916666666666664]}"
502S001.2025.4.4,2025-04-04 00:00:00,502S001,0,,31,,19.6,,4,4,2025,1.3,,-1.6,,50,,-4.5,,MB,1,,39,,WINNIPEG A CS,27174,0,,,,,,"{""type"": ""Point"", ""coordinates"": [-97.24944444444445, 49.916666666666664]}"
502S001.2025.4.5,2025-04-05 00:00:00,502S001,0,,30,,18.3,,5,4,2025,5.3,,-0.3,,48,,-5.9,,MB,0,,38,,WINNIPEG A CS,27174,0,,,,,,"{""type"": ""Point"", ""coordinates"": [-97.24944444444445, 49.916666666666664]}"
502S001.2025.4.6,2025-04-06 00:00:00,502S001,0,,2,,20.5,,6,4,2025,1.6,,-2.5,,52,,-6.6,,MB,0,,48,,WINNIPEG A CS,27174,0,,,,,,"{""type"": ""Point"", ""coordinates"": [-97.24944444444445, 49.916666666666664]}"
502S001.2025.4.7,2025-04-07 00:00:00,502S001,0,,,,22.6,,7,4,2025,0,,-4.6,,41,,-9.2,,MB,0,,,,WINNIPEG A CS,27174,0,,,,,,"{""type"": ""Point"", ""coordinates"": [-97.24944444444445, 49.916666666666664]}"
502S001.2025.4.8,2025-04-08 00:00:00,502S001,0,,16,,17.2,,8,4,2025,7.9,,0.8,,31,,-6.3,,MB,0,,38,,WINNIPEG A CS,27174,0,,,,,,"{""type"": ""Point"", ""coordinates"": [-97.24944444444445, 49.916666666666664]}"
502S001.2025.4.9,2025-04-09 00:00:00,502S001,0,,10,,14.2,,9,4,2025,6.7,,3.8,,50,,0.8,,MB,0,,36,,WINNIPEG A CS,27174,3.1,,,,,,"{""type"": ""Point"", ""coordinates"": [-97.24944444444445, 49.916666666666664]}"
502S001.2025.4.10,2025-04-10 00:00:00,502S001,0,,,,14.1,,10,4,2025,8.7,,3.9,,71,,-0.9,,MB,0,,,,WINNIPEG A CS,27174,0,,,,,,"{""type"": ""Point"", ""coordinates"": [-97.24944444444445, 49.916666666666664]}"
502S001.2025.4.11,2025-04-11 00:00:00,502S001,0,,17,,11.5,,11,4,2025,15.6,,6.5,,,M,-2.7,,MB,,,59,,WINNIPEG A CS,27174,0,,,,,,"{""type"": ""Point"", ""coordinates"": [-97.24944444444445, 49.916666666666664]}"
502S001.2025.4.12,2025-04-12 00:00:00,502S001,0,,18,,8,,12,4,2025,17.3,,10,,31,,2.7,,MB,,,56,,WINNIPEG A CS,27174,0,,,,,,"{""type"": ""Point"", ""coordinates"": [-97.24944444444445, 49.916666666666664]}"
502S001.2025.4.13,2025-04-13 00:00:00,502S001,0,,35,,13.6,,13,4,2025,8.1,,4.4,,66,,0.7,,MB,,,39,,WINNIPEG A CS,27174,0.3,,,,,,"{""type"": ""Point"", ""coordinates"": [-97.24944444444445, 49.916666666666664]}"
502S001.2025.4.14,2025-04-14 00:00:00,502S001,0,,34,,15.7,,14,4,2025,6.8,,2.3,,,M,-2.2,,MB,0,,51,,WINNIPEG A CS,27174,0.5,,,,,,"{""type"": ""Point"", ""coordinates"": [-97.24944444444445, 49.916666666666664]}"
502S001.2025.4.15,2025-04-15 00:00:00,502S001,0,,,,15,,15,4,2025,9.2,,3,,32,,-3.1,,MB,,,,,WINNIPEG A CS,27174,0,,,,,,"{""type"": ""Point"", ""coordinates"": [-97.24944444444445, 49.916666666666664]}"
502S001.2025.4.16,2025-04-16 00:00:00,502S001,,M,,M,,M,16,4,2025,,M,,M,,M,,M,MB,,,,M,WINNIPEG A CS,27174,,M,,,,,"{""type"": ""Point"", ""coordinates"": [-97.24944444444445, 49.916666666666664]}"
502S001.2025.4.17,2025-04-17 00:00:00,502S001,,M,,M,,M,17,4,2025,,M,,M,,M,,M,MB,,,,M,WINNIPEG A CS,27174,,M,,,,,"{""type"": ""Point"", ""coordinates"": [-97.24944444444445, 49.916666666666664]}"
502S001.2025.4.18,2025-04-18 00:00:00,502S001,0,,34,,17.1,,18,4,2025,4.4,,0.9,,54,,-2.7,,MB,,,48,,WINNIPEG A CS,27174,0,,,,,,"{""type"": ""Point"", ""coordinates"": [-97.24944444444445, 49.916666666666664]}"
502S001.2025.4.19,2025-04-19 00:00:00,502S001,0,,17,,14.3,,19,4,2025,10.6,,3.7,,37,,-3.2,,MB,,,39,,WINNIPEG A CS,27174,0,,,,,,"{""type"": ""Point"", ""coordinates"": [-97.24944444444445, 49.916666666666664]}"
502S001.2025.4.20,2025-04-20 00:00:00,502S001,0,,21,,6.3,,20,4,2025,20.5,,11.7,,21,,2.9,,MB,,,61,,WINNIPEG A CS,27174,0,,,,,,"{""type"": ""Point"", ""coordinates"": [-97.24944444444445, 49.916666666666664]}"
502S001.2025.4.21,2025-04-21 00:00:00,502S001,0,,21,,7.6,,21,4,2025,15.1,,10.4,,38,,5.8,,MB,,,57,,WINNIPEG A CS,27174,0,,,,,,"{""type"": ""Point"", ""coordinates"": [-97.24944444444445, 49.916666666666664]}"
502S001.2025.4.22,2025-04-22 00:00:00,502S001,0,,7,,11.3,,22,4,2025,9.2,,6.7,,61,,4.2,,MB,,,51,,WINNIPEG A CS,27174,2.1,,,,,,"{""type"": ""Point"", ""coordinates"": [-97.24944444444445, 49.916666666666664]}"
502S001.2025.4.23,2025-04-23 00:00:00,502S001,0,,34,,11.9,,23,4,2025,12.4,,6.1,,47,,-0.2,,MB,,,40,,WINNIPEG A CS,27174,0.7,,,,,,"{""type"": ""Point"", ""coordinates"": [-97.24944444444445, 49.916666666666664]}"
502S001.2025.4.24,2025-04-24 00:00:00,502S001,0,,20,,11.5,,24,4,2025,16.4,,6.5,,35,,-3.4,,MB,,,38,,WINNIPEG A CS,27174,0,,,,,,"{""type"": ""Point"", ""coordinates"": [-97.24944444444445, 49.916666666666664]}"
502S001.2025.4.25,2025-04-25 00:00:00,502S001,0,,2,,9.6,,25,4,2025,17.8,,8.4,,16,,-1,,MB,,,34,,WINNIPEG A CS,27174,0,,,,,,"{""type"": ""Point"", ""coordinates"": [-97.24944444444445, 49.916666666666664]}"
502S001.2025.4.26,2025-04-26 00:00:00,502S001,0,,21,,8.3,,26,4,2025,20,,9.7,,20,,-0.6,,MB,,,56,,WINNIPEG A CS,27174,0,,,,,,"{""type"": ""Point"", ""coordinates"": [-97.24944444444445, 49.916666666666664]}"
502S001.2025.4.27,2025-04-27 00:00:00,502S001,0,,18,,9.2,,27,4,2025,13.8,,8.8,,50,,3.8,,MB,,,44,,WINNIPEG A CS,27174,0,,,,,,"{""type"": ""Point"", ""coordinates"": [-97.24944444444445, 49.916666666666664]}"
502S001.2025.4.28,2025-04-28 00:00:00,502S001,0,,36,,16.1,,28,4,2025,6.7,,1.9,,,M,-2.9,,MB,,,59,,WINNIPEG A CS,27174,0,,,,,,"{""type"": ""Point"", ""coordinates"": [-97.24944444444445, 49.916666666666664]}"
502S001.2025.4.29,2025-04-29 00:00:00,502S001,0,,17,,17.1,,29,4,2025,11.3,,0.9,,20,,-9.6,,MB,,,45,,WINNIPEG A CS,27174,0.2,,,,,,"{""type"": ""Point"", ""coordinates"": [-97.24944444444445, 49.916666666666664]}"
502S001.2025.4.30,2025-04-30 00:00:00,502S001,0,,18,,5.9,,30,4,2025,19.7,,12.1,,32,,4.4,,MB,,,48,,WINNIPEG A CS,27174,5,,,,,,"{""type"": ""Point"", ""coordinates"": [-97.24944444444445, 49.916666666666664]}"
502S001.2025.5.1,2025-05-01 00:00:00,502S001,,M,,M,,M,1,5,2025,,M,,M,,M,,M,MB,,,,M,WINNIPEG A CS,27174,,M,,,,,"{""type"": ""Point"", ""coordinates"": [-97.24944444444445, 49.916666666666664]}"
502S001.2025.5.2,2025-05-02 00:00:00,502S001,0,,18,,11.1,,2,5,2025,14.2,,6.9,,29,,-0.4,,MB,,,32,,WINNIPEG A CS,27174,0,,,,,,"{""type"": ""Point"", ""coordinates"": [-97.24944444444445, 49.916666666666664]}"
502S001.2025.5.3,2025-05-03 00:00:00,502S001,0,,20,,2.8,,3,5,2025,22.5,,15.2,,22,,7.8,,MB,,,39,,WINNIPEG A CS,27174,0,,,,,,"{""type"": ""Point"", ""coordinates"": [-97.24944444444445, 49.916666666666664]}"
502S001.2025.5.4,2025-05-04 00:00:00,502S001,0,,18,,0.1,,4,5,2025,29.9,,17.9,,13,,5.9,,MB,,,60,,WINNIPEG A CS,27174,0,,,,,,"{""type"": ""Point"", ""coordinates"": [-97.24944444444445, 49.916666666666664]}"
502S001.2025.5.5,2025-05-05 00:00:00,502S001,1.7,,3,,0,,5,5,2025,29.5,,19.7,,18,,10,,MB,,,54,,WINNIPEG A CS,27174,0,,,,,,"{""type"": ""Point"", ""coordinates"": [-97.24944444444445, 49.916666666666664]}"
502S001.2025.5.6,2025-05-06 00:00:00,502S001,0,,4,,9.1,,6,5,2025,17.8,,8.9,,18,,-0.1,,MB,,,45,,WINNIPEG A CS,27174,0,,,,,,"{""type"": ""Point"", ""coordinates"": [-97.24944444444445, 49.916666666666664]}"
502S001.2025.5.7,2025-05-07 00:00:00,502S001,0,,8,,8.5,,7,5,2025,19.9,,9.5,,13,,-0.9,,MB,,,32,,WINNIPEG A CS,27174,0,,,,,,"{""type"": ""Point"", ""coordinates"": [-97.24944444444445, 49.916666666666664]}"
502S001.2025.5.8,2025-05-08 00:00:00,502S001,0.6,,18,,0,,8,5,2025,27,,18.6,,18,,10.2,,MB,,,66,,WINNIPEG A CS,27174,0,,,,,,"{""type"": ""Point"", ""coordinates"": [-97.24944444444445, 49.916666666666664]}"
502S001.2025.5.9,2025-05-09 00:00:00,502S001,0,,33,,5,,9,5,2025,19.7,,13,,26,,6.3,,MB,,,50,,WINNIPEG A CS,27174,0,,,,,,"{""type"": ""Point"", ""coordinates"": [-97.24944444444445, 49.916666666666664]}"
502S001.2025.5.10,2025-05-10 00:00:00,502S001,0,,17,,3.6,,10,5,2025,25.8,,14.4,,13,,2.9,,MB,,,60,,WINNIPEG A CS,27174,0,,,,,,"{""type"": ""Point"", ""coordinates"": [-97.24944444444445, 49.916666666666664]}"
502S001.2025.5.11,2025-05-11 00:00:00,502S001,5.1,,17,,0,,11,5,2025,31.5,,23.1,,21,,14.6,,MB,,,51,,WINNIPEG A CS,27174,0,,,,,,"{""type"": ""Point"", ""coordinates"": [-97.24944444444445, 49.916666666666664]}"
502S001.2025.5.12,2025-05-12 00:00:00,502S001,9.4,,19,,0,,12,5,2025,35.6,,27.4,,14,,19.2,,MB,,,51,,WINNIPEG A CS,27174,0,,,,,,"{""type"": ""Point"", ""coordinates"": [-97.24944444444445, 49.916666666666664]}"
502S001.2025.5.13,2025-05-13 00:00:00,502S001,8.8,,19,,0,,13,5,2025,37,,26.8,,13,,16.6,,MB,,,66,,WINNIPEG A CS,27174,0,,,,,,"{""type"": ""Point"", ""coordinates"": [-97.24944444444445, 49.916666666666664]}"
502S001.2025.5.14,2025-05-14 00:00:00,502S001,0,,2,,3.3,,14,5,2025,20.7,,14.7,,49,,8.7,,MB,,,55,,WINNIPEG A CS,27174,1.5,,,,,,"{""type"": ""Point"", ""coordinates"": [-97.24944444444445, 49.916666666666664]}"
502S001.2025.5.15,2025-05-15 00:00:00,502S001,0,,2,,0.8,,15,5,2025,25.6,,17.2,,60,,8.7,,MB,,,52,,WINNIPEG A CS,27174,21.7,,,,,,"{""type"": ""Point"", ""coordinates"": [-97.24944444444445, 49.916666666666664]}"
502S001.2025.5.16,2025-05-16 00:00:00,502S001,0,,35,,10,,16,5,2025,13.8,,8,,,M,2.3,,MB,,,65,,WINNIPEG A CS,27174,7.2,,,,,,"{""type"": ""Point"", ""coordinates"": [-97.24944444444445, 49.916666666666664]}"
502S001.2025.5.17,2025-05-17 00:00:00,502S001,0,,1,,14.1,,17,5,2025,6.4,,3.9,,65,,1.4,,MB,,,50,,WINNIPEG A CS,27174,0,,,,,,"{""type"": ""Point"", ""coordinates"": [-97.24944444444445, 49.916666666666664]}"
502S001.2025.5.18,2025-05-18 00:00:00,502S001,0,,,,11,,18,5,2025,11.9,,7,,44,,2,,MB,,,,,WINNIPEG A CS,27174,0,,,,,,"{""type"": ""Point"", ""coordinates"": [-97.24944444444445, 49.916666666666664]}"
502S001.2025.5.19,2025-05-19 00:00:00,502S001,0,,10,,8.4,,19,5,2025,17.2,,9.6,,21,,2,,MB,,,50,,WINNIPEG A CS,27174,0,,,,,,"{""type"": ""Point"", ""coordinates"": [-97.24944444444445, 49.916666666666664]}"
502S001.2025.5.20,2025-05-20 00:00:00,502S001,0,,9,,5.7,,20,5,2025,16.4,,12.3,,21,,8.2,,MB,,,47,,WINNIPEG A CS,27174,0,,,,,,"{""type"": ""Point"", ""coordinates"": [-97.24944444444445, 49.916666666666664]}"
502S001.2025.5.21,2025-05-21 00:00:00,502S001,0,,11,,3.7,,21,5,2025,21.6,,14.3,,18,,7,,MB,,,46,,WINNIPEG A CS,27174,0,,,,,,"{""type"": ""Point"", ""coordinates"": [-97.24944444444445, 49.916666666666664]}"
502S001.2025.5.22,2025-05-22 00:00:00,502S001,0,,5,,5.6,,22,5,2025,21.6,,12.4,,13,,3.3,,MB,,,39,,WINNIPEG A CS,27174,0,,,,,,"{""type"": ""Point"", ""coordinates"": [-97.24944444444445, 49.916666666666664]}"
502S001.2025.5.23,2025-05-23 00:00:00,502S001,0,,10,,5,,23,5,2025,20.8,,13,,20,,5.3,,MB,,,31,,WINNIPEG A CS,27174,0,,,,,,"{""type"": ""Point"", ""coordinates"": [-97.24944444444445, 49.916666666666664]}"
502S001.2025.5.24,2025-05-24 00:00:00,502S001,0,,1,,6.4,,24,5,2025,21.9,,11.6,,14,,1.3,,MB,,,35,,WINNIPEG A CS,27174,0,,,,,,"{""type"": ""Point"", ""coordinates"": [-97.24944444444445, 49.916666666666664]}"
502S001.2025.5.25,2025-05-25 00:00:00,502S001,0,,,,5.4,,25,5,2025,23.3,,12.6,,13,,1.8,,MB,,,,,WINNIPEG A CS,27174,0,,,,,,"{""type"": ""Point"", ""coordinates"": [-97.24944444444445, 49.916666666666664]}"
502S001.2025.5.26,2025-05-26 00:00:00,502S001,0,,,,3,,26,5,2025,25.6,,15,,13,,4.4,,MB,,,,,WINNIPEG A CS,27174,0,,,,,,"{""type"": ""Point"", ""coordinates"": [-97.24944444444445, 49.916666666666664]}"
502S001.2025.5.27,2025-05-27 00:00:00,502S001,0.3,,22,,0,,27,5,2025,26.5,,18.3,,17,,10.2,,MB,,,40,,WINNIPEG A CS,27174,0,,,,,,"{""type"": ""Point"", ""coordinates"": [-97.24944444444445, 49.916666666666664]}"
502S001.2025.5.28,2025-05-28 00:00:00,502S001,0,,25,,0.4,,28,5,2025,26.2,,17.6,,23,,9.1,,MB,,,31,,WINNIPEG A CS,27174,0,,,,,,"{""type"": ""Point"", ""coordinates"": [-97.24944444444445, 49.916666666666664]}"
502S001.2025.5.29,2025-05-29 00:00:00,502S001,0.4,,27,,0,,29,5,2025,27.1,,18.4,,20,,9.7,,MB,,,46,,WINNIPEG A CS,27174,0,,,,,,"{""type"": ""Point"", ""coordinates"": [-97.24944444444445, 49.916666666666664]}"
502S001.2025.5.30,2025-05-30 00:00:00,502S001,2.4,,32,,0,,30,5,2025,30.1,,20.4,,20,,10.8,,MB,,,37,,WINNIPEG A CS,27174,0,,,,,,"{""type"": ""Point"", ""coordinates"": [-97.24944444444445, 49.916666666666664]}"
502S001.2025.5.31,2025-05-31 00:00:00,502S001,2.3,,,,0,,31,5,2025,31.1,,20.3,,22,,9.5,,MB,,,,,WINNIPEG A CS,27174,0,,,,,,"{""type"": ""Point"", ""coordinates"": [-97.24944444444445, 49.916666666666664]}"
502S001.2025.6.1,2025-06-01 00:00:00,502S001,6.1,,21,,0,,1,6,2025,33.7,,24.1,,19,,14.5,,MB,,,42,,WINNIPEG A CS,27174,0,,,,,,"{""type"": ""Point"", ""coordinates"": [-97.24944444444445, 49.916666666666664]}"
502S001.2025.6.2,2025-06-02 00:00:00,502S001,0,,32,,1.4,,2,6,2025,20.6,,16.6,,49,,12.6,,MB,,,34,,WINNIPEG A CS,27174,4.9,,,,,,"{""type"": ""Point"", ""coordinates"": [-97.24944444444445, 49.916666666666664]}"
502S001.2025.6.3,2025-06-03 00:00:00,502S001,,M,,M,,M,3,6,2025,,M,,M,,M,,M,MB,,,,M,WINNIPEG A CS,27174,,M,,,,,"{""type"": ""Point"", ""coordinates"": [-97.24944444444445, 49.916666666666664]}"
502S001.2025.6.4,2025-06-04 00:00:00,502S001,,M,,M,,M,4,6,2025,,M,,M,,M,,M,MB,,,,M,WINNIPEG A CS,27174,,M,,,,,"{""type"": ""Point"", ""coordinates"": [-97.24944444444445, 49.916666666666664]}"
502S001.2025.6.5,2025-06-05 00:00:00,502S001,0,,,,5.5,,5,6,2025,20.6,,12.5,,24,,4.4,,MB,,,,,WINNIPEG A CS,27174,0,,,,,,"{""type"": ""Point"", ""coordinates"": [-97.24944444444445, 49.916666666666664]}"
502S001.2025.6.6,2025-06-06 00:00:00,502S001,0,,25,,0.4,,6,6,2025,26.8,,17.6,,19,,8.3,,MB,,,44,,WINNIPEG A CS,27174,0,,,,,,"{""type"": ""Point"", ""coordinates"": [-97.24944444444445, 49.916666666666664]}"
502S001.2025.6.7,2025-06-07 00:00:00,502S001,0.3,,27,,0,,7,6,2025,25.6,,18.3,,30,,11,,MB,,,66,,WINNIPEG A CS,27174,6.9,,,,,,"{""type"": ""Point"", ""coordinates"": [-97.24944444444445, 49.916666666666664]}"
502S001.2025.6.8,2025-06-08 00:00:00,502S001,0,,32,,5.2,,8,6,2025,16.2,,12.8,,72,,9.3,,MB,,,44,,WINNIPEG A CS,27174,1.6,,,,,,"{""type"": ""Point"", ""coordinates"": [-97.24944444444445, 49.916666666666664]}"
502S001.2025.6.9,2025-06-09 00:00:00,502S001,0,,31,,6.7,,9,6,2025,14.2,,11.3,,79,,8.3,,MB,,,40,,WINNIPEG A CS,27174,0.3,,,,,,"{""type"": ""Point"", ""coordinates"": [-97.24944444444445, 49.916666666666664]}"
502S001.2025.6.10,2025-06-10 00:00:00,502S001,0,,1,,2.4,,10,6,2025,25.1,,15.6,,46,,6.1,,MB,,,43,,WINNIPEG A CS,27174,0,,,,,,"{""type"": ""Point"", ""coordinates"": [-97.24944444444445, 49.916666666666664]}"
502S001.2025.6.11,2025-06-11 00:00:00,502S001,0,,2,,2.9,,11,6,2025,23.3,,15.1,,33,,6.9,,MB,,,48,,WINNIPEG A CS,27174,0,,,,,,"{""type"": ""Point"", ""coordinates"": [-97.24944444444445, 49.916666666666664]}"
502S001.2025.6.12,2025-06-12 00:00:00,502S001,0,,,,1.9,,12,6,2025,24.2,,16.1,,32,,8.1,,MB,,,,,WINNIPEG A CS,27174,0,,,,,,"{""type"": ""Point"", ""coordinates"": [-97.24944444444445, 49.916666666666664]}"
502S001.2025.6.13,2025-06-13 00:00:00,502S001,0,,10,,0.7,,13,6,2025,25.8,,17.3,,24,,8.9,,MB,,,32,,WINNIPEG A CS,27174,0,,,,,,"{""type"": ""Point"", ""coordinates"": [-97.24944444444445, 49.916666666666664]}"
502S001.2025.6.14,2025-06-14 00:00:00,502S001,0.5,,12,,0,,14,6,2025,26.1,,18.5,,26,,11,,MB,,,35,,WINNIPEG A CS,27174,0,,,,,,"{""type"": ""Point"", ""coordinates"": [-97.24944444444445, 49.916666666666664]}"
502S001.2025.6.15,2025-06-15 00:00:00,502S001,1.1,,19,,0,,15,6,2025,27.3,,19.1,,32,,11,,MB,,,43,,WINNIPEG A CS,27174,0,,,,,,"{""type"": ""Point"", ""coordinates"": [-97.24944444444445, 49.916666666666664]}"
502S001.2025.6.16,2025-06-16 00:00:00,502S001,1,,33,,0,,16,6,2025,25.4,,19,,48,,12.5,,MB,,,31,,WINNIPEG A CS,27174,0,,,,,,"{""type"": ""Point"", ""coordinates"": [-97.24944444444445, 49.916666666666664]}"
502S001.2025.6.17,2025-06-17 00:00:00,502S001,0,,30,,0.1,,17,6,2025,25.1,,17.9,,35,,10.8,,MB,,,44,,WINNIPEG A CS,27174,0.7,,,,,,"{""type"": ""Point"", ""coordinates"": [-97.24944444444445, 49.916666666666664]}"
502S001.2025.6.18,2025-06-18 00:00:00,502S001,2.7,,36,,0,,18,6,2025,27.3,,20.7,,35,,14,,MB,,,35,,WINNIPEG A CS,27174,0,,,,,,"{""type"": ""Point"", ""coordinates"": [-97.24944444444445, 49.916666666666664]}"
502S001.2025.6.19,2025-06-19 00:00:00,502S001,1.3,,,,0,,19,6,2025,26.4,,19.3,,34,,12.2,,MB,,,,,WINNIPEG A CS,27174,0,,,,,,"{""type"": ""Point"", ""coordinates"": [-97.24944444444445, 49.916666666666664]}"
502S001.2025.6.20,2025-06-20 00:00:00,502S001,4.6,,16,,0,,20,6,2025,31,,22.6,,37,,14.2,,MB,,,41,,WINNIPEG A CS,27174,0,,,,,,"{""type"": ""Point"", ""coordinates"": [-97.24944444444445, 49.916666666666664]}"
502S001.2025.6.21,2025-06-21 00:00:00,502S001,4.2,,3,,0,,21,6,2025,26.3,,22.2,,50,,18.2,,MB,,,50,,WINNIPEG A CS,27174,0,,,,,,"{""type"": ""Point"", ""coordinates"": [-97.24944444444445, 49.916666666666664]}"
502S001.2025.6.22,2025-06-22 00:00:00,502S001,0,,1,,2.9,,22,6,2025,18.2,,15.1,,76,,11.9,,MB,,,52,,WINNIPEG A CS,27174,6.5,,,,,,"{""type"": ""Point"", ""coordinates"": [-97.24944444444445, 49.916666666666664]}"
502S001.2025.6.23,2025-06-23 00:00:00,502S001,,M,,M,,M,23,6,2025,,M,,M,,M,,M,MB,,,,M,WINNIPEG A CS,27174,,M,,,,,"{""type"": ""Point"", ""coordinates"": [-97.24944444444445, 49.916666666666664]}"
502S001.2025.6.24,2025-06-24 00:00:00,502S001,0,,25,,2.6,,24,6,2025,26.6,,15.4,,32,,4.1,,MB,,,49,,WINNIPEG A CS,27174,1.8,,,,,,"{""type"": ""Point"", ""coordinates"": [-97.24944444444445, 49.916666666666664]}"
502S001.2025.6.25,2025-06-25 00:00:00,502S001,0,,,,1.3,,25,6,2025,23,,16.7,,48,,10.5,,MB,,,,,WINNIPEG A CS,27174,0.2,,,,,,"{""type"": ""Point"", ""coordinates"": [-97.24944444444445, 49.916666666666664]}"
502S001.2025.6.26,2025-06-26 00:00:00,502S001,3.3,,16,,0,,26,6,2025,26.9,,21.3,,33,,15.6,,MB,,,38,,WINNIPEG A CS,27174,0,,,,,,"{""type"": ""Point"", ""coordinates"": [-97.24944444444445, 49.916666666666664]}"
502S001.2025.6.27,2025-06-27 00:00:00,502S001,0.9,,18,,0,,27,6,2025,26.2,,18.9,,47,,11.6,,MB,,,41,,WINNIPEG A CS,27174,0,,,,,,"{""type"": ""Point"", ""coordinates"": [-97.24944444444445, 49.916666666666664]}"
502S001.2025.6.28,2025-06-28 00:00:00,502S001,7.3,,20,,0,,28,6,2025,32.9,,25.3,,23,,17.8,,MB,,,35,,WINNIPEG A CS,27174,0,,,,,,"{""type"": ""Point"", ""coordinates"": [-97.24944444444445, 49.916666666666664]}"
502S001.2025.6.29,2025-06-29 00:00:00,502S001,3.8,,28,,0,,29,6,2025,27.6,,21.8,,34,,15.9,,MB,,,50,,WINNIPEG A CS,27174,0,,,,,,"{""type"": ""Point"", ""coordinates"": [-97.24944444444445, 49.916666666666664]}"
502S001.2025.6.30,2025-06-30 00:00:00,502S001,4,,29,,0,,30,6,2025,28,,22,,35,,16,,MB,,,46,,WINNIPEG A CS,27174,0.1,,,,,,"{""type"": ""Point"", ""coordinates"": [-97.24944444444445, 49.916666666666664]}"
502S001.2025.7.1,2025-07-01 00:00:00,502S001,3.8,,31,,0,,1,7,2025,28.9,,21.8,,21,,14.7,,MB,,,34,,WINNIPEG A CS,27174,1.9,,,,,,"{""type"": ""Point"", ""coordinates"": [-97.24944444444445, 49.916666666666664]}"
502S001.2025.7.2,2025-07-02 00:00:00,502S001,,M,,M,,M,2,7,2025,,M,,M,,M,,M,MB,,,,M,WINNIPEG A CS,27174,,M,,,,,"{""type"": ""Point"", ""coordinates"": [-97.24944444444445, 49.916666666666664]}"
502S001.2025.7.3,2025-07-03 00:00:00,502S001,4.9,,17,,0,,3,7,2025,32.2,,22.9,,39,,13.5,,MB,,,43,,WINNIPEG A CS,27174,0,,,,,,"{""type"": ""Point"", ""coordinates"": [-97.24944444444445, 49.916666666666664]}"
502S001.2025.7.4,2025-07-04 00:00:00,502S001,8.3,,35,,0,,4,7,2025,32.7,,26.3,,37,,19.8,,MB,,,59,,WINNIPEG A CS,27174,0.5,,,,,,"{""type"": ""Point"", ""coordinates"": [-97.24944444444445, 49.916666666666664]}"
502S001.2025.7.5,2025-07-05 00:00:00,502S001,2.1,,1,,0,,5,7,2025,26.3,,20.1,,29,,13.8,,MB,,,40,,WINNIPEG A CS,27174,0,,,,,,"{""type"": ""Point"", ""coordinates"": [-97.24944444444445, 49.916666666666664]}"
502S001.2025.7.6,2025-07-06 00:00:00,502S001,0,,,,1.6,,6,7,2025,22.4,,16.4,,37,,10.5,,MB,,,,,WINNIPEG A CS,27174,0,,,,,,"{""type"": ""Point"", ""coordinates"": [-97.24944444444445, 49.916666666666664]}"
502S001.2025.7.7,2025-07-07 00:00:00,502S001,0,,,,3.1,,7,7,2025,19.9,,14.9,,49,,9.9,,MB,,,,,WINNIPEG A CS,27174,8.6,,,,,,"{""type"": ""Point"", ""coordinates"": [-97.24944444444445, 49.916666666666664]}"
502S001.2025.7.8,2025-07-08 00:00:00,502S001,0.2,,,,0,,8,7,2025,27,,18.2,,33,,9.4,,MB,,,,,WINNIPEG A CS,27174,0,,,,,,"{""type"": ""Point"", ""coordinates"": [-97.24944444444445, 49.916666666666664]}"
502S001.2025.7.9,2025-07-09 00:00:00,502S001,3.2,,17,,0,,9,7,2025,28.9,,21.2,,39,,13.4,,MB,,,51,,WINNIPEG A CS,27174,0,,,,,,"{""type"": ""Point"", ""coordinates"": [-97.24944444444445, 49.916666666666664]}"
502S001.2025.7.10,2025-07-10 00:00:00,502S001,7.8,,18,,0,,10,7,2025,30.4,,25.8,,43,,21.3,,MB,,,54,,WINNIPEG A CS,27174,0,,,,,,"{""type"": ""Point"", ""coordinates"": [-97.24944444444445, 49.916666666666664]}"
502S001.2025.7.11,2025-07-11 00:00:00,502S001,0,,32,,0.2,,11,7,2025,22.8,,17.8,,54,,12.8,,MB,,,35,,WINNIPEG A CS,27174,0,,,,,,"{""type"": ""Point"", ""coordinates"": [-97.24944444444445, 49.916666666666664]}"
502S001.2025.7.12,2025-07-12 00:00:00,502S001,1.6,,26,,0,,12,7,2025,26.9,,19.6,,35,,12.3,,MB,,,36,,WINNIPEG A CS,27174,0,,,,,,"{""type"": ""Point"", ""coordinates"": [-97.24944444444445, 49.916666666666664]}"
502S001.2025.7.13,2025-07-13 00:00:00,502S001,3.7,,30,,0,,13,7,2025,27.9,,21.7,,34,,15.5,,MB,,,49,,WINNIPEG A CS,27174,0,,,,,,"{""type"": ""Point"", ""coordinates"": [-97.24944444444445, 49.916666666666664]}"
502S001.2025.7.14,2025-07-14 00:00:00,502S001,0,,,,0.7,,14,7,2025,22.6,,17.3,,45,,12,,MB,,,,,WINNIPEG A CS,27174,0.5,,,,,,"{""type"": ""Point"", ""coordinates"": [-97.24944444444445, 49.916666666666664]}"
502S001.2025.7.15,2025-07-15 00:00:00,502S001,0,,2,,1.5,,15,7,2025,20.7,,16.5,,39,,12.2,,MB,,,51,,WINNIPEG A CS,27174,0.3,,,,,,"{""type"": ""Point"", ""coordinates"": [-97.24944444444445, 49.916666666666664]}"
502S001.2025.7.16,2025-07-16 00:00:00,502S001,0,,,,3.4,,16,7,2025,21.7,,14.6,,25,,7.5,,MB,,,,,WINNIPEG A CS,27174,0,,,,,,"{""type"": ""Point"", ""coordinates"": [-97.24944444444445, 49.916666666666664]}"
502S001.2025.7.17,2025-07-17 00:00:00,502S001,0,,21,,3.7,,17,7,2025,23.4,,14.3,,29,,5.2,,MB,,,35,,WINNIPEG A CS,27174,0,,,,,,"{""type"": ""Point"", ""coordinates"": [-97.24944444444445, 49.916666666666664]}"
502S001.2025.7.18,2025-07-18 00:00:00,502S001,0,,,,0.1,,18,7,2025,24.7,,17.9,,30,,11,,MB,,,,,WINNIPEG A CS,27174,0,,,,,,"{""type"": ""Point"", ""coordinates"": [-97.24944444444445, 49.916666666666664]}"
502S001.2025.7.19,2025-07-19 00:00:00,502S001,0,,,,0.6,,19,7,2025,25.2,,17.4,,27,,9.7,,MB,,,,,WINNIPEG A CS,27174,0,,,,,,"{""type"": ""Point"", ""coordinates"": [-97.24944444444445, 49.916666666666664]}"
502S001.2025.7.20,2025-07-20 00:00:00,502S001,0,,14,,0.8,,20,7,2025,23.4,,17.2,,47,,11.1,,MB,,,33,,WINNIPEG A CS,27174,0,,,,,,"{""type"": ""Point"", ""coordinates"": [-97.24944444444445, 49.916666666666664]}"
502S001.2025.7.21,2025-07-21 00:00:00,502S001,4.5,,18,,0,,21,7,2025,28.2,,22.5,,61,,16.8,,MB,,,54,,WINNIPEG A CS,27174,2.2,,,,,,"{""type"": ""Point"", ""coordinates"": [-97.24944444444445, 49.916666666666664]}"
502S001.2025.7.22,2025-07-22 00:00:00,502S001,0.8,,,,0,,22,7,2025,22.8,,18.8,,69,,14.8,,MB,,,,,WINNIPEG A CS,27174,2.6,,,,,,"{""type"": ""Point"", ""coordinates"": [-97.24944444444445, 49.916666666666664]}"
502S001.2025.7.23,2025-07-23 00:00:00,502S001,1.1,,,,0,,23,7,2025,25.2,,19.1,,41,,12.9,,MB,,,,,WINNIPEG A CS,27174,0.1,,,,,,"{""type"": ""Point"", ""coordinates"": [-97.24944444444445, 49.916666666666664]}"
502S001.2025.7.24,2025-07-24 00:00:00,502S001,2.5,,,,0,,24,7,2025,26.2,,20.5,,42,,14.8,,MB,,,,,WINNIPEG A CS,27174,0.5,,,,,,"{""type"": ""Point"", ""coordinates"": [-97.24944444444445, 49.916666666666664]}"
502S001.2025.7.25,2025-07-25 00:00:00,502S001,5.1,,18,,0,,25,7,2025,31.5,,23.1,,36,,14.7,,MB,,,48,,WINNIPEG A CS,27174,0.4,,,,,,"{""type"": ""Point"", ""coordinates"": [-97.24944444444445, 49.916666666666664]}"
502S001.2025.7.26,2025-07-26 00:00:00,502S001,6.4,,21,,0,,26,7,2025,31.4,,24.4,,27,,17.4,,MB,,,40,,WINNIPEG A CS,27174,0.1,,,,,,"{""type"": ""Point"", ""coordinates"": [-97.24944444444445, 49.916666666666664]}"
502S001.2025.7.27,2025-07-27 00:00:00,502S001,2.4,,31,,0,,27,7,2025,24.5,,20.4,,59,,16.2,,MB,,,36,,WINNIPEG A CS,27174,20.7,,,,,,"{""type"": ""Point"", ""coordinates"": [-97.24944444444445, 49.916666666666664]}"
502S001.2025.7.28,2025-07-28 00:00:00,502S001,0.1,,,,0,,28,7,2025,24,,18.1,,54,,12.2,,MB,,,,,WINNIPEG A CS,27174,1,,,,,,"{""type"": ""Point"", ""coordinates"": [-97.24944444444445, 49.916666666666664]}"
502S001.2025.7.29,2025-07-29 00:00:00,502S001,0.6,,,,0,,29,7,2025,24.3,,18.6,,32,,12.9,,MB,,,,,WINNIPEG A CS,27174,0,,,,,,"{""type"": ""Point"", ""coordinates"": [-97.24944444444445, 49.916666666666664]}"
502S001.2025.7.30,2025-07-30 00:00:00,502S001,0,,,,1.8,,30,7,2025,23.9,,16.2,,29,,8.4,,MB,,,,,WINNIPEG A CS,27174,0,,,,,,"{""type"": ""Point"", ""coordinates"": [-97.24944444444445, 49.916666666666664]}"
502S001.2025.7.31,2025-07-31 00:00:00,502S001,0,,,,0,,31,7,2025,25.3,,18,,31,,10.7,,MB,,,,,WINNIPEG A CS,27174,0,,,,,,"{""type"": ""Point"", ""coordinates"": [-97.24944444444445, 49.916666666666664]}"
502S001.2025.8.1,2025-08-01 00:00:00,502S001,0.3,,,,0,,1,8,2025,26.7,,18.3,,35,,9.8,,MB,,,,,WINNIPEG A CS,27174,0,,,,,,"{""type"": ""Point"", ""coordinates"": [-97.24944444444445, 49.916666666666664]}"
502S001.2025.8.2,2025-08-02 00:00:00,502S001,2.9,,17,,0,,2,8,2025,26.7,,20.9,,35,,15.1,,MB,,,45,,WINNIPEG A CS,27174,0,,,,,,"{""type"": ""Point"", ""coordinates"": [-97.24944444444445, 49.916666666666664]}"
502S001.2025.8.3,2025-08-03 00:00:00,502S001,2.7,,,,0,,3,8,2025,28,,20.7,,40,,13.3,,MB,,,,,WINNIPEG A CS,27174,0,,,,,,"{""type"": ""Point"", ""coordinates"": [-97.24944444444445, 49.916666666666664]}"
502S001.2025.8.4,2025-08-04 00:00:00,502S001,3.5,,14,,0,,4,8,2025,26.7,,21.5,,51,,16.2,,MB,,,41,,WINNIPEG A CS,27174,0,,,,,,"{""type"": ""Point"", ""coordinates"": [-97.24944444444445, 49.916666666666664]}"
502S001.2025.8.5,2025-08-05 00:00:00,502S001,4.6,,16,,0,,5,8,2025,27.5,,22.6,,53,,17.7,,MB,,,54,,WINNIPEG A CS,27174,8.3,,,,,,"{""type"": ""Point"", ""coordinates"": [-97.24944444444445, 49.916666666666664]}"
502S001.2025.8.6,2025-08-06 00:00:00,502S001,4.1,,17,,0,,6,8,2025,27.1,,22.1,,56,,17.1,,MB,,,47,,WINNIPEG A CS,27174,19.9,,,,,,"{""type"": ""Point"", ""coordinates"": [-97.24944444444445, 49.916666666666664]}"
502S001.2025.8.7,2025-08-07 00:00:00,502S001,3.4,,,,0,,7,8,2025,28.3,,21.4,,49,,14.4,,MB,,,,,WINNIPEG A CS,27174,0,,,,,,"{""type"": ""Point"", ""coordinates"": [-97.24944444444445, 49.916666666666664]}"
502S001.2025.8.8,2025-08-08 00:00:00,502S001,3.6,,10,,0,,8,8,2025,24.9,,21.6,,67,,18.3,,MB,,,34,,WINNIPEG A CS,27174,13.2,,,,,,"{""type"": ""Point"", ""coordinates"": [-97.24944444444445, 49.916666666666664]}"
502S001.2025.8.9,2025-08-09 00:00:00,502S001,2,,19,,0,,9,8,2025,24.7,,20,,52,,15.2,,MB,,,48,,WINNIPEG A CS,27174,3,,,,,,"{""type"": ""Point"", ""coordinates"": [-97.24944444444445, 49.916666666666664]}"
502S001.2025.8.10,2025-08-10 00:00:00,502S001,1.6,,32,,0,,10,8,2025,24.2,,19.6,,55,,15,,MB,,,38,,WINNIPEG A CS,27174,0.3,,,,,,"{""type"": ""Point"", ""coordinates"": [-97.24944444444445, 49.916666666666664]}"
502S001.2025.8.11,2025-08-11 00:00:00,502S001,1.6,,28,,0,,11,8,2025,23.3,,19.6,,65,,15.9,,MB,,,39,,WINNIPEG A CS,27174,2.2,,,,,,"{""type"": ""Point"", ""coordinates"": [-97.24944444444445, 49.916666666666664]}"
502S001.2025.8.12,2025-08-12 00:00:00,502S001,0,,30,,1.6,,12,8,2025,20.2,,16.4,,65,,12.6,,MB,,,42,,WINNIPEG A CS,27174,0,,,,,,"{""type"": ""Point"", ""coordinates"": [-97.24944444444445, 49.916666666666664]}"
502S001.2025.8.13,2025-08-13 00:00:00,502S001,0,,14,,2.7,,13,8,2025,22.4,,15.3,,46,,8.1,,MB,,,38,,WINNIPEG A CS,27174,0,,,,,,"{""type"": ""Point"", ""coordinates"": [-97.24944444444445, 49.916666666666664]}"
502S001.2025.8.14,2025-08-14 00:00:00,502S001,3.1,,17,,0,,14,8,2025,28.6,,21.1,,57,,13.6,,MB,,,50,,WINNIPEG A CS,27174,12.5,,,,,,"{""type"": ""Point"", ""coordinates"": [-97.24944444444445, 49.916666666666664]}"
502S001.2025.8.15,2025-08-15 00:00:00,502S001,0,,28,,1.6,,15,8,2025,21.3,,16.4,,46,,11.6,,MB,,,38,,WINNIPEG A CS,27174,0,,,,,,"{""type"": ""Point"", ""coordinates"": [-97.24944444444445, 49.916666666666664]}"
502S001.2025.8.16,2025-08-16 00:00:00,502S001,0,,5,,1.9,,16,8,2025,21.2,,16.1,,45,,10.9,,MB,,,35,,WINNIPEG A CS,27174,0,,,,,,"{""type"": ""Point"", ""coordinates"": [-97.24944444444445, 49.916666666666664]}"
502S001.2025.8.17,2025-08-17 00:00:00,502S001,0,,12,,1.5,,17,8,2025,19.2,,16.5,,62,,13.7,,MB,,,40,,WINNIPEG A CS,27174,19,,,,,,"{""type"": ""Point"", ""coordinates"": [-97.24944444444445, 49.916666666666664]}"
502S001.2025.8.18,2025-08-18 00:00:00,502S001,0.6,,,,0,,18,8,2025,20.9,,18.6,,82,,16.2,,MB,,,,,WINNIPEG A CS,27174,1.8,,,,,,"{""type"": ""Point"", ""coordinates"": [-97.24944444444445, 49.916666666666664]}"
502S001.2025.8.19,2025-08-19 00:00:00,502S001,3.3,,,,0,,19,8,2025,26,,21.3,,50,,16.5,,MB,,,,,WINNIPEG A CS,27174,0,,,,,,"{""type"": ""Point"", ""coordinates"": [-97.24944444444445, 49.916666666666664]}"
502S001.2025.8.20,2025-08-20 00:00:00,502S001,3.9,,15,,0,,20,8,2025,28.1,,21.9,,51,,15.7,,MB,,,49,,WINNIPEG A CS,27174,17.5,,,,,,"{""type"": ""Point"", ""coordinates"": [-97.24944444444445, 49.916666666666664]}"
502S001.2025.8.21,2025-08-21 00:00:00,502S001,2.2,,14,,0,,21,8,2025,25.7,,20.2,,54,,14.8,,MB,,,63,,WINNIPEG A CS,27174,5,,,,,,"{""type"": ""Point"", ""coordinates"": [-97.24944444444445, 49.916666666666664]}"
502S001.2025.8.22,2025-08-22 00:00:00,502S001,0,,29,,1.9,,22,8,2025,20.5,,16.1,,53,,11.7,,MB,,,53,,WINNIPEG A CS,27174,2,,,,,,"{""type"": ""Point"", ""coordinates"": [-97.24944444444445, 49.916666666666664]}"
502S001.2025.8.23,2025-08-23 00:00:00,502S001,0,,33,,3.6,,23,8,2025,18.7,,14.4,,66,,10.1,,MB,,,52,,WINNIPEG A CS,27174,0.4,,,,,,"{""type"": ""Point"", ""coordinates"": [-97.24944444444445, 49.916666666666664]}"
502S001.2025.8.24,2025-08-24 00:00:00,502S001,0,,35,,5.6,,24,8,2025,18.8,,12.4,,38,,6,,MB,,,47,,WINNIPEG A CS,27174,0,,,,,,"{""type"": ""Point"", ""coordinates"": [-97.24944444444445, 49.916666666666664]}"
502S001.2025.8.25,2025-08-25 00:00:00,502S001,0,,,,5.8,,25,8,2025,18.9,,12.2,,53,,5.5,,MB,,,,,WINNIPEG A CS,27174,0.9,,,,,,"{""type"": ""Point"", ""coordinates"": [-97.24944444444445, 49.916666666666664]}"
502S001.2025.8.26,2025-08-26 00:00:00,502S001,1.3,,,,0,,26,8,2025,27.9,,19.3,,40,,10.6,,MB,,,,,WINNIPEG A CS,27174,0,,,,,,"{""type"": ""Point"", ""coordinates"": [-97.24944444444445, 49.916666666666664]}"
502S001.2025.8.27,2025-08-27 00:00:00,502S001,2.2,,26,,0,,27,8,2025,26.3,,20.2,,45,,14.1,,MB,,,39,,WINNIPEG A CS,27174,1.3,,,,,,"{""type"": ""Point"", ""coordinates"": [-97.24944444444445, 49.916666666666664]}"
502S001.2025.8.28,2025-08-28 00:00:00,502S001,0.9,,,,0,,28,8,2025,26.9,,18.9,,38,,10.8,,MB,,,,,WINNIPEG A CS,27174,0,,,,,,"{""type"": ""Point"", ""coordinates"": [-97.24944444444445, 49.916666666666664]}"
502S001.2025.8.29,2025-08-29 00:00:00,502S001,3.3,,,,0,,29,8,2025,29.4,,21.3,,37,,13.2,,MB,,,,,WINNIPEG A CS,27174,0,,,,,,"{""type"": ""Point"", ""coordinates"": [-97.24944444444445, 49.916666666666664]}"
502S001.2025.8.30,2025-08-30 00:00:00,502S001,4.6,,,,0,,30,8,2025,30.5,,22.6,,33,,14.7,,MB,,,,,WINNIPEG A CS,27174,0,,,,,,"{""type"": ""Point"", ""coordinates"": [-97.24944444444445, 49.916666666666664]}"
502S001.2025.8.31,2025-08-31 00:00:00,502S001,3.9,,19,,0,,31,8,2025,29.4,,21.9,,39,,14.4,,MB,,,36,,WINNIPEG A CS,27174,0,,,,,,"{""type"": ""Point"", ""coordinates"": [-97.24944444444445, 49.916666666666664]}"
502S001.2025.9.1,2025-09-01 00:00:00,502S001,3.5,,19,,0,,1,9,2025,27.5,,21.5,,50,,15.6,,MB,,,43,,WINNIPEG A CS,27174,0,,,,,,"{""type"": ""Point"", ""coordinates"": [-97.24944444444445, 49.916666666666664]}"
502S001.2025.9.2,2025-09-02 00:00:00,502S001,0,,34,,6,,2,9,2025,17.1,,12,,63,,6.8,,MB,,,38,,WINNIPEG A CS,27174,0,,,,,,"{""type"": ""Point"", ""coordinates"": [-97.24944444444445, 49.916666666666664]}"
502S001.2025.9.3,2025-09-03 00:00:00,502S001,0,,1,,10,,3,9,2025,13.9,,8,,48,,2.1,,MB,,,35,,WINNIPEG A CS,27174,0.3,,,,,,"{""type"": ""Point"", ""coordinates"": [-97.24944444444445, 49.916666666666664]}"
502S001.2025.9.4,2025-09-04 00:00:00,502S001,0,,31,,13.3,,4,9,2025,9,,4.7,,81,,0.4,,MB,,,31,,WINNIPEG A CS,27174,4.5,,,,,,"{""type"": ""Point"", ""coordinates"": [-97.24944444444445, 49.916666666666664]}"
502S001.2025.9.5,2025-09-05 00:00:00,502S001,0,,33,,7.6,,5,9,2025,16.1,,10.4,,30,,4.6,,MB,,,55,,WINNIPEG A CS,27174,0,,,,,,"{""type"": ""Point"", ""coordinates"": [-97.24944444444445, 49.916666666666664]}"
502S001.2025.9.6,2025-09-06 00:00:00,502S001,0,,32,,9,,6,9,2025,15,,9,,48,,3.1,,MB,,,46,,WINNIPEG A CS,27174,0,,,,,,"{""type"": ""Point"", ""coordinates"": [-97.24944444444445, 49.916666666666664]}"
502S001.2025.9.7,2025-09-07 00:00:00,502S001,0,,20,,8,,7,9,2025,19.3,,10,,35,,0.7,,MB,,,35,,WINNIPEG A CS,27174,0,,,,,,"{""type"": ""Point"", ""coordinates"": [-97.24944444444445, 49.916666666666664]}"
502S001.2025.9.8,2025-09-08 00:00:00,502S001,0,,20,,2.1,,8,9,2025,23.5,,15.9,,44,,8.3,,MB,,,33,,WINNIPEG A CS,27174,0,,,,,,"{""type"": ""Point"", ""coordinates"": [-97.24944444444445, 49.916666666666664]}"
502S001.2025.9.9,2025-09-09 00:00:00,502S001,0,,,,1.3,,9,9,2025,26.2,,16.7,,35,,7.2,,MB,,,,,WINNIPEG A CS,27174,0,,,,,,"{""type"": ""Point"", ""coordinates"": [-97.24944444444445, 49.916666666666664]}"
502S001.2025.9.10,2025-09-10 00:00:00,502S001,0,,16,,0.2,,10,9,2025,27.1,,17.8,,31,,8.4,,MB,,,31,,WINNIPEG A CS,27174,0,,,,,,"{""type"": ""Point"", ""coordinates"": [-97.24944444444445, 49.916666666666664]}"
502S001.2025.9.11,2025-09-11 00:00:00,502S001,0,,19,,0.7,,11,9,2025,19.8,,17.3,,65,,14.7,,MB,,,44,,WINNIPEG A CS,27174,0.5,,,,,,"{""type"": ""Point"", ""coordinates"": [-97.24944444444445, 49.916666666666664]}"
502S001.2025.9.12,2025-09-12 00:00:00,502S001,3.1,,,,0,,12,9,2025,26.7,,21.1,,51,,15.4,,MB,,,,,WINNIPEG A CS,27174,0.5,,,,,,"{""type"": ""Point"", ""coordinates"": [-97.24944444444445, 49.916666666666664]}"
502S001.2025.9.13,2025-09-13 00:00:00,502S001,1.6,,11,,0,,13,9,2025,25.6,,19.6,,51,,13.6,,MB,,,35,,WINNIPEG A CS,27174,0,,,,,,"{""type"": ""Point"", ""coordinates"": [-97.24944444444445, 49.916666666666664]}"
502S001.2025.9.14,2025-09-14 00:00:00,502S001,3.9,,14,,0,,14,9,2025,26,,21.9,,62,,17.9,,MB,,,33,,WINNIPEG A CS,27174,0,,,,,,"{""type"": ""Point"", ""coordinates"": [-97.24944444444445, 49.916666666666664]}"
502S001.2025.9.15,2025-09-15 00:00:00,502S001,5.5,,19,,0,,15,9,2025,28.3,,23.5,,49,,18.6,,MB,,,71,,WINNIPEG A CS,27174,6.9,,,,,,"{""type"": ""Point"", ""coordinates"": [-97.24944444444445, 49.916666666666664]}"
502S001.2025.9.16,2025-09-16 00:00:00,502S001,1.7,,30,,0,,16,9,2025,25.1,,19.7,,52,,14.3,,MB,,,42,,WINNIPEG A CS,27174,0,,,,,,"{""type"": ""Point"", ""coordinates"": [-97.24944444444445, 49.916666666666664]}"
502S001.2025.9.17,2025-09-17 00:00:00,502S001,0,,2,,2.1,,17,9,2025,20.3,,15.9,,60,,11.4,,MB,,,31,,WINNIPEG A CS,27174,0,,,,,,"{""type"": ""Point"", ""coordinates"": [-97.24944444444445, 49.916666666666664]}"
502S001.2025.9.18,2025-09-18 00:00:00,502S001,,M,,M,,M,18,9,2025,,M,,M,,M,,M,MB,,,,M,WINNIPEG A CS,27174,,M,,,,,"{""type"": ""Point"", ""coordinates"": [-97.24944444444445, 49.916666666666664]}"
502S001.2025.9.19,2025-09-19 00:00:00,502S001,0,,,,2.1,,19,9,2025,17.1,,15.9,,83,,14.6,,MB,,,,,WINNIPEG A CS,27174,7.4,,,,,,"{""type"": ""Point"", ""coordinates"": [-97.24944444444445, 49.916666666666664]}"
502S001.2025.9.20,2025-09-20 00:00:00,502S001,0,,,,1.9,,20,9,2025,17.3,,16.1,,91,,15,,MB,,,,,WINNIPEG A CS,27174,18,,,,,,"{""type"": ""Point"", ""coordinates"": [-97.24944444444445, 49.916666666666664]}"
502S001.2025.9.21,2025-09-21 00:00:00,502S001,0,,,,2.3,,21,9,2025,19.1,,15.7,,75,,12.3,,MB,,,,,WINNIPEG A CS,27174,0,,,,,,"{""type"": ""Point"", ""coordinates"": [-97.24944444444445, 49.916666666666664]}"
502S001.2025.9.22,2025-09-22 00:00:00,502S001,0.8,,,,0,,22,9,2025,26.2,,18.8,,47,,11.3,,MB,,,,,WINNIPEG A CS,27174,0,,,,,,"{""type"": ""Point"", ""coordinates"": [-97.24944444444445, 49.916666666666664]}"
502S001.2025.9.23,2025-09-23 00:00:00,502S001,0,,21,,2.3,,23,9,2025,21.3,,15.7,,74,,10.1,,MB,,,32,,WINNIPEG A CS,27174,0,,,,,,"{""type"": ""Point"", ""coordinates"": [-97.24944444444445, 49.916666666666664]}"
502S001.2025.9.24,2025-09-24 00:00:00,502S001,0,,,,0.3,,24,9,2025,26.5,,17.7,,33,,8.8,,MB,,,,,WINNIPEG A CS,27174,0,,,,,,"{""type"": ""Point"", ""coordinates"": [-97.24944444444445, 49.916666666666664]}"
502S001.2025.9.25,2025-09-25 00:00:00,502S001,0,,2,,5.5,,25,9,2025,19.7,,12.5,,39,,5.4,,MB,,,42,,WINNIPEG A CS,27174,0,,,,,,"{""type"": ""Point"", ""coordinates"": [-97.24944444444445, 49.916666666666664]}"
502S001.2025.9.26,2025-09-26 00:00:00,502S001,0,,29,,3.3,,26,9,2025,24.1,,14.7,,36,,5.3,,MB,,,57,,WINNIPEG A CS,27174,0,,,,,,"{""type"": ""Point"", ""coordinates"": [-97.24944444444445, 49.916666666666664]}"
502S001.2025.9.27,2025-09-27 00:00:00,502S001,0,,25,,2.3,,27,9,2025,23.9,,15.7,,27,,7.4,,MB,,,37,,WINNIPEG A CS,27174,0,,,,,,"{""type"": ""Point"", ""coordinates"": [-97.24944444444445, 49.916666666666664]}"
502S001.2025.9.28,2025-09-28 00:00:00,502S001,0,,2,,0.4,,28,9,2025,27.5,,17.6,,36,,7.6,,MB,,,33,,WINNIPEG A CS,27174,0,,,,,,"{""type"": ""Point"", ""coordinates"": [-97.24944444444445, 49.916666666666664]}"
502S001.2025.9.29,2025-09-29 00:00:00,502S001,0,,6,,0.1,,29,9,2025,24.6,,17.9,,33,,11.1,,MB,,,42,,WINNIPEG A CS,27174,0,,,,,,"{""type"": ""Point"", ""coordinates"": [-97.24944444444445, 49.916666666666664]}"
502S001.2025.9.30,2025-09-30 00:00:00,502S001,4.6,,15,,0,,30,9,2025,30.4,,22.6,,40,,14.8,,MB,,,46,,WINNIPEG A CS,27174,0.7,,,,,,"{""type"": ""Point"", ""coordinates"": [-97.24944444444445, 49.916666666666664]}"
502S001.2025.10.1,2025-10-01 00:00:00,502S001,3.8,,17,,0,,1,10,2025,26.7,,21.8,,51,,16.9,,MB,,,63,,WINNIPEG A CS,27174,0,,,,,,"{""type"": ""Point"", ""coordinates"": [-97.24944444444445, 49.916666666666664]}"
502S001.2025.10.2,2025-10-02 00:00:00,502S001,1.5,,28,,0,,2,10,2025,27.1,,19.5,,27,,11.9,,MB,,,32,,WINNIPEG A CS,27174,0.2,,,,,,"{""type"": ""Point"", ""coordinates"": [-97.24944444444445, 49.916666666666664]}"
502S001.2025.10.3,2025-10-03 00:00:00,502S001,2.2,,21,,0,,3,10,2025,27.1,,20.2,,42,,13.4,,MB,,,44,,WINNIPEG A CS,27174,4.1,,,,,,"{""type"": ""Point"", ""coordinates"": [-97.24944444444445, 49.916666666666664]}"
502S001.2025.10.4,2025-10-04 00:00:00,502S001,0,,2,,2.4,,4,10,2025,19.4,,15.6,,69,,11.8,,MB,,,34,,WINNIPEG A CS,27174,0.9,,,,,,"{""type"": ""Point"", ""coordinates"": [-97.24944444444445, 49.916666666666664]}"
502S001.2025.10.5,2025-10-05 00:00:00,502S001,0,,35,,9,,5,10,2025,13.9,,9,,78,,4,,MB,,,71,,WINNIPEG A CS,27174,29.3,,,,,,"{""type"": ""Point"", ""coordinates"": [-97.24944444444445, 49.916666666666664]}"
502S001.2025.10.6,2025-10-06 00:00:00,502S001,0,,26,,11.6,,6,10,2025,11.2,,6.4,,45,,1.7,,MB,,,47,,WINNIPEG A CS,27174,0,,,,,,"{""type"": ""Point"", ""coordinates"": [-97.24944444444445, 49.916666666666664]}"
502S001.2025.10.7,2025-10-07 00:00:00,502S001,0,,,,14.3,,7,10,2025,9.6,,3.7,,43,,-2.1,,MB,,,,,WINNIPEG A CS,27174,0,,,,,,"{""type"": ""Point"", ""coordinates"": [-97.24944444444445, 49.916666666666664]}"
502S001.2025.10.8,2025-10-08 00:00:00,502S001,0,,18,,7.6,,8,10,2025,17.6,,10.4,,29,,3.2,,MB,,,53,,WINNIPEG A CS,27174,0,,,,,,"{""type"": ""Point"", ""coordinates"": [-97.24944444444445, 49.916666666666664]}"
502S001.2025.10.9,2025-10-09 00:00:00,502S001,0,,17,,6.4,,9,10,2025,19.6,,11.6,,49,,3.5,,MB,,,50,,WINNIPEG A CS,27174,0,,,,,,"{""type"": ""Point"", ""coordinates"": [-97.24944444444445, 49.916666666666664]}"
502S001.2025.10.10,2025-10-10 00:00:00,502S001,0,,,,9.4,,10,10,2025,17.4,,8.6,,36,,-0.2,,MB,,,,,WINNIPEG A CS,27174,0,,,,,,"{""type"": ""Point"", ""coordinates"": [-97.24944444444445, 49.916666666666664]}"
502S001.2025.10.11,2025-10-11 00:00:00,502S001,0,,18,,4.9,,11,10,2025,19.8,,13.1,,36,,6.5,,MB,,,62,,WINNIPEG A CS,27174,0.9,,,,,,"{""type"": ""Point"", ""coordinates"": [-97.24944444444445, 49.916666666666664]}"
502S001.2025.10.12,2025-10-12 00:00:00,502S001,0,,17,,6.4,,12,10,2025,17.6,,11.6,,74,,5.7,,MB,,,65,,WINNIPEG A CS,27174,8.2,,,,,,"{""type"": ""Point"", ""coordinates"": [-97.24944444444445, 49.916666666666664]}"
502S001.2025.10.13,2025-10-13 00:00:00,502S001,0,,25,,14.3,,13,10,2025,8.9,,3.7,,55,,-1.5,,MB,,,63,,WINNIPEG A CS,27174,0,,,,,,"{""type"": ""Point"", ""coordinates"": [-97.24944444444445, 49.916666666666664]}"
502S001.2025.10.14,2025-10-14 00:00:00,502S001,0,,,,16.2,,14,10,2025,6.5,,1.8,,65,,-2.9,,MB,,,,,WINNIPEG A CS,27174,0.1,,,,,,"{""type"": ""Point"", ""coordinates"": [-97.24944444444445, 49.916666666666664]}"
502S001.2025.10.15,2025-10-15 00:00:00,502S001,0,,,,9.1,,15,10,2025,12.8,,8.9,,58,,5,,MB,,,,,WINNIPEG A CS,27174,0,,,,,,"{""type"": ""Point"", ""coordinates"": [-97.24944444444445, 49.916666666666664]}"
502S001.2025.10.16,2025-10-16 00:00:00,502S001,0,,8,,7.7,,16,10,2025,11.3,,10.3,,74,,9.3,,MB,,,33,,WINNIPEG A CS,27174,6.4,,,,,,"{""type"": ""Point"", ""coordinates"": [-97.24944444444445, 49.916666666666664]}"
502S001.2025.10.17,2025-10-17 00:00:00,502S001,0,,20,,7.7,,17,10,2025,12.7,,10.3,,89,,7.9,,MB,,,44,,WINNIPEG A CS,27174,2.5,,,,,,"{""type"": ""Point"", ""coordinates"": [-97.24944444444445, 49.916666666666664]}"
502S001.2025.10.18,2025-10-18 00:00:00,502S001,0,,29,,10.5,,18,10,2025,11.8,,7.5,,63,,3.3,,MB,,,55,,WINNIPEG A CS,27174,0,,,,,,"{""type"": ""Point"", ""coordinates"": [-97.24944444444445, 49.916666666666664]}"
502S001.2025.10.19,2025-10-19 00:00:00,502S001,0,,31,,12,,19,10,2025,10.8,,6,,56,,1.1,,MB,,,39,,WINNIPEG A CS,27174,0,,,,,,"{""type"": ""Point"", ""coordinates"": [-97.24944444444445, 49.916666666666664]}"
502S001.2025.10.20,2025-10-20 00:00:00,502S001,0,,16,,11.7,,20,10,2025,7.9,,6.3,,68,,4.6,,MB,,,37,,WINNIPEG A CS,27174,16.2,,,,,,"{""type"": ""Point"", ""coordinates"": [-97.24944444444445, 49.916666666666664]}"
502S001.2025.10.21,2025-10-21 00:00:00,502S001,0,,33,,12.9,,21,10,2025,7.4,,5.1,,75,,2.7,,MB,,,56,,WINNIPEG A CS,27174,1.2,,,,,,"{""type"": ""Point"", ""coordinates"": [-97.24944444444445, 49.916666666666664]}"
502S001.2025.10.22,2025-10-22 00:00:00,502S001,0,,,,17,,22,10,2025,5.4,,1,,71,,-3.5,,MB,,,,,WINNIPEG A CS,27174,0,,,,,,"{""type"": ""Point"", ""coordinates"": [-97.24944444444445, 49.916666666666664]}"
502S001.2025.10.23,2025-10-23 00:00:00,502S001,0,,,,15.9,,23,10,2025,9.3,,2.1,,60,,-5,,MB,,,,,WINNIPEG A CS,27174,0,,,,,,"{""type"": ""Point"", ""coordinates"": [-97.24944444444445, 49.916666666666664]}"
502S001.2025.10.24,2025-10-24 00:00:00,502S001,0,,14,,11.8,,24,10,2025,12,,6.2,,50,,0.3,,MB,,,40,,WINNIPEG A CS,27174,0,,,,,,"{""type"": ""Point"", ""coordinates"": [-97.24944444444445, 49.916666666666664]}"
502S001.2025.10.25,2025-10-25 00:00:00,502S001,0,,18,,9.5,,25,10,2025,15.4,,8.5,,64,,1.5,,MB,,,57,,WINNIPEG A CS,27174,0,,,,,,"{""type"": ""Point"", ""coordinates"": [-97.24944444444445, 49.916666666666664]}"
502S001.2025.10.26,2025-10-26 00:00:00,502S001,0,,18,,4.9,,26,10,2025,16.6,,13.1,,64,,9.5,,MB,,,69,,WINNIPEG A CS,27174,0,,,,,,"{""type"": ""Point"", ""coordinates"": [-97.24944444444445, 49.916666666666664]}"
502S001.2025.10.27,2025-10-27 00:00:00,502S001,0,,19,,7,,27,10,2025,14,,11,,74,,7.9,,MB,,,53,,WINNIPEG A CS,27174,21,,,,,,"{""type"": ""Point"", ""coordinates"": [-97.24944444444445, 49.916666666666664]}"
502S001.2025.10.28,2025-10-28 00:00:00,502S001,0,,30,,13.1,,28,10,2025,9.8,,4.9,,64,,-0.1,,MB,,,31,,WINNIPEG A CS,27174,2.5,,,,,,"{""type"": ""Point"", ""coordinates"": [-97.24944444444445, 49.916666666666664]}"
502S001.2025.10.29,2025-10-29 00:00:00,502S001,0,,,,14.8,,29,10,2025,8.6,,3.2,,52,,-2.1,,MB,,,,,WINNIPEG A CS,27174,0,,,,,,"{""type"": ""Point"", ""coordinates"": [-97.24944444444445, 49.916666666666664]}"
502S001.2025.10.30,2025-10-30 00:00:00,502S001,0,,30,,13.2,,30,10,2025,6.5,,4.8,,78,,3.1,,MB,,,33,,WINNIPEG A CS,27174,0,,,,,,"{""type"": ""Point"", ""coordinates"": [-97.24944444444445, 49.916666666666664]}"
502S001.2025.10.31,2025-10-31 00:00:00,502S001,0,,4,,14.8,,31,10,2025,5.6,,3.2,,63,,0.8,,MB,,,37,,WINNIPEG A CS,27174,0.2,,,,,,"{""type"": ""Point"", ""coordinates"": [-97.24944444444445, 49.916666666666664]}"
502S001.2025.11.1,2025-11-01 00:00:00,502S001,0,,19,,16.2,,1,11,2025,4,,1.8,,75,,-0.5,,MB,,,57,,WINNIPEG A CS,27174,0,,,,,,"{""type"": ""Point"", ""coordinates"": [-97.24944444444445, 49.916666666666664]}"
502S001.2025.11.2,2025-11-02 00:00:00,502S001,0,,30,,9.2,,2,11,2025,14.7,,8.8,,61,,3,,MB,,,76,,WINNIPEG A CS,27174,0,,,,,,"{""type"": ""Point"", ""coordinates"": [-97.24944444444445, 49.916666666666664]}"
502S001.2025.11.3,2025-11-03 00:00:00,502S001,0,,28,,12.3,,3,11,2025,9.6,,5.7,,39,,1.7,,MB,,,56,,WINNIPEG A CS,27174,0,,,,,,"{""type"": ""Point"", ""coordinates"": [-97.24944444444445, 49.916666666666664]}"
502S001.2025.11.4,2025-11-04 00:00:00,502S001,0,,,,15.7,,4,11,2025,7.9,,2.3,,49,,-3.3,,MB,,,,,WINNIPEG A CS,27174,0,,,,,,"{""type"": ""Point"", ""coordinates"": [-97.24944444444445, 49.916666666666664]}"
502S001.2025.11.5,2025-11-05 00:00:00,502S001,0,,31,,17.7,,5,11,2025,6.1,,0.3,,53,,-5.6,,MB,,,33,,WINNIPEG A CS,27174,0,,,,,,"{""type"": ""Point"", ""coordinates"": [-97.24944444444445, 49.916666666666664]}"
502S001.2025.11.6,2025-11-06 00:00:00,502S001,0,,4,,18,,6,11,2025,5,,0,,61,,-4.9,,MB,,,37,,WINNIPEG A CS,27174,4.1,,,,,,"{""type"": ""Point"", ""coordinates"": [-97.24944444444445, 49.916666666666664]}"
502S001.2025.11.7,2025-11-07 00:00:00,502S001,0,,35,,22.4,,7,11,2025,0.8,,-4.4,,65,,-9.5,,MB,,,49,,WINNIPEG A CS,27174,0,,,,,,"{""type"": ""Point"", ""coordinates"": [-97.24944444444445, 49.916666666666664]}"
502S001.2025.11.8,2025-11-08 00:00:00,502S001,0,,31,,24.9,,8,11,2025,-3.4,,-6.9,,71,,-10.4,,MB,,,39,,WINNIPEG A CS,27174,0,,,,,,"{""type"": ""Point"", ""coordinates"": [-97.24944444444445, 49.916666666666664]}"
502S001.2025.11.9,2025-11-09 00:00:00,502S001,0,,31,,21.9,,9,11,2025,-1.2,,-3.9,,80,,-6.6,,MB,,,44,,WINNIPEG A CS,27174,0,,,,,,"{""type"": ""Point"", ""coordinates"": [-97.24944444444445, 49.916666666666664]}"
502S001.2025.11.10,2025-11-10 00:00:00,502S001,0,,17,,21.4,,10,11,2025,-0.8,,-3.4,,71,,-5.9,,MB,,,72,,WINNIPEG A CS,27174,0,,,,,,"{""type"": ""Point"", ""coordinates"": [-97.24944444444445, 49.916666666666664]}"
502S001.2025.11.11,2025-11-11 00:00:00,502S001,0,,31,,14.6,,11,11,2025,8,,3.4,,54,,-1.2,,MB,,,55,,WINNIPEG A CS,27174,0,,,,,,"{""type"": ""Point"", ""coordinates"": [-97.24944444444445, 49.916666666666664]}"
502S001.2025.11.12,2025-11-12 00:00:00,502S001,0,,32,,16.3,,12,11,2025,6.6,,1.7,,42,,-3.3,,MB,,,48,,WINNIPEG A CS,27174,0,,,,,,"{""type"": ""Point"", ""coordinates"": [-97.24944444444445, 49.916666666666664]}"
502S001.2025.11.13,2025-11-13 00:00:00,502S001,0,,,,17,,13,11,2025,7.8,,1,,50,,-5.9,,MB,,,,,WINNIPEG A CS,27174,0,,,,,,"{""type"": ""Point"", ""coordinates"": [-97.24944444444445, 49.916666666666664]}"
502S001.2025.11.14,2025-11-14 00:00:00,502S001,0,,18,,12.2,,14,11,2025,10.4,,5.8,,67,,1.2,,MB,,,48,,WINNIPEG A CS,27174,0.3,,,,,,"{""type"": ""Point"", ""coordinates"": [-97.24944444444445, 49.916666666666664]}"
502S001.2025.11.15,2025-11-15 00:00:00,502S001,0,,29,,19.2,,15,11,2025,3.4,,-1.2,,53,,-5.7,,MB,,,44,,WINNIPEG A CS,27174,0,,,,,,"{""type"": ""Point"", ""coordinates"": [-97.24944444444445, 49.916666666666664]}"
502S001.2025.11.16,2025-11-16 00:00:00,502S001,0,,,,20.5,,16,11,2025,2,,-2.5,,51,,-7,,MB,,,,,WINNIPEG A CS,27174,0,,,,,,"{""type"": ""Point"", ""coordinates"": [-97.24944444444445, 49.916666666666664]}"
502S001.2025.11.17,2025-11-17 00:00:00,502S001,0,,,,18.1,,17,11,2025,4.8,,-0.1,,36,,-5.1,,MB,,,,,WINNIPEG A CS,27174,0,,,,,,"{""type"": ""Point"", ""coordinates"": [-97.24944444444445, 49.916666666666664]}"
502S001.2025.11.18,2025-11-18 00:00:00,502S001,0,,18,,19.5,,18,11,2025,2.9,,-1.5,,51,,-5.9,,MB,,,33,,WINNIPEG A CS,27174,0,,,,,,"{""type"": ""Point"", ""coordinates"": [-97.24944444444445, 49.916666666666664]}"
502S001.2025.11.19,2025-11-19 00:00:00,502S001,0,,,,16.3,,19,11,2025,4.4,,1.7,,71,,-0.9,,MB,,,,,WINNIPEG A CS,27174,0.1,,,,,,"{""type"": ""Point"", ""coordinates"": [-97.24944444444445, 49.916666666666664]}"
502S001.2025.11.20,2025-11-20 00:00:00,502S001,0,,26,,18.6,,20,11,2025,5.3,,-0.6,,57,,-6.5,,MB,,,36,,WINNIPEG A CS,27174,0,,,,,,"{""type"": ""Point"", ""coordinates"": [-97.24944444444445, 49.916666666666664]}"
502S001.2025.11.21,2025-11-21 00:00:00,502S001,0,,,,21.4,,21,11,2025,2.2,,-3.4,,62,,-9.1,,MB,,,,,WINNIPEG A CS,27174,0,,,,,,"{""type"": ""Point"", ""coordinates"": [-97.24944444444445, 49.916666666666664]}"
502S001.2025.11.22,2025-11-22 00:00:00,502S001,0,,32,,15.2,,22,11,2025,7.5,,2.8,,55,,-1.9,,MB,,,53,,WINNIPEG A CS,27174,0.2,,,,,,"{""type"": ""Point"", ""coordinates"": [-97.24944444444445, 49.916666666666664]}"
502S001.2025.11.23,2025-11-23 00:00:00,502S001,0,,18,,14.3,,23,11,2025,10.3,,3.7,,54,,-3,,MB,,,41,,WINNIPEG A CS,27174,0,,,,,,"{""type"": ""Point"", ""coordinates"": [-97.24944444444445, 49.916666666666664]}"
502S001.2025.11.24,2025-11-24 00:00:00,502S001,0,,,,19,,24,11,2025,4,,-1,,61,,-6,,MB,,,,,WINNIPEG A CS,27174,0,,,,,,"{""type"": ""Point"", ""coordinates"": [-97.24944444444445, 49.916666666666664]}"
502S001.2025.11.25,2025-11-25 00:00:00,502S001,0,,36,,21.1,,25,11,2025,-1.9,,-3.1,,75,,-4.4,,MB,,,40,,WINNIPEG A CS,27174,0,,,,,,"{""type"": ""Point"", ""coordinates"": [-97.24944444444445, 49.916666666666664]}"
502S001.2025.11.26,2025-11-26 00:00:00,502S001,0,,34,,21.7,,26,11,2025,-1.8,,-3.7,,67,,-5.7,,MB,,,39,,WINNIPEG A CS,27174,0,,,,,,"{""type"": ""Point"", ""coordinates"": [-97.24944444444445, 49.916666666666664]}"
502S001.2025.11.27,2025-11-27 00:00:00,502S001,0,,33,,23.8,,27,11,2025,-3,,-5.8,,58,,-8.5,,MB,,,42,,WINNIPEG A CS,27174,0,,,,,,"{""type"": ""Point"", ""coordinates"": [-97.24944444444445, 49.916666666666664]}"
502S001.2025.11.28,2025-11-28 00:00:00,502S001,0,,,,26.3,,28,11,2025,-6.8,,-8.3,,68,,-9.7,,MB,,,,,WINNIPEG A CS,27174,0,,,,,,"{""type"": ""Point"", ""coordinates"": [-97.24944444444445, 49.916666666666664]}"
502S001.2025.11.29,2025-11-29 00:00:00,502S001,0,,34,,28.3,,29,11,2025,-5.5,,-10.3,,75,,-15,,MB,,,35,,WINNIPEG A CS,27174,0.2,,,,,,"{""type"": ""Point"", ""coordinates"": [-97.24944444444445, 49.916666666666664]}"
502S001.2025.11.30,2025-11-30 00:00:00,502S001,0,,,,29.8,,30,11,2025,-9,,-11.8,,68,,-14.6,,MB,,,,,WINNIPEG A CS,27174,0,,,,,,"{""type"": ""Point"", ""coordinates"": [-97.24944444444445, 49.916666666666664]}"
502S001.2025.12.1,2025-12-01 00:00:00,502S001,0,,21,,31.8,,1,12,2025,-10.9,,-13.8,,66,,-16.6,,MB,,,35,,WINNIPEG A CS,27174,0,,,,,,"{""type"": ""Point"", ""coordinates"": [-97.24944444444445, 49.916666666666664]}"
502S001.2025.12.2,2025-12-02 00:00:00,502S001,0,,35,,29.2,,2,12,2025,-7.7,,-11.2,,67,,-14.7,,MB,,,47,,WINNIPEG A CS,27174,0.3,,,,,,"{""type"": ""Point"", ""coordinates"": [-97.24944444444445, 49.916666666666664]}"
502S001.2025.12.3,2025-12-03 00:00:00,502S001,0,,32,,37,,3,12,2025,-14.7,,-19,,60,,-23.2,,MB,,,41,,WINNIPEG A CS,27174,0,,,,,,"{""type"": ""Point"", ""coordinates"": [-97.24944444444445, 49.916666666666664]}"
502S001.2025.12.4,2025-12-04 00:00:00,502S001,0,,17,,30.6,,4,12,2025,-4.5,,-12.6,,71,,-20.8,,MB,,,60,,WINNIPEG A CS,27174,0.2,,,,,,"{""type"": ""Point"", ""coordinates"": [-97.24944444444445, 49.916666666666664]}"
502S001.2025.12.5,2025-12-05 00:00:00,502S001,0,,34,,32.1,,5,12,2025,-9,,-14.1,,64,,-19.2,,MB,,,41,,WINNIPEG A CS,27174,0.1,,,,,,"{""type"": ""Point"", ""coordinates"": [-97.24944444444445, 49.916666666666664]}"
502S001.2025.12.6,2025-12-06 00:00:00,502S001,0,,,,39.4,,6,12,2025,-17.4,,-21.4,,64,,-25.4,,MB,0,,,,WINNIPEG A CS,27174,0,,,,,,"{""type"": ""Point"", ""coordinates"": [-97.24944444444445, 49.916666666666664]}"
502S001.2025.12.7,2025-12-07 00:00:00,502S001,0,,,,39.2,,7,12,2025,-15.4,,-21.2,,59,,-26.9,,MB,0,,,,WINNIPEG A CS,27174,0,,,,,,"{""type"": ""Point"", ""coordinates"": [-97.24944444444445, 49.916666666666664]}"
502S001.2025.12.8,2025-12-08 00:00:00,502S001,0,,17,,31.2,,8,12,2025,-9.6,,-13.2,,69,,-16.7,,MB,0,,36,,WINNIPEG A CS,27174,0.9,,,,,,"{""type"": ""Point"", ""coordinates"": [-97.24944444444445, 49.916666666666664]}"
502S001.2025.12.9,2025-12-09 00:00:00,502S001,0,,5,,29.6,,9,12,2025,-7.9,,-11.6,,83,,-15.3,,MB,1,,31,,WINNIPEG A CS,27174,1.2,,,,,,"{""type"": ""Point"", ""coordinates"": [-97.24944444444445, 49.916666666666664]}"
502S001.2025.12.10,2025-12-10 00:00:00,502S001,0,,32,,32.4,,10,12,2025,-9.2,,-14.4,,70,,-19.6,,MB,5,,41,,WINNIPEG A CS,27174,0.7,,,,,,"{""type"": ""Point"", ""coordinates"": [-97.24944444444445, 49.916666666666664]}"
502S001.2025.12.11,2025-12-11 00:00:00,502S001,0,,,,31.5,,11,12,2025,-10.3,,-13.5,,75,,-16.7,,MB,5,,,,WINNIPEG A CS,27174,1.8,,,,,,"{""type"": ""Point"", ""coordinates"": [-97.24944444444445, 49.916666666666664]}"
502S001.2025.12.12,2025-12-12 00:00:00,502S001,0,,30,,36.1,,12,12,2025,-10.4,,-18.1,,67,,-25.8,,MB,4,,50,,WINNIPEG A CS,27174,0.2,,,,,,"{""type"": ""Point"", ""coordinates"": [-97.24944444444445, 49.916666666666664]}"
502S001.2025.12.13,2025-12-13 00:00:00,502S001,0,,32,,42.8,,13,12,2025,-20.9,,-24.8,,64,,-28.6,,MB,2,,33,,WINNIPEG A CS,27174,0,,,,,,"{""type"": ""Point"", ""coordinates"": [-97.24944444444445, 49.916666666666664]}"
502S001.2025.12.14,2025-12-14 00:00:00,502S001,0,,17,,38.4,,14,12,2025,-12.8,,-20.4,,64,,-28,,MB,2,,61,,WINNIPEG A CS,27174,0,,,,,,"{""type"": ""Point"", ""coordinates"": [-97.24944444444445, 49.916666666666664]}"
502S001.2025.12.15,2025-12-15 00:00:00,502S001,0,,17,,29.2,,15,12,2025,-7.6,,-11.2,,70,,-14.9,,MB,6,,64,,WINNIPEG A CS,27174,0,,,,,,"{""type"": ""Point"", ""coordinates"": [-97.24944444444445, 49.916666666666664]}"
502S001.2025.12.16,2025-12-16 00:00:00,502S001,0,,18,,24,,16,12,2025,5.9,,-6,,68,,-18,,MB,6,,73,,WINNIPEG A CS,27174,0,,,,,,"{""type"": ""Point"", ""coordinates"": [-97.24944444444445, 49.916666666666664]}"
502S001.2025.12.17,2025-12-17 00:00:00,502S001,0,,3,,29.5,,17,12,2025,-5.1,,-11.5,,78,,-18,,MB,4,,54,,WINNIPEG A CS,27174,2.4,,,,,,"{""type"": ""Point"", ""coordinates"": [-97.24944444444445, 49.916666666666664]}"
502S001.2025.12.18,2025-12-18 00:00:00,502S001,0,,36,,37.2,,18,12,2025,-9.3,,-19.2,,56,,-29.1,,MB,10,,85,,WINNIPEG A CS,27174,1,,,,,,"{""type"": ""Point"", ""coordinates"": [-97.24944444444445, 49.916666666666664]}"
502S001.2025.12.19,2025-12-19 00:00:00,502S001,0,,13,,37.3,,19,12,2025,-8.6,,-19.3,,67,,-30,,MB,4,,61,,WINNIPEG A CS,27174,3.3,,,,,,"{""type"": ""Point"", ""coordinates"": [-97.24944444444445, 49.916666666666664]}"
502S001.2025.12.20,2025-12-20 00:00:00,502S001,0,,30,,36.2,,20,12,2025,-13.2,,-18.2,,71,,-23.1,,MB,4,,58,,WINNIPEG A CS,27174,1.9,,,,,,"{""type"": ""Point"", ""coordinates"": [-97.24944444444445, 49.916666666666664]}"
502S001.2025.12.21,2025-12-21 00:00:00,502S001,0,,,,38.9,,21,12,2025,-15.9,,-20.9,,63,,-25.8,,MB,16,,,,WINNIPEG A CS,27174,6.2,,,,,,"{""type"": ""Point"", ""coordinates"": [-97.24944444444445, 49.916666666666664]}"
502S001.2025.12.22,2025-12-22 00:00:00,502S001,0,,30,,32.5,,22,12,2025,-8.8,,-14.5,,75,,-20.3,,MB,16,,36,,WINNIPEG A CS,27174,0.6,,,,,,"{""type"": ""Point"", ""coordinates"": [-97.24944444444445, 49.916666666666664]}"
502S001.2025.12.23,2025-12-23 00:00:00,502S001,0,,17,,31.3,,23,12,2025,-10.6,,-13.3,,71,,-16,,MB,17,,46,,WINNIPEG A CS,27174,0.1,,,,,,"{""type"": ""Point"", ""coordinates"": [-97.24944444444445, 49.916666666666664]}"
502S001.2025.12.24,2025-12-24 00:00:00,502S001,0,,17,,30.5,,24,12,2025,-9,,-12.5,,75,,-16,,MB,16,,47,,WINNIPEG A CS,27174,0.1,,,,,,"{""type"": ""Point"", ""coordinates"": [-97.24944444444445, 49.916666666666664]}"
502S001.2025.12.25,2025-12-25 00:00:00,502S001,0,,12,,29.2,,25,12,2025,-6.5,,-11.2,,73,,-16,,MB,16,,39,,WINNIPEG A CS,27174,0.3,,,,,,"{""type"": ""Point"", ""coordinates"": [-97.24944444444445, 49.916666666666664]}"
502S001.2025.12.26,2025-12-26 00:00:00,502S001,0,,,,28.5,,26,12,2025,-9.1,,-10.5,,78,,-12,,MB,15,,,,WINNIPEG A CS,27174,0.3,,,,,,"{""type"": ""Point"", ""coordinates"": [-97.24944444444445, 49.916666666666664]}"
502S001.2025.12.27,2025-12-27 00:00:00,502S001,0,,33,,28.8,,27,12,2025,-8.2,,-10.8,,82,,-13.3,,MB,15,,35,,WINNIPEG A CS,27174,1.1,,,,,,"{""type"": ""Point"", ""coordinates"": [-97.24944444444445, 49.916666666666664]}"
502S001.2025.12.28,2025-12-28 00:00:00,502S001,0,,35,,36.2,,28,12,2025,-13.3,,-18.2,,76,,-23,,MB,15,,45,,WINNIPEG A CS,27174,0,,,,,,"{""type"": ""Point"", ""coordinates"": [-97.24944444444445, 49.916666666666664]}"
502S001.2025.12.29,2025-12-29 00:00:00,502S001,0,,18,,38.6,,29,12,2025,-15.2,,-20.6,,71,,-25.9,,MB,15,,31,,WINNIPEG A CS,27174,1.5,,,,,,"{""type"": ""Point"", ""coordinates"": [-97.24944444444445, 49.916666666666664]}"
502S001.2025.12.30,2025-12-30 00:00:00,502S001,0,,33,,29.6,,30,12,2025,-8,,-11.6,,79,,-15.2,,MB,18,,36,,WINNIPEG A CS,27174,1,,,,,,"{""type"": ""Point"", ""coordinates"": [-97.24944444444445, 49.916666666666664]}"
502S001.2025.12.31,2025-12-31 00:00:00,502S001,0,,1,,36,,31,12,2025,-13.9,,-18,,65,,-22,,MB,18,,42,,WINNIPEG A CS,27174,1.2,,,,,,"{""type"": ""Point"", ""coordinates"": [-97.24944444444445, 49.916666666666664]}"
